mass_label,M,inj_id,d_omega,d_tau,fti_case,fti_value,parameter,Delta_theta_over_sigma,Delta_theta,sigma,is_active_fti_parameter
M1e6,1000000.0,0,0.1,0.1,fti_dchiMinus2v,0.0,Mchirp,-14.515576708757493,-215.18915147342068,14.824705610462823,False
M1e6,1000000.0,0,0.1,0.1,fti_dchiMinus2v,0.0,q,-142.1002208990975,-0.6896415896711935,0.004853205612965894,False
M1e6,1000000.0,0,0.1,0.1,fti_dchiMinus2v,0.0,chiPN,-86.87575266825445,-0.03131937482080545,0.0003605076659353072,False
M1e6,1000000.0,0,0.1,0.1,fti_dchiMinus2v,0.0,chim,-48.57007979219314,-0.13143425354319427,0.00270607448259371,False
M1e6,1000000.0,0,0.1,0.1,fti_dchiMinus2v,0.0,Deltat,92.15324807206629,8.28638892068485,0.08991966201999384,False
M1e6,1000000.0,0,0.1,0.1,fti_dchiMinus2v,0.0,dist,-46.18653982059539,-1278.841068596045,27.688609572475208,False
M1e6,1000000.0,0,0.1,0.1,fti_dchiMinus2v,0.0,inc,51.61076443727451,0.14669386518033614,0.0028423114204910007,False
M1e6,1000000.0,0,0.1,0.1,fti_dchiMinus2v,0.0,phi,-144.22721361973612,-2.1738972898799798,0.015072726119576801,False
M1e6,1000000.0,0,0.1,0.1,fti_dchiMinus2v,0.0,lambda,-48.677353759479765,-0.1645393366407909,0.003380202988309474,False
M1e6,1000000.0,0,0.1,0.1,fti_dchiMinus2v,0.0,beta,-7.44435774672695,-0.012716921707917356,0.001708263108863701,False
M1e6,1000000.0,0,0.1,0.1,fti_dchiMinus2v,0.0,psi,-48.98104685709382,-0.19319851691939313,0.0039443525468752325,False
M1e6,1000000.0,0,0.1,0.1,fti_dchiMinus2v,0.0,fti_dchiMinus2v,3.9306969384904455,4.332556439519975e-06,1.102236195595344e-06,True
M1e6,1000000.0,0,0.1,0.1,fti_dchi0v,0.0,Mchirp,-13.222032307303872,-1187.7448163794033,89.83073016114862,False
M1e6,1000000.0,0,0.1,0.1,fti_dchi0v,0.0,q,-148.60128046275398,-0.6948425325155936,0.004675885230273986,False
M1e6,1000000.0,0,0.1,0.1,fti_dchi0v,0.0,chiPN,-101.1467998550963,-0.03057660823255859,0.00030229931422806134,False
M1e6,1000000.0,0,0.1,0.1,fti_dchi0v,0.0,chim,-58.132049333893754,-0.1528343240268839,0.0026290888722853645,False
M1e6,1000000.0,0,0.1,0.1,fti_dchi0v,0.0,Deltat,90.64729724374511,8.63618454428597,0.09527238877364197,False
M1e6,1000000.0,0,0.1,0.1,fti_dchi0v,0.0,dist,-47.896234352898595,-1326.111461932158,27.687175826003198,False
M1e6,1000000.0,0,0.1,0.1,fti_dchi0v,0.0,inc,50.280381598132955,0.14356461401842513,0.002855280915842454,False
M1e6,1000000.0,0,0.1,0.1,fti_dchi0v,0.0,phi,-142.2225791506217,-2.247620888821328,0.015803544713114584,False
M1e6,1000000.0,0,0.1,0.1,fti_dchi0v,0.0,lambda,-47.158793989162135,-0.1602689323546337,0.0033984951436940077,False
M1e6,1000000.0,0,0.1,0.1,fti_dchi0v,0.0,beta,-11.20286605086533,-0.01907312535209621,0.0017025219497847131,False
M1e6,1000000.0,0,0.1,0.1,fti_dchi0v,0.0,psi,-50.31827050862647,-0.19703297375549164,0.003915734220668667,False
M1e6,1000000.0,0,0.1,0.1,fti_dchi0v,0.0,fti_dchi0v,11.462359385927911,0.005251057133489168,0.0004581131123785716,True
M1e6,1000000.0,0,0.1,0.1,fti_dchi1v,0.0,Mchirp,-13.578618517414021,-211.43539657049405,15.571200877271632,False
M1e6,1000000.0,0,0.1,0.1,fti_dchi1v,0.0,q,-141.29239089721514,-0.7004831049611294,0.0049576845611644035,False
M1e6,1000000.0,0,0.1,0.1,fti_dchi1v,0.0,chiPN,-82.47920099409549,-0.02985460565508123,0.0003619652626996042,False
M1e6,1000000.0,0,0.1,0.1,fti_dchi1v,0.0,chim,-48.97423533337237,-0.14387544214491543,0.0029377782249287066,False
M1e6,1000000.0,0,0.1,0.1,fti_dchi1v,0.0,Deltat,90.23723954454535,8.350159854322388,0.09253563048324807,False
M1e6,1000000.0,0,0.1,0.1,fti_dchi1v,0.0,dist,-46.81978068302265,-1307.5462670902134,27.9272189663277,False
M1e6,1000000.0,0,0.1,0.1,fti_dchi1v,0.0,inc,51.62639413390181,0.1467409052712074,0.002842362084994934,False
M1e6,1000000.0,0,0.1,0.1,fti_dchi1v,0.0,phi,-139.91473607050435,-2.2032261648995677,0.015746920065584383,False
M1e6,1000000.0,0,0.1,0.1,fti_dchi1v,0.0,lambda,-48.58102154629291,-0.16420734726149558,0.003380071930044168,False
M1e6,1000000.0,0,0.1,0.1,fti_dchi1v,0.0,beta,-9.368060621649494,-0.01632027517557308,0.0017421188690706258,False
M1e6,1000000.0,0,0.1,0.1,fti_dchi1v,0.0,psi,-49.75823062983643,-0.1974959656734115,0.0039691115052428606,False
M1e6,1000000.0,0,0.1,0.1,fti_dchi1v,0.0,fti_dchi1v,3.478842276225904,0.002376495866415057,0.000683128373670694,True
M1e6,1000000.0,0,0.1,0.1,fti_dchi2v,0.0,Mchirp,-25.940375151154406,-182.3951162448484,7.031321450905517,False
M1e6,1000000.0,0,0.1,0.1,fti_dchi2v,0.0,q,-138.26743243043583,-0.702802101435499,0.005082918580910859,False
M1e6,1000000.0,0,0.1,0.1,fti_dchi2v,0.0,chiPN,-78.7812826332628,-0.02964223137109641,0.00037625982188034285,False
M1e6,1000000.0,0,0.1,0.1,fti_dchi2v,0.0,chim,-49.35975765645758,-0.14492076096752604,0.0029360103827123737,False
M1e6,1000000.0,0,0.1,0.1,fti_dchi2v,0.0,Deltat,88.87376387288589,8.39021911907404,0.09440602888243124,False
M1e6,1000000.0,0,0.1,0.1,fti_dchi2v,0.0,dist,-46.84314181473195,-1312.1032768242426,28.010573714583597,False
M1e6,1000000.0,0,0.1,0.1,fti_dchi2v,0.0,inc,51.72538543621567,0.14713414491809584,0.002844524862932766,False
M1e6,1000000.0,0,0.1,0.1,fti_dchi2v,0.0,phi,-139.40909011648776,-2.2072147085315077,0.015832645537584372,False
M1e6,1000000.0,0,0.1,0.1,fti_dchi2v,0.0,lambda,-48.69736790316638,-0.16462367082133786,0.003380545559437387,False
M1e6,1000000.0,0,0.1,0.1,fti_dchi2v,0.0,beta,-9.542589516917188,-0.016612547457634186,0.0017408846339018683,False
M1e6,1000000.0,0,0.1,0.1,fti_dchi2v,0.0,psi,-49.71822439079025,-0.19830337238881812,0.00398854494139078,False
M1e6,1000000.0,0,0.1,0.1,fti_dchi2v,0.0,fti_dchi2v,4.0395306601968946,0.0018566562434425005,0.0004596217728304118,True
M1e6,1000000.0,0,0.1,0.1,fti_dchi3v,0.0,Mchirp,-37.597999014632414,-170.0217503118999,4.522095717001608,False
M1e6,1000000.0,0,0.1,0.1,fti_dchi3v,0.0,q,-136.6596135325861,-0.7064253922480159,0.0051692330600625535,False
M1e6,1000000.0,0,0.1,0.1,fti_dchi3v,0.0,chiPN,-77.13710509366986,-0.02932593719462208,0.0003801793852518931,False
M1e6,1000000.0,0,0.1,0.1,fti_dchi3v,0.0,chim,-51.07632189619293,-0.14676059080392012,0.002873358639688172,False
M1e6,1000000.0,0,0.1,0.1,fti_dchi3v,0.0,Deltat,86.83668011205808,8.475043776318412,0.09759751023855152,False
M1e6,1000000.0,0,0.1,0.1,fti_dchi3v,0.0,dist,-47.04150465394659,-1320.153980438196,28.063600221755248,False
M1e6,1000000.0,0,0.1,0.1,fti_dchi3v,0.0,inc,51.849386904072176,0.14772827561143428,0.0028491807605121734,False
M1e6,1000000.0,0,0.1,0.1,fti_dchi3v,0.0,phi,-139.33913611854982,-2.215189207683897,0.01589782504320403,False
M1e6,1000000.0,0,0.1,0.1,fti_dchi3v,0.0,lambda,-48.82932937195535,-0.16524281710787314,0.0033840894239841584,False
M1e6,1000000.0,0,0.1,0.1,fti_dchi3v,0.0,beta,-9.893398608394893,-0.01712353809104722,0.0017308044251363025,False
M1e6,1000000.0,0,0.1,0.1,fti_dchi3v,0.0,psi,-49.88936146597979,-0.19960419462372814,0.0040009370486700025,False
M1e6,1000000.0,0,0.1,0.1,fti_dchi3v,0.0,fti_dchi3v,-5.297111338676521,-0.002295563428613298,0.0004333613703477192,True
M1e6,1000000.0,0,0.1,0.1,fti_dchi4v,0.0,Mchirp,-39.62628062039945,-159.53173951828,4.025907479092391,False
M1e6,1000000.0,0,0.1,0.1,fti_dchi4v,0.0,q,-136.22609920806474,-0.7096753647944021,0.005209540381175272,False
M1e6,1000000.0,0,0.1,0.1,fti_dchi4v,0.0,chiPN,-77.28224058455702,-0.029089857407957664,0.0003764106370095404,False
M1e6,1000000.0,0,0.1,0.1,fti_dchi4v,0.0,chim,-53.580531464596994,-0.1476143758783942,0.002755000218240267,False
M1e6,1000000.0,0,0.1,0.1,fti_dchi4v,0.0,Deltat,84.54890351947931,8.579622382177478,0.10147526490631319,False
M1e6,1000000.0,0,0.1,0.1,fti_dchi4v,0.0,dist,-47.2754596534447,-1326.89755067281,28.067364345047174,False
M1e6,1000000.0,0,0.1,0.1,fti_dchi4v,0.0,inc,51.99270023954124,0.1484755452386153,0.002855699830063786,False
M1e6,1000000.0,0,0.1,0.1,fti_dchi4v,0.0,phi,-139.93078995020466,-2.221728996170358,0.01587734191281973,False
M1e6,1000000.0,0,0.1,0.1,fti_dchi4v,0.0,lambda,-48.98406683731138,-0.1660660405447495,0.00339020524972533,False
M1e6,1000000.0,0,0.1,0.1,fti_dchi4v,0.0,beta,-10.11513895134735,-0.01732912622148533,0.0017131871647870017,False
M1e6,1000000.0,0,0.1,0.1,fti_dchi4v,0.0,psi,-50.12285693254666,-0.20072203606376807,0.004004600861716477,False
M1e6,1000000.0,0,0.1,0.1,fti_dchi4v,0.0,fti_dchi4v,6.497721421240948,0.026176835284011823,0.004028617662560935,True
M1e6,1000000.0,0,0.1,0.1,fti_dchi5lv,0.0,Mchirp,-36.27500613308053,-151.17931929894246,4.167589076189746,False
M1e6,1000000.0,0,0.1,0.1,fti_dchi5lv,0.0,q,-136.79685601650255,-0.7114769165120073,0.0052009741833992,False
M1e6,1000000.0,0,0.1,0.1,fti_dchi5lv,0.0,chiPN,-79.01176350515915,-0.029015756125123915,0.00036723336928468,False
M1e6,1000000.0,0,0.1,0.1,fti_dchi5lv,0.0,chim,-56.31173580586662,-0.14698996004932408,0.002610289985662465,False
M1e6,1000000.0,0,0.1,0.1,fti_dchi5lv,0.0,Deltat,82.47307148862016,8.67482143764017,0.10518368336551094,False
M1e6,1000000.0,0,0.1,0.1,fti_dchi5lv,0.0,dist,-47.45737757349725,-1329.8816919911942,28.022654432002827,False
M1e6,1000000.0,0,0.1,0.1,fti_dchi5lv,0.0,inc,52.11357266328368,0.14918461940462402,0.0028626826329589024,False
M1e6,1000000.0,0,0.1,0.1,fti_dchi5lv,0.0,phi,-141.05743984142717,-2.224272453174858,0.015768558224758106,False
M1e6,1000000.0,0,0.1,0.1,fti_dchi5lv,0.0,lambda,-49.12061281877224,-0.16689075555778954,0.0033975707138166962,False
M1e6,1000000.0,0,0.1,0.1,fti_dchi5lv,0.0,beta,-10.095720250254592,-0.017093032916460027,0.001693096925504545,False
M1e6,1000000.0,0,0.1,0.1,fti_dchi5lv,0.0,psi,-50.32287280126193,-0.20127072567452872,0.003999587354032807,False
M1e6,1000000.0,0,0.1,0.1,fti_dchi5lv,0.0,fti_dchi5lv,-7.3444235854432804,-0.05362193528809667,0.007301040669056162,True
M1e6,1000000.0,0,0.1,0.1,fti_dchi6v,0.0,Mchirp,-33.32577758772969,-145.79519900255798,4.374847627148503,False
M1e6,1000000.0,0,0.1,0.1,fti_dchi6v,0.0,q,-137.99514778714845,-0.7116512412898275,0.005157074380524733,False
M1e6,1000000.0,0,0.1,0.1,fti_dchi6v,0.0,chiPN,-81.73816412145707,-0.029088217532366414,0.00035587069816179627,False
M1e6,1000000.0,0,0.1,0.1,fti_dchi6v,0.0,chim,-58.68342519072011,-0.14527485197619305,0.0024755687232647433,False
M1e6,1000000.0,0,0.1,0.1,fti_dchi6v,0.0,Deltat,80.84578538835586,8.740316378014336,0.10811097122786063,False
M1e6,1000000.0,0,0.1,0.1,fti_dchi6v,0.0,dist,-47.55060847007852,-1329.013488096872,27.949452822105542,False
M1e6,1000000.0,0,0.1,0.1,fti_dchi6v,0.0,inc,52.182944681829426,0.1496995522826807,0.0028687448206579924,False
M1e6,1000000.0,0,0.1,0.1,fti_dchi6v,0.0,phi,-142.40217673120836,-2.2227861493567183,0.015609214693061504,False
M1e6,1000000.0,0,0.1,0.1,fti_dchi6v,0.0,lambda,-49.206601631201835,-0.1675277272165317,0.0034045782814292667,False
M1e6,1000000.0,0,0.1,0.1,fti_dchi6v,0.0,beta,-9.87071090554391,-0.016541434332806568,0.001675809826779146,False
M1e6,1000000.0,0,0.1,0.1,fti_dchi6v,0.0,psi,-50.44243256312795,-0.2012171605213492,0.003989045537594344,False
M1e6,1000000.0,0,0.1,0.1,fti_dchi6v,0.0,fti_dchi6v,-7.769379140252194,-0.048650872661930356,0.006261873926305925,True
M1e6,1000000.0,0,0.1,0.1,fti_dchi6lv,0.0,Mchirp,-37.26689180327692,-153.2383339233519,4.111916140800276,False
M1e6,1000000.0,0,0.1,0.1,fti_dchi6lv,0.0,q,-136.40536037893327,-0.7108409819444268,0.005211239352835657,False
M1e6,1000000.0,0,0.1,0.1,fti_dchi6lv,0.0,chiPN,-78.0098097166403,-0.02902948543776554,0.00037212608956759506,False
M1e6,1000000.0,0,0.1,0.1,fti_dchi6lv,0.0,chim,-54.70453170037485,-0.14772077944535822,0.0027003389820508417,False
M1e6,1000000.0,0,0.1,0.1,fti_dchi6lv,0.0,Deltat,84.0146079188314,8.61953947035625,0.10259572333758674,False
M1e6,1000000.0,0,0.1,0.1,fti_dchi6lv,0.0,dist,-47.37892233745221,-1329.1477134523377,28.053565760436676,False
M1e6,1000000.0,0,0.1,0.1,fti_dchi6lv,0.0,inc,52.055781945142186,0.14878677844260618,0.002858218105327892,False
M1e6,1000000.0,0,0.1,0.1,fti_dchi6lv,0.0,phi,-140.33320201133273,-2.2239746625125973,0.01584781527562521,False
M1e6,1000000.0,0,0.1,0.1,fti_dchi6lv,0.0,lambda,-49.05004675057937,-0.1664174519005399,0.003392809241279147,False
M1e6,1000000.0,0,0.1,0.1,fti_dchi6lv,0.0,beta,-10.169340995504118,-0.01734570785709315,0.0017056865203715474,False
M1e6,1000000.0,0,0.1,0.1,fti_dchi6lv,0.0,psi,-50.233638668634335,-0.20110788465776852,0.004003450476370516,False
M1e6,1000000.0,0,0.1,0.1,fti_dchi6lv,0.0,fti_dchi6lv,-6.993483512399687,-0.0704661697154374,0.010075975669421177,True
M1e6,1000000.0,0,0.1,0.1,fti_dchi7v,0.0,Mchirp,-31.72825298886367,-143.13137716449978,4.5111647721271515,False
M1e6,1000000.0,0,0.1,0.1,fti_dchi7v,0.0,q,-139.42832590380172,-0.7106662261981473,0.0050970003519117775,False
M1e6,1000000.0,0,0.1,0.1,fti_dchi7v,0.0,chiPN,-84.77895174181661,-0.029243779495958702,0.0003449415084184677,False
M1e6,1000000.0,0,0.1,0.1,fti_dchi7v,0.0,chim,-60.3209317585815,-0.14314419521316235,0.002373043503141811,False
M1e6,1000000.0,0,0.1,0.1,fti_dchi7v,0.0,Deltat,79.66966948292404,8.772535726159994,0.11011136086161687,False
M1e6,1000000.0,0,0.1,0.1,fti_dchi7v,0.0,dist,-47.565556851086946,-1325.6537257270359,27.870034821146906,False
M1e6,1000000.0,0,0.1,0.1,fti_dchi7v,0.0,inc,52.19865378427299,0.14998024546362074,0.00287325887911708,False
M1e6,1000000.0,0,0.1,0.1,fti_dchi7v,0.0,phi,-143.6839447003467,-2.218744340905349,0.015441838999705549,False
M1e6,1000000.0,0,0.1,0.1,fti_dchi7v,0.0,lambda,-49.236810807407366,-0.16791083936756623,0.0034102704178863084,False
M1e6,1000000.0,0,0.1,0.1,fti_dchi7v,0.0,beta,-9.545049785940801,-0.01588096590108167,0.0016637907876052398,False
M1e6,1000000.0,0,0.1,0.1,fti_dchi7v,0.0,psi,-50.483658732122656,-0.2007598888976977,0.00397673017248955,False
M1e6,1000000.0,0,0.1,0.1,fti_dchi7v,0.0,fti_dchi7v,7.845015021551781,0.02114055020176131,0.002694774980504704,True
M1e6,1000000.0,0,0.1,0.1,fti_dkappa_S,0.0,Mchirp,-37.19061946029315,-152.96514614870557,4.113003450023735,False
M1e6,1000000.0,0,0.1,0.1,fti_dkappa_S,0.0,q,-136.7554237693416,-0.7113215490361691,0.005201413804515123,False
M1e6,1000000.0,0,0.1,0.1,fti_dkappa_S,0.0,chiPN,-78.86063953271072,-0.029020833581586053,0.00036800149927199686,False
M1e6,1000000.0,0,0.1,0.1,fti_dkappa_S,0.0,chim,-56.188057536189746,-0.1469745837433316,0.002615761964162364,False
M1e6,1000000.0,0,0.1,0.1,fti_dkappa_S,0.0,Deltat,82.43128250553552,8.671016385806805,0.10519084651175382,False
M1e6,1000000.0,0,0.1,0.1,fti_dkappa_S,0.0,dist,-47.443092336235146,-1329.5951276858052,28.025051956200446,False
M1e6,1000000.0,0,0.1,0.1,fti_dkappa_S,0.0,inc,52.10434683828409,0.14914646441007218,0.002862457231696562,False
M1e6,1000000.0,0,0.1,0.1,fti_dkappa_S,0.0,phi,-141.00386707703726,-2.223969351598554,0.01577239970577184,False
M1e6,1000000.0,0,0.1,0.1,fti_dkappa_S,0.0,lambda,-49.1116159311841,-0.16684747495431293,0.0033973118536376815,False
M1e6,1000000.0,0,0.1,0.1,fti_dkappa_S,0.0,beta,-10.0890827468797,-0.017088187308007374,0.0016937305141334399,False
M1e6,1000000.0,0,0.1,0.1,fti_dkappa_S,0.0,psi,-50.30715747325325,-0.20121941596708032,0.003999816846619935,False
M1e6,1000000.0,0,0.1,0.1,fti_dkappa_S,0.0,fti_dkappa_S,-7.272994624563116,-0.04763040648962891,0.006548940147537925,True
M1e6,1000000.0,0,0.1,0.1,fti_dxi0v,0.0,Mchirp,-13.490812079450079,-1228.1912817294851,91.03909197581451,False
M1e6,1000000.0,0,0.1,0.1,fti_dxi0v,0.0,q,-148.61886263255616,-0.6949305502298752,0.00467592429332483,False
M1e6,1000000.0,0,0.1,0.1,fti_dxi0v,0.0,chiPN,-101.15996922733339,-0.030580912282288666,0.0003023025067708869,False
M1e6,1000000.0,0,0.1,0.1,fti_dxi0v,0.0,chim,-58.14351246945718,-0.15346160352250682,0.002639359010226984,False
M1e6,1000000.0,0,0.1,0.1,fti_dxi0v,0.0,Deltat,90.65236111132373,8.651347008686868,0.09543432628371105,False
M1e6,1000000.0,0,0.1,0.1,fti_dxi0v,0.0,dist,-47.96921842326588,-1328.9397915654733,27.704011765197226,False
M1e6,1000000.0,0,0.1,0.1,fti_dxi0v,0.0,inc,50.254675013026414,0.14349195975606766,0.002855295745497775,False
M1e6,1000000.0,0,0.1,0.1,fti_dxi0v,0.0,phi,-142.08664163421759,-2.250444373435636,0.015838535892973626,False
M1e6,1000000.0,0,0.1,0.1,fti_dxi0v,0.0,lambda,-47.125593748534456,-0.1601614458334074,0.003398608549911124,False
M1e6,1000000.0,0,0.1,0.1,fti_dxi0v,0.0,beta,-11.354991728766905,-0.01937009581649478,0.0017058661317579202,False
M1e6,1000000.0,0,0.1,0.1,fti_dxi0v,0.0,psi,-50.36896519003123,-0.19726080984523534,0.00391631650761561,False
M1e6,1000000.0,0,0.1,0.1,fti_dxi0v,0.0,fti_dxi0v,-31.171967758140383,-0.0006892326021111748,2.2110654273058705e-05,True
M1e6,1000000.0,1,0.01,0.01,fti_dchiMinus2v,0.0,Mchirp,-2.665802204183612,-39.568368633076744,14.84294992741007,False
M1e6,1000000.0,1,0.01,0.01,fti_dchiMinus2v,0.0,q,-14.208147209168457,-0.06890042666578158,0.004849360416347631,False
M1e6,1000000.0,1,0.01,0.01,fti_dchiMinus2v,0.0,chiPN,-10.71281918094576,-0.0038675680191886403,0.00036102243059116023,False
M1e6,1000000.0,1,0.01,0.01,fti_dchiMinus2v,0.0,chim,-2.6621717387546258,-0.007203873295648006,0.0027060137371220107,False
M1e6,1000000.0,1,0.01,0.01,fti_dchiMinus2v,0.0,Deltat,11.095996987429626,0.9992124485220412,0.09005161497916984,False
M1e6,1000000.0,1,0.01,0.01,fti_dchiMinus2v,0.0,dist,-4.236712878678555,-119.02419473662245,28.09352395240588,False
M1e6,1000000.0,1,0.01,0.01,fti_dchiMinus2v,0.0,inc,4.840846431301946,0.013756666056397518,0.0028417893960535454,False
M1e6,1000000.0,1,0.01,0.01,fti_dchiMinus2v,0.0,phi,-14.562219979595662,-0.21935819111293098,0.015063513078383103,False
M1e6,1000000.0,1,0.01,0.01,fti_dchiMinus2v,0.0,lambda,-4.5024008160178335,-0.015198822011885337,0.0033757150091599346,False
M1e6,1000000.0,1,0.01,0.01,fti_dchiMinus2v,0.0,beta,-0.49276204004523916,-0.0008432397255137888,0.0017112513890809714,False
M1e6,1000000.0,1,0.01,0.01,fti_dchiMinus2v,0.0,psi,-4.37207269394086,-0.017162493085744357,0.003925482096747706,False
M1e6,1000000.0,1,0.01,0.01,fti_dchiMinus2v,0.0,fti_dchiMinus2v,1.225368327656515,1.351894950906112e-06,1.103255992825909e-06,True
M1e6,1000000.0,1,0.01,0.01,fti_dchi0v,0.0,Mchirp,-0.644565769653239,-58.00907003195698,89.99713103468785,False
M1e6,1000000.0,1,0.01,0.01,fti_dchi0v,0.0,q,-15.091806172451918,-0.07049996481657714,0.004671406723024673,False
M1e6,1000000.0,1,0.01,0.01,fti_dchi0v,0.0,chiPN,-11.98636377845573,-0.0036273016404929476,0.0003026190183725821,False
M1e6,1000000.0,1,0.01,0.01,fti_dchi0v,0.0,chim,-3.6457429869274116,-0.009585363686136661,0.002629193478670061,False
M1e6,1000000.0,1,0.01,0.01,fti_dchi0v,0.0,Deltat,10.557613283667942,1.0079018253519987,0.09546682552875548,False
M1e6,1000000.0,1,0.01,0.01,fti_dchi0v,0.0,dist,-4.416957782175831,-124.06977425688706,28.089418186779508,False
M1e6,1000000.0,1,0.01,0.01,fti_dchi0v,0.0,inc,4.781217091486268,0.013647874079529304,0.0028544769706925787,False
M1e6,1000000.0,1,0.01,0.01,fti_dchi0v,0.0,phi,-14.234925534653453,-0.22493900344798448,0.015801909388313537,False
M1e6,1000000.0,1,0.01,0.01,fti_dchi0v,0.0,lambda,-4.4137672681135625,-0.014983051568579642,0.003394617490782058,False
M1e6,1000000.0,1,0.01,0.01,fti_dchi0v,0.0,beta,-0.9006964280612403,-0.0015352345063266437,0.0017044971629689419,False
M1e6,1000000.0,1,0.01,0.01,fti_dchi0v,0.0,psi,-4.575912703409401,-0.017833895657341857,0.003897341757427815,False
M1e6,1000000.0,1,0.01,0.01,fti_dchi0v,0.0,fti_dchi0v,0.39981702686193205,0.00018350923707908737,0.0004589830466186179,True
M1e6,1000000.0,1,0.01,0.01,fti_dchi1v,0.0,Mchirp,-1.0601509501926807,-16.537223557894606,15.598932920721332,False
M1e6,1000000.0,1,0.01,0.01,fti_dchi1v,0.0,q,-14.101475856897594,-0.06988842339097484,0.004956107013209516,False
M1e6,1000000.0,1,0.01,0.01,fti_dchi1v,0.0,chiPN,-10.203036550871252,-0.003699548137456359,0.00036259285351089424,False
M1e6,1000000.0,1,0.01,0.01,fti_dchi1v,0.0,chim,-2.8393116176258193,-0.008349299074955407,0.0029406068087506855,False
M1e6,1000000.0,1,0.01,0.01,fti_dchi1v,0.0,Deltat,10.646614257310912,0.9869956767081955,0.0927051222909139,False
M1e6,1000000.0,1,0.01,0.01,fti_dchi1v,0.0,dist,-4.272327355957869,-121.06481027056813,28.336969568059942,False
M1e6,1000000.0,1,0.01,0.01,fti_dchi1v,0.0,inc,4.837405749755708,0.013747298739335919,0.0028418742298038915,False
M1e6,1000000.0,1,0.01,0.01,fti_dchi1v,0.0,phi,-14.020473386468852,-0.22077299278654067,0.01574647208414578,False
M1e6,1000000.0,1,0.01,0.01,fti_dchi1v,0.0,lambda,-4.4868560180442225,-0.015145679136268062,0.003375566114749079,False
M1e6,1000000.0,1,0.01,0.01,fti_dchi1v,0.0,beta,-0.6702580253139064,-0.0011701926977047486,0.0017458839036753114,False
M1e6,1000000.0,1,0.01,0.01,fti_dchi1v,0.0,psi,-4.436549925073318,-0.017526160285308026,0.003950403034181655,False
M1e6,1000000.0,1,0.01,0.01,fti_dchi1v,0.0,fti_dchi1v,-0.3666575030153027,-0.00025104471688687513,0.0006846845211739677,True
M1e6,1000000.0,1,0.01,0.01,fti_dchi2v,0.0,Mchirp,-3.062323446661563,-21.557020814781424,7.039433028631293,False
M1e6,1000000.0,1,0.01,0.01,fti_dchi2v,0.0,q,-13.83419808595035,-0.07031993772821903,0.005083051239495704,False
M1e6,1000000.0,1,0.01,0.01,fti_dchi2v,0.0,chiPN,-9.672374174947153,-0.0036459954694379095,0.00037694938217770405,False
M1e6,1000000.0,1,0.01,0.01,fti_dchi2v,0.0,chim,-3.020020916741758,-0.008877213632445452,0.002939454353853584,False
M1e6,1000000.0,1,0.01,0.01,fti_dchi2v,0.0,Deltat,10.493113977083322,0.9926066264703521,0.09459600159096511,False
M1e6,1000000.0,1,0.01,0.01,fti_dchi2v,0.0,dist,-4.305138638759444,-122.37275326920145,28.4248112633288,False
M1e6,1000000.0,1,0.01,0.01,fti_dchi2v,0.0,inc,4.8325860233634055,0.01374502357941218,0.002844237746200709,False
M1e6,1000000.0,1,0.01,0.01,fti_dchi2v,0.0,phi,-14.034961585462836,-0.22224397939672152,0.015835025841960115,False
M1e6,1000000.0,1,0.01,0.01,fti_dchi2v,0.0,lambda,-4.479729366041855,-0.015122565859930258,0.0033757766651185163,False
M1e6,1000000.0,1,0.01,0.01,fti_dchi2v,0.0,beta,-0.7591642454124453,-0.0013249453136412424,0.0017452683284911747,False
M1e6,1000000.0,1,0.01,0.01,fti_dchi2v,0.0,psi,-4.458905174348876,-0.017702198424414776,0.003970077346845526,False
M1e6,1000000.0,1,0.01,0.01,fti_dchi2v,0.0,fti_dchi2v,-0.08759633895564437,-4.036281509273154e-05,0.0004607819867125933,True
M1e6,1000000.0,1,0.01,0.01,fti_dchi3v,0.0,Mchirp,-5.026853049664324,-22.741192811717035,4.523942233249809,False
M1e6,1000000.0,1,0.01,0.01,fti_dchi3v,0.0,q,-13.774127444452624,-0.07122582903938637,0.005170986643373318,False
M1e6,1000000.0,1,0.01,0.01,fti_dchi3v,0.0,chiPN,-9.32120994964168,-0.0035501337589460315,0.0003808661942093154,False
M1e6,1000000.0,1,0.01,0.01,fti_dchi3v,0.0,chim,-3.3481924485600536,-0.009632463310411031,0.002876914472032106,False
M1e6,1000000.0,1,0.01,0.01,fti_dchi3v,0.0,Deltat,10.302520014744854,1.0077901065460981,0.09781976692146775,False
M1e6,1000000.0,1,0.01,0.01,fti_dchi3v,0.0,dist,-4.377943960418059,-124.69386636338447,28.48228928711029,False
M1e6,1000000.0,1,0.01,0.01,fti_dchi3v,0.0,inc,4.851542401045872,0.013822748335230471,0.0028491451156338714,False
M1e6,1000000.0,1,0.01,0.01,fti_dchi3v,0.0,phi,-14.125766231295206,-0.2246441403161406,0.015903147244391482,False
M1e6,1000000.0,1,0.01,0.01,fti_dchi3v,0.0,lambda,-4.492757952154355,-0.015181892083074152,0.0033791920786193645,False
M1e6,1000000.0,1,0.01,0.01,fti_dchi3v,0.0,beta,-0.8900471149314345,-0.0015447402352238779,0.0017355713077536106,False
M1e6,1000000.0,1,0.01,0.01,fti_dchi3v,0.0,psi,-4.530747746830859,-0.018045429344029355,0.0039828810501868405,False
M1e6,1000000.0,1,0.01,0.01,fti_dchi3v,0.0,fti_dchi3v,-0.32936566705504766,-0.00014311806891683342,0.000434526373670009,True
M1e6,1000000.0,1,0.01,0.01,fti_dchi4v,0.0,Mchirp,-5.4887226771042945,-22.109757078177452,4.02821537521039,False
M1e6,1000000.0,1,0.01,0.01,fti_dchi4v,0.0,q,-13.873149950849404,-0.07231265187359509,0.0052124176650428,False
M1e6,1000000.0,1,0.01,0.01,fti_dchi4v,0.0,chiPN,-9.14934105692209,-0.003449575081013255,0.0003770298931422411,False
M1e6,1000000.0,1,0.01,0.01,fti_dchi4v,0.0,chim,-3.732475693099009,-0.010294115342843954,0.002757985902460608,False
M1e6,1000000.0,1,0.01,0.01,fti_dchi4v,0.0,Deltat,10.148794984178206,1.0324417158419954,0.10173047316962792,False
M1e6,1000000.0,1,0.01,0.01,fti_dchi4v,0.0,dist,-4.468034832367324,-127.2919981163005,28.489482041225866,False
M1e6,1000000.0,1,0.01,0.01,fti_dchi4v,0.0,inc,4.894536837704814,0.013978517037608374,0.002855942758449703,False
M1e6,1000000.0,1,0.01,0.01,fti_dchi4v,0.0,phi,-14.306472033121667,-0.22724920678138064,0.015884363821860766,False
M1e6,1000000.0,1,0.01,0.01,fti_dchi4v,0.0,lambda,-4.529401355572623,-0.01533362127379575,0.0033853527365002565,False
M1e6,1000000.0,1,0.01,0.01,fti_dchi4v,0.0,beta,-1.009122722905943,-0.0017336937514941305,0.00171802072447805,False
M1e6,1000000.0,1,0.01,0.01,fti_dchi4v,0.0,psi,-4.625652636870419,-0.01844252044661248,0.003987009378873323,False
M1e6,1000000.0,1,0.01,0.01,fti_dchi4v,0.0,fti_dchi4v,0.785828665804252,0.003174233194797635,0.004039345130721317,True
M1e6,1000000.0,1,0.01,0.01,fti_dchi5lv,0.0,Mchirp,-4.973413841949532,-20.748562816998444,4.171895498015745,False
M1e6,1000000.0,1,0.01,0.01,fti_dchi5lv,0.0,q,-14.078629643493818,-0.0732686054718785,0.005204242694582015,False
M1e6,1000000.0,1,0.01,0.01,fti_dchi5lv,0.0,chiPN,-9.17401715593236,-0.0033736977821984798,0.00036774487390367315,False
M1e6,1000000.0,1,0.01,0.01,fti_dchi5lv,0.0,chim,-4.074449117258934,-0.010643348265015444,0.0026122177400452373,False
M1e6,1000000.0,1,0.01,0.01,fti_dchi5lv,0.0,Deltat,10.066593865267395,1.0616352395822326,0.10546121695096645,False
M1e6,1000000.0,1,0.01,0.01,fti_dchi5lv,0.0,dist,-4.549680706075293,-129.42202642707764,28.44639762396017,False
M1e6,1000000.0,1,0.01,0.01,fti_dchi5lv,0.0,inc,4.951701337134899,0.01417755979987962,0.00286316941079546,False
M1e6,1000000.0,1,0.01,0.01,fti_dchi5lv,0.0,phi,-14.535584766124217,-0.2293069793039786,0.01577555929076813,False
M1e6,1000000.0,1,0.01,0.01,fti_dchi5lv,0.0,lambda,-4.582023837044408,-0.015546489665208437,0.0033929307699185948,False
M1e6,1000000.0,1,0.01,0.01,fti_dchi5lv,0.0,beta,-1.0761880158799526,-0.0018270286719878175,0.0016976853904974354,False
M1e6,1000000.0,1,0.01,0.01,fti_dchi5lv,0.0,psi,-4.715329793328442,-0.018778268065632472,0.003982386999145044,False
M1e6,1000000.0,1,0.01,0.01,fti_dchi5lv,0.0,fti_dchi5lv,-1.2088888178462893,-0.008847781167706459,0.007318937057809279,True
M1e6,1000000.0,1,0.01,0.01,fti_dchi6v,0.0,Mchirp,-4.425907365611777,-19.386176648220626,4.380158698947588,False
M1e6,1000000.0,1,0.01,0.01,fti_dchi6v,0.0,q,-14.322116135288734,-0.07390403894932775,0.005160134036843421,False
M1e6,1000000.0,1,0.01,0.01,fti_dchi6v,0.0,chiPN,-9.35770377026737,-0.0033339092024769956,0.0003562742831280861,False
M1e6,1000000.0,1,0.01,0.01,fti_dchi6v,0.0,chim,-4.298657297124763,-0.010644912375323966,0.002476334268945797,False
M1e6,1000000.0,1,0.01,0.01,fti_dchi6v,0.0,Deltat,10.047586552406191,1.0891229731801224,0.10839647586009596,False
M1e6,1000000.0,1,0.01,0.01,fti_dchi6v,0.0,dist,-4.606099493057708,-130.68941911435996,28.373121186664434,False
M1e6,1000000.0,1,0.01,0.01,fti_dchi6v,0.0,inc,5.0090050754677184,0.014372836398878049,0.0028693994480602472,False
M1e6,1000000.0,1,0.01,0.01,fti_dchi6v,0.0,phi,-14.757275508870462,-0.23043343097607272,0.015614903363263856,False
M1e6,1000000.0,1,0.01,0.01,fti_dchi6v,0.0,lambda,-4.63738983318314,-0.015768273482719315,0.003400247563810233,False
M1e6,1000000.0,1,0.01,0.01,fti_dchi6v,0.0,beta,-1.0809053659616776,-0.0018158808441177607,0.001679962836063986,False
M1e6,1000000.0,1,0.01,0.01,fti_dchi6v,0.0,psi,-4.780414612636606,-0.018988294546478577,0.003972102021503467,False
M1e6,1000000.0,1,0.01,0.01,fti_dchi6v,0.0,fti_dchi6v,-1.5549711897360625,-0.009757825103498041,0.006275244948528155,True
M1e6,1000000.0,1,0.01,0.01,fti_dchi6lv,0.0,Mchirp,-5.164966692869648,-21.25803466537628,4.115812536550036,False
M1e6,1000000.0,1,0.01,0.01,fti_dchi6lv,0.0,q,-13.94202647891051,-0.07269699016740844,0.005214234119937584,False
M1e6,1000000.0,1,0.01,0.01,fti_dchi6lv,0.0,chiPN,-9.175034389168408,-0.003419544893740814,0.000372701043799657,False
M1e6,1000000.0,1,0.01,0.01,fti_dchi6lv,0.0,chim,-3.87122592673355,-0.010463501170589487,0.002702890859025204,False
M1e6,1000000.0,1,0.01,0.01,fti_dchi6lv,0.0,Deltat,10.13539152185204,1.0424999243722768,0.10285739057288838,False
M1e6,1000000.0,1,0.01,0.01,fti_dchi6lv,0.0,dist,-4.500611578928268,-128.1605078378576,28.476242748408094,False
M1e6,1000000.0,1,0.01,0.01,fti_dchi6lv,0.0,inc,4.9147612012510615,0.014049063162470192,0.002858544410844209,False
M1e6,1000000.0,1,0.01,0.01,fti_dchi6lv,0.0,phi,-14.387838114389444,-0.22811607415316282,0.015854784599294406,False
M1e6,1000000.0,1,0.01,0.01,fti_dchi6lv,0.0,lambda,-4.547640149445855,-0.015407446484067205,0.0033880091602992496,False
M1e6,1000000.0,1,0.01,0.01,fti_dchi6lv,0.0,beta,-1.041459474107745,-0.0017813626558997788,0.0017104483661507183,False
M1e6,1000000.0,1,0.01,0.01,fti_dchi6lv,0.0,psi,-4.661028434323759,-0.018578781790521172,0.003985983362321336,False
M1e6,1000000.0,1,0.01,0.01,fti_dchi6lv,0.0,fti_dchi6lv,-0.9503517404103684,-0.009600394816470875,0.01010193848050971,True
M1e6,1000000.0,1,0.01,0.01,fti_dchi7v,0.0,Mchirp,-4.063697775839053,-18.353884858419207,4.516547703803978,False
M1e6,1000000.0,1,0.01,0.01,fti_dchi7v,0.0,q,-14.551812389119814,-0.07420745956952488,0.005099533830233322,False
M1e6,1000000.0,1,0.01,0.01,fti_dchi7v,0.0,chiPN,-9.629240684652645,-0.0033246128572139147,0.00034526220354142524,False
M1e6,1000000.0,1,0.01,0.01,fti_dchi7v,0.0,chim,-4.383166925337975,-0.010400409260303473,0.0023728070222882335,False
M1e6,1000000.0,1,0.01,0.01,fti_dchi7v,0.0,Deltat,10.065809760660363,1.1112057874121706,0.11039407795635416,False
M1e6,1000000.0,1,0.01,0.01,fti_dchi7v,0.0,dist,-4.635149388879847,-131.14015839552783,28.29254192111806,False
M1e6,1000000.0,1,0.01,0.01,fti_dchi7v,0.0,inc,5.05710316176982,0.014534135319727949,0.0028740041195128552,False
M1e6,1000000.0,1,0.01,0.01,fti_dchi7v,0.0,phi,-14.936158438277612,-0.23069832558637673,0.015445626567213898,False
M1e6,1000000.0,1,0.01,0.01,fti_dchi7v,0.0,lambda,-4.685688484963282,-0.015960707099904017,0.003406267222228515,False
M1e6,1000000.0,1,0.01,0.01,fti_dchi7v,0.0,beta,-1.0389095184023247,-0.0017323331290018933,0.001667453323236409,False
M1e6,1000000.0,1,0.01,0.01,fti_dchi7v,0.0,psi,-4.817070137822479,-0.01907518972227188,0.003959915296332945,False
M1e6,1000000.0,1,0.01,0.01,fti_dchi7v,0.0,fti_dchi7v,1.8148707636184274,0.004899478976450725,0.0026996296786897986,True
M1e6,1000000.0,1,0.01,0.01,fti_dkappa_S,0.0,Mchirp,-5.111966327380594,-21.045057972293122,4.116822495401051,False
M1e6,1000000.0,1,0.01,0.01,fti_dkappa_S,0.0,q,-14.071464600157338,-0.07323794757319374,0.005204713912464722,False
M1e6,1000000.0,1,0.01,0.01,fti_dkappa_S,0.0,chiPN,-9.158237116658178,-0.0033749827551481683,0.00036851882214420024,False
M1e6,1000000.0,1,0.01,0.01,fti_dkappa_S,0.0,chim,-4.063761730060331,-0.010637927073487735,0.0026177536430832533,False
M1e6,1000000.0,1,0.01,0.01,fti_dkappa_S,0.0,Deltat,10.058750260543183,1.0608879222740808,0.10546915817520175,False
M1e6,1000000.0,1,0.01,0.01,fti_dkappa_S,0.0,dist,-4.547161591094121,-129.36151745937252,28.44884987433359,False
M1e6,1000000.0,1,0.01,0.01,fti_dkappa_S,0.0,inc,4.949615405696653,0.014170459566233314,0.002862941542877075,False
M1e6,1000000.0,1,0.01,0.01,fti_dkappa_S,0.0,phi,-14.528020468419136,-0.22924496671768532,0.015779504662456645,False
M1e6,1000000.0,1,0.01,0.01,fti_dkappa_S,0.0,lambda,-4.580046110006601,-0.015538572530077208,0.0033926672694687817,False
M1e6,1000000.0,1,0.01,0.01,fti_dkappa_S,0.0,beta,-1.074754293425505,-0.0018252905931114075,0.00169833291597632,False
M1e6,1000000.0,1,0.01,0.01,fti_dkappa_S,0.0,psi,-4.7124711606100425,-0.018767968826500114,0.003982617227109046,False
M1e6,1000000.0,1,0.01,0.01,fti_dkappa_S,0.0,fti_dkappa_S,-1.1949673877645752,-0.007845097208073637,0.006565114067882184,True
M1e6,1000000.0,1,0.01,0.01,fti_dxi0v,0.0,Mchirp,-0.6631938794757998,-60.49110691717567,91.21179912726112,False
M1e6,1000000.0,1,0.01,0.01,fti_dxi0v,0.0,q,-15.092667219520475,-0.07050468587057812,0.0046714530205363,False
M1e6,1000000.0,1,0.01,0.01,fti_dxi0v,0.0,chiPN,-11.987158651516104,-0.0036275869072537174,0.0003026227492863715,False
M1e6,1000000.0,1,0.01,0.01,fti_dxi0v,0.0,chim,-3.645808220670956,-0.00962334601869036,0.0026395645179930305,False
M1e6,1000000.0,1,0.01,0.01,fti_dxi0v,0.0,Deltat,10.549068272434017,1.0088379566877261,0.09563289672927239,False
M1e6,1000000.0,1,0.01,0.01,fti_dxi0v,0.0,dist,-4.419878676953297,-124.22838375957602,28.106740668549055,False
M1e6,1000000.0,1,0.01,0.01,fti_dxi0v,0.0,inc,4.779681465116358,0.013643304839090393,0.00285443809146354,False
M1e6,1000000.0,1,0.01,0.01,fti_dxi0v,0.0,phi,-14.213567408434892,-0.22510918997464502,0.015837627775350496,False
M1e6,1000000.0,1,0.01,0.01,fti_dxi0v,0.0,lambda,-4.411590926863144,-0.014976006116596222,0.0033946951031665336,False
M1e6,1000000.0,1,0.01,0.01,fti_dxi0v,0.0,beta,-0.9086995712792311,-0.001551922033275993,0.0017078494172625821,False
M1e6,1000000.0,1,0.01,0.01,fti_dxi0v,0.0,psi,-4.578351388606576,-0.01784614185551104,0.0038979406211419095,False
M1e6,1000000.0,1,0.01,0.01,fti_dxi0v,0.0,fti_dxi0v,-4.813926151744801,-0.00010656623070670748,2.2137072183394978e-05,True
M1e6,1000000.0,2,0.001,0.001,fti_dchiMinus2v,0.0,Mchirp,-0.2710987024813535,-4.0244648684234825,14.845017078974365,False
M1e6,1000000.0,2,0.001,0.001,fti_dchiMinus2v,0.0,q,-1.3986818324830936,-0.006782332214380767,0.004849088661100306,False
M1e6,1000000.0,2,0.001,0.001,fti_dchiMinus2v,0.0,chiPN,-1.0688514181138233,-0.0003859414001316365,0.00036108049593338063,False
M1e6,1000000.0,2,0.001,0.001,fti_dchiMinus2v,0.0,chim,-0.24681980255877561,-0.0006679162157629745,0.0027060884452491307,False
M1e6,1000000.0,2,0.001,0.001,fti_dchiMinus2v,0.0,Deltat,1.1058103886766548,0.0995946540634455,0.09006485658235892,False
M1e6,1000000.0,2,0.001,0.001,fti_dchiMinus2v,0.0,dist,-0.4126754558216857,-11.614643995071864,28.14474142142942,False
M1e6,1000000.0,2,0.001,0.001,fti_dchiMinus2v,0.0,inc,0.4715470097823706,0.001340026734400015,0.002841767006471883,False
M1e6,1000000.0,2,0.001,0.001,fti_dchiMinus2v,0.0,phi,-1.4345822613681347,-0.021608983317094127,0.015062909879065448,False
M1e6,1000000.0,2,0.001,0.001,fti_dchiMinus2v,0.0,lambda,-0.4376500851103673,-0.001477125502507863,0.0033751290191920314,False
M1e6,1000000.0,2,0.001,0.001,fti_dchiMinus2v,0.0,beta,-0.047775337944593044,-8.17777707027771e-05,0.0017117151698145606,False
M1e6,1000000.0,2,0.001,0.001,fti_dchiMinus2v,0.0,psi,-0.4237404467688552,-0.0016623581829597828,0.003923057606692375,False
M1e6,1000000.0,2,0.001,0.001,fti_dchiMinus2v,0.0,fti_dchiMinus2v,0.12655158691613594,1.396334328053414e-07,1.1033716463616898e-06,True
M1e6,1000000.0,2,0.001,0.001,fti_dchi0v,0.0,Mchirp,-0.056949222552160346,-5.1263439739421415,90.01604840604932,False
M1e6,1000000.0,2,0.001,0.001,fti_dchi0v,0.0,q,-1.4873443761421663,-0.006947469788198637,0.004671056615831498,False
M1e6,1000000.0,2,0.001,0.001,fti_dchi0v,0.0,chiPN,-1.1931023801632008,-0.00036109861290442493,0.0003026551777183039,False
M1e6,1000000.0,2,0.001,0.001,fti_dchi0v,0.0,chim,-0.342986367460886,-0.000901809610582895,0.0026292870391874594,False
M1e6,1000000.0,2,0.001,0.001,fti_dchi0v,0.0,Deltat,1.0494503799456667,0.10020849823162674,0.09548664724559425,False
M1e6,1000000.0,2,0.001,0.001,fti_dchi0v,0.0,dist,-0.43030002888197066,-12.108736841927756,28.14021852006226,False
M1e6,1000000.0,2,0.001,0.001,fti_dchi0v,0.0,inc,0.4663765125221076,0.0013312370739078506,0.002854425637150297,False
M1e6,1000000.0,2,0.001,0.001,fti_dchi0v,0.0,phi,-1.4008438475905964,-0.022136307819243372,0.01580212373942825,False
M1e6,1000000.0,2,0.001,0.001,fti_dchi0v,0.0,lambda,-0.42954129647713846,-0.0014579129464583132,0.0033941159055376367,False
M1e6,1000000.0,2,0.001,0.001,fti_dchi0v,0.0,beta,-0.08777928691894217,-0.00014964858471476885,0.0017048279835419316,False
M1e6,1000000.0,2,0.001,0.001,fti_dchi0v,0.0,psi,-0.4442024421760176,-0.001730158232500945,0.0038949768579060635,False
M1e6,1000000.0,2,0.001,0.001,fti_dchi0v,0.0,fti_dchi0v,0.03236064188321593,1.4856183250292268e-05,0.0004590818471372018,True
M1e6,1000000.0,2,0.001,0.001,fti_dchi1v,0.0,Mchirp,-0.10170731067259323,-1.5868358618181801,15.601984275509707,False
M1e6,1000000.0,2,0.001,0.001,fti_dchi1v,0.0,q,-1.3877745983942398,-0.006877917574870417,0.004956076860629015,False
M1e6,1000000.0,2,0.001,0.001,fti_dchi1v,0.0,chiPN,-1.0184729723834742,-0.0003693631782604154,0.0003626637017141611,False
M1e6,1000000.0,2,0.001,0.001,fti_dchi1v,0.0,chim,-0.2648299914702721,-0.0007788643889569515,0.0029409976741413793,False
M1e6,1000000.0,2,0.001,0.001,fti_dchi1v,0.0,Deltat,1.0595728353660159,0.09824589860604935,0.09272217569839034,False
M1e6,1000000.0,2,0.001,0.001,fti_dchi1v,0.0,dist,-0.41589574725001444,-11.80671024345204,28.38862941379026,False
M1e6,1000000.0,2,0.001,0.001,fti_dchi1v,0.0,inc,0.4711664924055342,0.0013389872975827044,0.00284185594511724,False
M1e6,1000000.0,2,0.001,0.001,fti_dchi1v,0.0,phi,-1.3802307856166083,-0.021734239214316352,0.015746815272350802,False
M1e6,1000000.0,2,0.001,0.001,fti_dchi1v,0.0,lambda,-0.4360740942257383,-0.0014717409965649651,0.0033749791974643263,False
M1e6,1000000.0,2,0.001,0.001,fti_dchi1v,0.0,beta,-0.06493169931282256,-0.00011339879135850478,0.0017464319055039894,False
M1e6,1000000.0,2,0.001,0.001,fti_dchi1v,0.0,psi,-0.42990639364347694,-0.0016972603197399738,0.003947976454491901,False
M1e6,1000000.0,2,0.001,0.001,fti_dchi1v,0.0,fti_dchi1v,-0.04175989270053908,-2.8599517953803574e-05,0.0006848561168222155,True
M1e6,1000000.0,2,0.001,0.001,fti_dchi2v,0.0,Mchirp,-0.304502560834223,-2.143794214236321,7.0403158789966405,False
M1e6,1000000.0,2,0.001,0.001,fti_dchi2v,0.0,q,-1.3617254621964416,-0.006921921565174502,0.005083199042198676,False
M1e6,1000000.0,2,0.001,0.001,fti_dchi2v,0.0,chiPN,-0.9650268262323962,-0.00036384118607967137,0.000377027017476975,False
M1e6,1000000.0,2,0.001,0.001,fti_dchi2v,0.0,chim,-0.28373099986114025,-0.0008341425043401204,0.002939906124985832,False
M1e6,1000000.0,2,0.001,0.001,fti_dchi2v,0.0,Deltat,1.0443387220490086,0.09881024596995872,0.09461513193352775,False
M1e6,1000000.0,2,0.001,0.001,fti_dchi2v,0.0,dist,-0.4193606787203467,-11.94212190321756,28.47697103996066,False
M1e6,1000000.0,2,0.001,0.001,fti_dchi2v,0.0,inc,0.47057813353092587,0.0013384376914470563,0.002844241149507419,False
M1e6,1000000.0,2,0.001,0.001,fti_dchi2v,0.0,phi,-1.382159781047425,-0.021887406113448443,0.01583565548178647,False
M1e6,1000000.0,2,0.001,0.001,fti_dchi2v,0.0,lambda,-0.43521404198051283,-0.0014689137529436806,0.0033751524795917606,False
M1e6,1000000.0,2,0.001,0.001,fti_dchi2v,0.0,beta,-0.074238368956615,-0.00012961236449345135,0.0017458945598494628,False
M1e6,1000000.0,2,0.001,0.001,fti_dchi2v,0.0,psi,-0.4323183453725107,-0.0017152958238957137,0.003967668368127461,False
M1e6,1000000.0,2,0.001,0.001,fti_dchi2v,0.0,fti_dchi2v,-0.012554300561933664,-5.786389527300201e-06,0.000460908952972284,True
M1e6,1000000.0,2,0.001,0.001,fti_dchi3v,0.0,Mchirp,-0.5038332305944535,-2.279414290072673,4.524144402669271,False
M1e6,1000000.0,2,0.001,0.001,fti_dchi3v,0.0,q,-1.3565453265020795,-0.007015100551413514,0.005171298307814235,False
M1e6,1000000.0,2,0.001,0.001,fti_dchi3v,0.0,chiPN,-0.9290824314298899,-0.0003539278465225688,0.0003809434282142884,False
M1e6,1000000.0,2,0.001,0.001,fti_dchi3v,0.0,chim,-0.3172270889106846,-0.000912780096134806,0.0028773712209419783,False
M1e6,1000000.0,2,0.001,0.001,fti_dchi3v,0.0,Deltat,1.0256574301446904,0.10035253973909214,0.09784216131982325,False
M1e6,1000000.0,2,0.001,0.001,fti_dchi3v,0.0,dist,-0.4269188801151422,-12.182108723953009,28.53494959198673,False
M1e6,1000000.0,2,0.001,0.001,fti_dchi3v,0.0,inc,0.47249456618034447,0.001346219639057994,0.0028491748591753354,False
M1e6,1000000.0,2,0.001,0.001,fti_dchi3v,0.0,phi,-1.3918212564402554,-0.022135619135461766,0.015904067446186432,False
M1e6,1000000.0,2,0.001,0.001,fti_dchi3v,0.0,lambda,-0.4364787651694589,-0.0014746632602207674,0.003378545253279946,False
M1e6,1000000.0,2,0.001,0.001,fti_dchi3v,0.0,beta,-0.08785228664272639,-0.00015253343515746805,0.0017362488898869982,False
M1e6,1000000.0,2,0.001,0.001,fti_dchi3v,0.0,psi,-0.43979804712010695,-0.0017506212931490948,0.003980511747636314,False
M1e6,1000000.0,2,0.001,0.001,fti_dchi3v,0.0,fti_dchi3v,-0.030648348378019136,-1.3321388782467757e-05,0.0004346527459868539,True
M1e6,1000000.0,2,0.001,0.001,fti_dchi4v,0.0,Mchirp,-0.5513024735536063,-2.220908078234019,4.028474720815972,False
M1e6,1000000.0,2,0.001,0.001,fti_dchi4v,0.0,q,-1.3673426759857685,-0.007127735674286594,0.005212837863886565,False
M1e6,1000000.0,2,0.001,0.001,fti_dchi4v,0.0,chiPN,-0.9107863170728219,-0.0003434571528732692,0.00037709959672770104,False
M1e6,1000000.0,2,0.001,0.001,fti_dchi4v,0.0,chim,-0.35609897904000043,-0.0009822540944084985,0.0027583738011733036,False
M1e6,1000000.0,2,0.001,0.001,fti_dchi4v,0.0,Deltat,1.011066361734385,0.10288224394223933,0.10175617331957812,False
M1e6,1000000.0,2,0.001,0.001,fti_dchi4v,0.0,dist,-0.43628275495329927,-12.452616390357514,28.542536345931143,False
M1e6,1000000.0,2,0.001,0.001,fti_dchi4v,0.0,inc,0.47694572366437826,0.0013621573396164933,0.002856000739771868,False
M1e6,1000000.0,2,0.001,0.001,fti_dchi4v,0.0,phi,-1.4105145683090303,-0.022406642326794898,0.015885438428088476,False
M1e6,1000000.0,2,0.001,0.001,fti_dchi4v,0.0,lambda,-0.44023194333356,-0.0014900544433954716,0.003384703145601749,False
M1e6,1000000.0,2,0.001,0.001,fti_dchi4v,0.0,beta,-0.10032933093102947,-0.00017243726920662021,0.0017187124403845644,False
M1e6,1000000.0,2,0.001,0.001,fti_dchi4v,0.0,psi,-0.4496709639661661,-0.0017917992555959187,0.003984689693530526,False
M1e6,1000000.0,2,0.001,0.001,fti_dchi4v,0.0,fti_dchi4v,0.07806153574707939,0.0003154075893740914,0.00404049941312988,True
M1e6,1000000.0,2,0.001,0.001,fti_dchi5lv,0.0,Mchirp,-0.49931662091302637,-2.0833340686857946,4.17237075921148,False
M1e6,1000000.0,2,0.001,0.001,fti_dchi5lv,0.0,q,-1.3886773893757598,-0.0072276411220728795,0.005204694176897241,False
M1e6,1000000.0,2,0.001,0.001,fti_dchi5lv,0.0,chiPN,-0.9121090186563503,-0.00033547623299317903,0.0003678027802941551,False
M1e6,1000000.0,2,0.001,0.001,fti_dchi5lv,0.0,chim,-0.3903483971484746,-0.0010197799748690676,0.00261248664607986,False
M1e6,1000000.0,2,0.001,0.001,fti_dchi5lv,0.0,Deltat,1.0038979622788835,0.10590029367149828,0.1054891011344429,False
M1e6,1000000.0,2,0.001,0.001,fti_dchi5lv,0.0,dist,-0.4447967665295672,-12.676554593159075,28.499655454029522,False
M1e6,1000000.0,2,0.001,0.001,fti_dchi5lv,0.0,inc,0.48291636026927953,0.0013827109020275374,0.0028632513117934594,False
M1e6,1000000.0,2,0.001,0.001,fti_dchi5lv,0.0,phi,-1.433946638075416,-0.02262281514061692,0.0157766087941601,False
M1e6,1000000.0,2,0.001,0.001,fti_dchi5lv,0.0,lambda,-0.44569924199888566,-0.0015119453235817436,0.003392299517497326,False
M1e6,1000000.0,2,0.001,0.001,fti_dchi5lv,0.0,beta,-0.10749482896681274,-0.0001825641791275216,0.001698353129003864,False
M1e6,1000000.0,2,0.001,0.001,fti_dchi5lv,0.0,psi,-0.45901742155116393,-0.0018269415454275886,0.003980113737848511,False
M1e6,1000000.0,2,0.001,0.001,fti_dchi5lv,0.0,fti_dchi5lv,-0.1222059684733485,-0.0008946515963600618,0.007320850262359923,True
M1e6,1000000.0,2,0.001,0.001,fti_dchi6v,0.0,Mchirp,-0.4435973832441603,-1.943284215549764,4.380738680958723,False
M1e6,1000000.0,2,0.001,0.001,fti_dchi6v,0.0,q,-1.4135804822906692,-0.0072948615754556256,0.005160556237756267,False
M1e6,1000000.0,2,0.001,0.001,fti_dchi6v,0.0,chiPN,-0.929513886287598,-0.0003312048415120766,0.0003563204879433071,False
M1e6,1000000.0,2,0.001,0.001,fti_dchi6v,0.0,chim,-0.4124099284673838,-0.001021323303481997,0.002476476032663628,False
M1e6,1000000.0,2,0.001,0.001,fti_dchi6v,0.0,Deltat,1.0030950368552802,0.1087606596861729,0.10842508006732782,False
M1e6,1000000.0,2,0.001,0.001,fti_dchi6v,0.0,dist,-0.45071074386053106,-12.812082028357512,28.426395871144603,False
M1e6,1000000.0,2,0.001,0.001,fti_dchi6v,0.0,inc,0.48894049665685185,0.0014030132794023366,0.0028694969817298632,False
M1e6,1000000.0,2,0.001,0.001,fti_dchi6v,0.0,phi,-1.4564396222374154,-0.022743468897779825,0.015615799344184824,False
M1e6,1000000.0,2,0.001,0.001,fti_dchi6v,0.0,lambda,-0.4515028965098564,-0.001534951095440011,0.0033996483905314274,False
M1e6,1000000.0,2,0.001,0.001,fti_dchi6v,0.0,beta,-0.10821691344657654,-0.000181867358470821,0.001680581645498543,False
M1e6,1000000.0,2,0.001,0.001,fti_dchi6v,0.0,psi,-0.465823243376505,-0.0018492546052442517,0.003969863315192236,False
M1e6,1000000.0,2,0.001,0.001,fti_dchi6v,0.0,fti_dchi6v,-0.1585239073263346,-0.0009950022275836499,0.0062766698371580975,True
M1e6,1000000.0,2,0.001,0.001,fti_dchi6lv,0.0,Mchirp,-0.5188415684148017,-2.135678860814399,4.116244709034134,False
M1e6,1000000.0,2,0.001,0.001,fti_dchi6lv,0.0,q,-1.3745013285402539,-0.007167561368991028,0.0052146631073853615,False
M1e6,1000000.0,2,0.001,0.001,fti_dchi6lv,0.0,chiPN,-0.9129637522145465,-0.0003403217380115095,0.00037276588165302527,False
M1e6,1000000.0,2,0.001,0.001,fti_dchi6lv,0.0,chim,-0.36997782418030584,-0.0010001351588740824,0.0027032300140958565,False
M1e6,1000000.0,2,0.001,0.001,fti_dchi6lv,0.0,Deltat,1.0100404129232634,0.1039167135606274,0.10288371854337114,False
M1e6,1000000.0,2,0.001,0.001,fti_dchi6lv,0.0,dist,-0.43965546310273873,-12.543092359325097,28.529367679878064,False
M1e6,1000000.0,2,0.001,0.001,fti_dchi6lv,0.0,inc,0.4790423838206075,0.0013693956247971919,0.0028586105761155473,False
M1e6,1000000.0,2,0.001,0.001,fti_dchi6lv,0.0,phi,-1.4188327944657753,-0.022496792955407276,0.015855845060219278,False
M1e6,1000000.0,2,0.001,0.001,fti_dchi6lv,0.0,lambda,-0.4421116608137746,-0.0014975927973311207,0.003387363261522147,False
M1e6,1000000.0,2,0.001,0.001,fti_dchi6lv,0.0,beta,-0.10372908942028615,-0.00017749433328618168,0.0017111336297093666,False
M1e6,1000000.0,2,0.001,0.001,fti_dchi6lv,0.0,psi,-0.4533332088266607,-0.0018059337009657158,0.0039836783756476216,False
M1e6,1000000.0,2,0.001,0.001,fti_dchi6lv,0.0,fti_dchi6lv,-0.09510271889377235,-0.0009609869419536544,0.01010472626999293,True
M1e6,1000000.0,2,0.001,0.001,fti_dchi7v,0.0,Mchirp,-0.4064664007136243,-1.8360625524628018,4.517132410549228,False
M1e6,1000000.0,2,0.001,0.001,fti_dchi7v,0.0,q,-1.4368551634981042,-0.007327812573492763,0.005099896468098284,False
M1e6,1000000.0,2,0.001,0.001,fti_dchi7v,0.0,chiPN,-0.9559786639766545,-0.00033009892087740365,0.00034529946463895646,False
M1e6,1000000.0,2,0.001,0.001,fti_dchi7v,0.0,chim,-0.42022267818471337,-0.0009971216795291618,0.00237284118942973,False
M1e6,1000000.0,2,0.001,0.001,fti_dchi7v,0.0,Deltat,1.0059046237086122,0.11107433329425356,0.1104223309807842,False
M1e6,1000000.0,2,0.001,0.001,fti_dchi7v,0.0,dist,-0.45378790998949003,-12.8629409385512,28.34571097068036,False
M1e6,1000000.0,2,0.001,0.001,fti_dchi7v,0.0,inc,0.49402904368887046,0.001419893500740527,0.0028741093643772637,False
M1e6,1000000.0,2,0.001,0.001,fti_dchi7v,0.0,phi,-1.4744510565835365,-0.022774835757562263,0.015446315193624693,False
M1e6,1000000.0,2,0.001,0.001,fti_dchi7v,0.0,lambda,-0.4566049840087685,-0.0015550617149558438,0.0034057046449715955,False
M1e6,1000000.0,2,0.001,0.001,fti_dchi7v,0.0,beta,-0.10406277864506627,-0.00017357820949645076,0.0016680143636033909,False
M1e6,1000000.0,2,0.001,0.001,fti_dchi7v,0.0,psi,-0.46967997176771686,-0.0018588514803124629,0.003957697990221668,False
M1e6,1000000.0,2,0.001,0.001,fti_dchi7v,0.0,fti_dchi7v,0.18598646621115342,0.0005021908383113058,0.0027001472125458875,True
M1e6,1000000.0,2,0.001,0.001,fti_dkappa_S,0.0,Mchirp,-0.5132862952628126,-2.113325621867328,4.1172453684649115,False
M1e6,1000000.0,2,0.001,0.001,fti_dkappa_S,0.0,q,-1.3879491956752956,-0.007224510101011292,0.005205168981344641,False
M1e6,1000000.0,2,0.001,0.001,fti_dkappa_S,0.0,chiPN,-0.9105519833534583,-0.0003356088511489787,0.0003685773654711836,False
M1e6,1000000.0,2,0.001,0.001,fti_dkappa_S,0.0,chim,-0.3893058426212071,-0.001019214176526441,0.0026180294897812056,False
M1e6,1000000.0,2,0.001,0.001,fti_dkappa_S,0.0,Deltat,1.0030983818669612,0.10582399653750893,0.10549712615481434,False
M1e6,1000000.0,2,0.001,0.001,fti_dkappa_S,0.0,dist,-0.4445405292953398,-12.670344075536853,28.502112272240186,False
M1e6,1000000.0,2,0.001,0.001,fti_dkappa_S,0.0,inc,0.4827022266888318,0.0013819876882991049,0.002863023230240839,False
M1e6,1000000.0,2,0.001,0.001,fti_dkappa_S,0.0,phi,-1.4331850017751973,-0.022616470034688554,0.01578056566784814,False
M1e6,1000000.0,2,0.001,0.001,fti_dkappa_S,0.0,lambda,-0.44549654687755513,-0.001511140136309809,0.003392035576709299,False
M1e6,1000000.0,2,0.001,0.001,fti_dkappa_S,0.0,beta,-0.10734633584153028,-0.0001823816580095065,0.001699002174408141,False
M1e6,1000000.0,2,0.001,0.001,fti_dkappa_S,0.0,psi,-0.4587264669536275,-0.0018258890387808956,0.0039803437785190495,False
M1e6,1000000.0,2,0.001,0.001,fti_dkappa_S,0.0,fti_dkappa_S,-0.12078547511628135,-0.0007931793015822329,0.006566843412410569,True
M1e6,1000000.0,2,0.001,0.001,fti_dxi0v,0.0,Mchirp,-0.058711952661005394,-5.356354214841488,91.23106917884895,False
M1e6,1000000.0,2,0.001,0.001,fti_dxi0v,0.0,q,-1.4874200713609735,-0.006947893573839514,0.004671103817687673,False
M1e6,1000000.0,2,0.001,0.001,fti_dxi0v,0.0,chiPN,-1.1931756447823054,-0.00036112531413407765,0.00030265897205768464,False
M1e6,1000000.0,2,0.001,0.001,fti_dxi0v,0.0,chim,-0.34296733453146383,-0.0009053207018041871,0.0026396703436523134,False
M1e6,1000000.0,2,0.001,0.001,fti_dxi0v,0.0,Deltat,1.048531031524528,0.10029527788265291,0.09565313268490208,False
M1e6,1000000.0,2,0.001,0.001,fti_dxi0v,0.0,dist,-0.43054629318161247,-12.123152232705793,28.157604477602646,False
M1e6,1000000.0,2,0.001,0.001,fti_dxi0v,0.0,inc,0.46623374002400275,0.0013308078810797147,0.002854379181161796,False
M1e6,1000000.0,2,0.001,0.001,fti_dxi0v,0.0,phi,-1.398669291071563,-0.022152019677489775,0.015837925247160062,False
M1e6,1000000.0,2,0.001,0.001,fti_dxi0v,0.0,lambda,-0.4293370327178609,-0.0014572505204525606,0.00339418780445663,False
M1e6,1000000.0,2,0.001,0.001,fti_dxi0v,0.0,beta,-0.08849716860215369,-0.00015116916259670752,0.0017081807811987855,False
M1e6,1000000.0,2,0.001,0.001,fti_dxi0v,0.0,psi,-0.4444171118977172,-0.0017312613966700627,0.0038955777136423886,False
M1e6,1000000.0,2,0.001,0.001,fti_dxi0v,0.0,fti_dxi0v,-0.4867755487597996,-1.0777223974350407e-05,2.214002737361907e-05,True
M1e6,1000000.0,3,0.0001,0.0001,fti_dchiMinus2v,0.0,Mchirp,-0.027179776302443788,-0.4034900248400598,14.84522978961314,False
M1e6,1000000.0,3,0.0001,0.0001,fti_dchiMinus2v,0.0,q,-0.13962395871567926,-0.0006770454191227059,0.004849063336625451,False
M1e6,1000000.0,3,0.0001,0.0001,fti_dchiMinus2v,0.0,chiPN,-0.10684493252737048,-3.858025929033691e-05,0.00036108646781590504,False
M1e6,1000000.0,3,0.0001,0.0001,fti_dchiMinus2v,0.0,chim,-0.024487125004670814,-6.626455057356367e-05,0.0027060976150088665,False
M1e6,1000000.0,3,0.0001,0.0001,fti_dchiMinus2v,0.0,Deltat,0.10972899160681909,0.009882871906795657,0.0900661872680646,False
M1e6,1000000.0,3,0.0001,0.0001,fti_dchiMinus2v,0.0,dist,-0.041162156794284095,-1.158719086781534,28.150106238904307,False
M1e6,1000000.0,3,0.0001,0.0001,fti_dchiMinus2v,0.0,inc,0.047021844792091816,0.000133625046656049,0.0028417652954041946,False
M1e6,1000000.0,3,0.0001,0.0001,fti_dchiMinus2v,0.0,phi,-0.14289399526712662,-0.002152391500494513,0.015062854785960905,False
M1e6,1000000.0,3,0.0001,0.0001,fti_dchiMinus2v,0.0,lambda,-0.043631473723380776,-0.00014725916859908275,0.0033750674921661206,False
M1e6,1000000.0,3,0.0001,0.0001,fti_dchiMinus2v,0.0,beta,-0.0047825467078558516,-8.186595143424633e-06,0.001711764807226506,False
M1e6,1000000.0,3,0.0001,0.0001,fti_dchiMinus2v,0.0,psi,-0.04091071377212253,-0.00016048467711893722,0.003922803156475237,False
M1e6,1000000.0,3,0.0001,0.0001,fti_dchiMinus2v,0.0,fti_dchiMinus2v,0.01271174889648074,1.4025934542015504e-08,1.1033835435420376e-06,True
M1e6,1000000.0,3,0.0001,0.0001,fti_dchi0v,0.0,Mchirp,-0.005618123090070098,-0.5057307358178349,90.0177386130436,False
M1e6,1000000.0,3,0.0001,0.0001,fti_dchi0v,0.0,q,-0.14849688480311324,-0.0006936323845887671,0.004671023136333329,False
M1e6,1000000.0,3,0.0001,0.0001,fti_dchi0v,0.0,chiPN,-0.1192252082003528,-3.608456982090524e-05,0.00030265889542643263,False
M1e6,1000000.0,3,0.0001,0.0001,fti_dchi0v,0.0,chim,-0.03408960100601664,-8.963166122212594e-05,0.00262929628323624,False
M1e6,1000000.0,3,0.0001,0.0001,fti_dchi0v,0.0,Deltat,0.10411238512770729,0.009941546932369283,0.09548860993026614,False
M1e6,1000000.0,3,0.0001,0.0001,fti_dchi0v,0.0,dist,-0.04292208983362902,-1.2080655087288998,28.14554261946474,False
M1e6,1000000.0,3,0.0001,0.0001,fti_dchi0v,0.0,inc,0.046513070537727456,0.00013276784952681196,0.002854420230526857,False
M1e6,1000000.0,3,0.0001,0.0001,fti_dchi0v,0.0,phi,-0.13952812685470734,-0.002204843892202556,0.015802146433876316,False
M1e6,1000000.0,3,0.0001,0.0001,fti_dchi0v,0.0,lambda,-0.04282824361511397,-0.000145361727683036,0.003394062315264739,False
M1e6,1000000.0,3,0.0001,0.0001,fti_dchi0v,0.0,beta,-0.008778558187939026,-1.4966237580321781e-05,0.0017048628328150842,False
M1e6,1000000.0,3,0.0001,0.0001,fti_dchi0v,0.0,psi,-0.04295006557037366,-0.00016727886036877913,0.003894728870546025,False
M1e6,1000000.0,3,0.0001,0.0001,fti_dchi0v,0.0,fti_dchi0v,0.0031566514522297544,1.449189186268694e-06,0.0004590906560954123,True
M1e6,1000000.0,3,0.0001,0.0001,fti_dchi1v,0.0,Mchirp,-0.01012625945198054,-0.1579929959893147,15.602305741673815,False
M1e6,1000000.0,3,0.0001,0.0001,fti_dchi1v,0.0,q,-0.13853223812827573,-0.0006865763040000136,0.004956076024443273,False
M1e6,1000000.0,3,0.0001,0.0001,fti_dchi1v,0.0,chiPN,-0.10180982202625577,-3.692347462378411e-05,0.00036267104576866757,False
M1e6,1000000.0,3,0.0001,0.0001,fti_dchi1v,0.0,chim,-0.026293017270258654,-7.732880042500903e-05,0.0029410394261779726,False
M1e6,1000000.0,3,0.0001,0.0001,fti_dchi1v,0.0,Deltat,0.1051125367453877,0.009746443161989762,0.09272388873649205,False
M1e6,1000000.0,3,0.0001,0.0001,fti_dchi1v,0.0,dist,-0.04148079644004046,-1.1778073743277413,28.39403954141128,False
M1e6,1000000.0,3,0.0001,0.0001,fti_dchi1v,0.0,inc,0.046983339856294305,0.00013351982337536688,0.002841854661327985,False
M1e6,1000000.0,3,0.0001,0.0001,fti_dchi1v,0.0,phi,-0.13747159508462856,-0.0021647454813834522,0.01574685650552624,False
M1e6,1000000.0,3,0.0001,0.0001,fti_dchi1v,0.0,lambda,-0.04347351600787314,-0.00014671953379144764,0.0033749175880983823,False
M1e6,1000000.0,3,0.0001,0.0001,fti_dchi1v,0.0,beta,-0.00649268056214677,-1.1339403864817695e-05,0.0017464903372773329,False
M1e6,1000000.0,3,0.0001,0.0001,fti_dchi1v,0.0,psi,-0.04153321708488169,-0.00016396158098225857,0.003947721666905053,False
M1e6,1000000.0,3,0.0001,0.0001,fti_dchi1v,0.0,fti_dchi1v,-0.004237123103390724,-2.901895838161036e-06,0.000684874092008046,True
M1e6,1000000.0,3,0.0001,0.0001,fti_dchi2v,0.0,Mchirp,-0.030444276434730924,-0.214340117619227,7.040407679872041,False
M1e6,1000000.0,3,0.0001,0.0001,fti_dchi2v,0.0,q,-0.13593440728310469,-0.0006909839468630658,0.0050832159471147255,False
M1e6,1000000.0,3,0.0001,0.0001,fti_dchi2v,0.0,chiPN,-0.09646214242856681,-3.6369607643814216e-05,0.0003770350391164807,False
M1e6,1000000.0,3,0.0001,0.0001,fti_dchi2v,0.0,chim,-0.02819216091452287,-8.28836466127453e-05,0.002939953658183354,False
M1e6,1000000.0,3,0.0001,0.0001,fti_dchi2v,0.0,Deltat,0.10360577978419186,0.009802873235272676,0.09461704989520668,False
M1e6,1000000.0,3,0.0001,0.0001,fti_dchi2v,0.0,dist,-0.041829145594191736,-1.1913957780146003,28.482431593822316,False
M1e6,1000000.0,3,0.0001,0.0001,fti_dchi2v,0.0,inc,0.04692315219257449,0.00013346080410145102,0.0028442420823247883,False
M1e6,1000000.0,3,0.0001,0.0001,fti_dchi2v,0.0,phi,-0.13767141510124287,-0.00218012662087354,0.015835724643857886,False
M1e6,1000000.0,3,0.0001,0.0001,fti_dchi2v,0.0,lambda,-0.04338571455424861,-0.00014643055764545774,0.003375086918583857,False
M1e6,1000000.0,3,0.0001,0.0001,fti_dchi2v,0.0,beta,-0.007427878430795769,-1.2968786442250246e-05,0.0017459610524159944,False
M1e6,1000000.0,3,0.0001,0.0001,fti_dchi2v,0.0,psi,-0.041782667880660936,-0.0001657691880149959,0.003967415113090995,False
M1e6,1000000.0,3,0.0001,0.0001,fti_dchi2v,0.0,fti_dchi2v,-0.0013024403106752299,-6.003234637125759e-07,0.00046092205438677455,True
M1e6,1000000.0,3,0.0001,0.0001,fti_dchi3v,0.0,Mchirp,-0.050420547026480037,-0.22811087945541517,4.524165105460183,False
M1e6,1000000.0,3,0.0001,0.0001,fti_dchi3v,0.0,q,-0.13542527945941876,-0.0007003290778755494,0.005171331974879981,False
M1e6,1000000.0,3,0.0001,0.0001,fti_dchi3v,0.0,chiPN,-0.09285888636794398,-3.5374719728407884e-05,0.0003809513673062923,False
M1e6,1000000.0,3,0.0001,0.0001,fti_dchi3v,0.0,chim,-0.03154982686049126,-9.078207541695775e-05,0.00287741913191419,False
M1e6,1000000.0,3,0.0001,0.0001,fti_dchi3v,0.0,Deltat,0.10176682546809292,0.009957315178514514,0.09784441179838554,False
M1e6,1000000.0,3,0.0001,0.0001,fti_dchi3v,0.0,dist,-0.04258792539059579,-1.2154789908871888,28.540460229969064,False
M1e6,1000000.0,3,0.0001,0.0001,fti_dchi3v,0.0,inc,0.047114852094094,0.00013423862036776287,0.0028491784310321565,False
M1e6,1000000.0,3,0.0001,0.0001,fti_dchi3v,0.0,phi,-0.13864522436586216,-0.0022050367384834706,0.015904166541393,False
M1e6,1000000.0,3,0.0001,0.0001,fti_dchi3v,0.0,lambda,-0.043511594713721506,-0.00014700293080423577,0.0033784772029483434,False
M1e6,1000000.0,3,0.0001,0.0001,fti_dchi3v,0.0,beta,-0.008795251128724016,-1.527137671450518e-05,0.001736320713416707,False
M1e6,1000000.0,3,0.0001,0.0001,fti_dchi3v,0.0,psi,-0.04253799309647988,-0.0001693123687310615,0.003980262264537169,False
M1e6,1000000.0,3,0.0001,0.0001,fti_dchi3v,0.0,fti_dchi3v,-0.003034353445070348,-1.318929189685647e-06,0.0004346656424710172,True
M1e6,1000000.0,3,0.0001,0.0001,fti_dchi4v,0.0,Mchirp,-0.055187248621247874,-0.22232190764623594,4.028501387558554,False
M1e6,1000000.0,3,0.0001,0.0001,fti_dchi4v,0.0,q,-0.13651460342908667,-0.0007116345633600989,0.005212882325294683,False
M1e6,1000000.0,3,0.0001,0.0001,fti_dchi4v,0.0,chiPN,-0.09101705345957577,-3.4323146794118646e-05,0.00037710676724294197,False
M1e6,1000000.0,3,0.0001,0.0001,fti_dchi4v,0.0,chim,-0.03544291459087656,-9.77662509657239e-05,0.0027584145405155284,False
M1e6,1000000.0,3,0.0001,0.0001,fti_dchi4v,0.0,Deltat,0.1003444519563091,0.010210926641168181,0.10175875638459925,False
M1e6,1000000.0,3,0.0001,0.0001,fti_dchi4v,0.0,dist,-0.04352811808898317,-1.242644537109776,28.548087803140874,False
M1e6,1000000.0,3,0.0001,0.0001,fti_dchi4v,0.0,inc,0.04756143459389792,0.00013583579767959263,0.0028560071587289803,False
M1e6,1000000.0,3,0.0001,0.0001,fti_dchi4v,0.0,phi,-0.14052092199325097,-0.00223225250346513,0.01588555264085402,False
M1e6,1000000.0,3,0.0001,0.0001,fti_dchi4v,0.0,lambda,-0.04388768836994056,-0.00014854379181747482,0.0033846346739741947,False
M1e6,1000000.0,3,0.0001,0.0001,fti_dchi4v,0.0,beta,-0.010049521764665009,-1.7272975660049367e-05,0.0017187858352407028,False
M1e6,1000000.0,3,0.0001,0.0001,fti_dchi4v,0.0,psi,-0.043530734316274494,-0.00017344582958076556,0.003984445296065698,False
M1e6,1000000.0,3,0.0001,0.0001,fti_dchi4v,0.0,fti_dchi4v,0.007794693578557889,3.1495372722488164e-05,0.004040617171806153,True
M1e6,1000000.0,3,0.0001,0.0001,fti_dchi5lv,0.0,Mchirp,-0.04998440657783928,-0.20855591181185656,4.172419482205484,False
M1e6,1000000.0,3,0.0001,0.0001,fti_dchi5lv,0.0,q,-0.13865642511859846,-0.0007216708722781865,0.0052047416602650194,False
M1e6,1000000.0,3,0.0001,0.0001,fti_dchi5lv,0.0,chiPN,-0.09113647855439505,-3.352079359531085e-05,0.0003678087427451333,False
M1e6,1000000.0,3,0.0001,0.0001,fti_dchi5lv,0.0,chim,-0.038869825522491394,-0.00010154800946047523,0.0026125151861491154,False
M1e6,1000000.0,3,0.0001,0.0001,fti_dchi5lv,0.0,Deltat,0.09966387840641618,0.010513732187964996,0.10549190294493035,False
M1e6,1000000.0,3,0.0001,0.0001,fti_dchi5lv,0.0,dist,-0.04438328191057248,-1.2651555675935748,28.505227940167348,False
M1e6,1000000.0,3,0.0001,0.0001,fti_dchi5lv,0.0,inc,0.04816105884224541,0.00013789763874593922,0.002863260112233654,False
M1e6,1000000.0,3,0.0001,0.0001,fti_dchi5lv,0.0,phi,-0.1428675740154909,-0.0022539817257210414,0.01577672009378871,False
M1e6,1000000.0,3,0.0001,0.0001,fti_dchi5lv,0.0,lambda,-0.044436437996036096,-0.00015073874329263697,0.0033922328181679065,False
M1e6,1000000.0,3,0.0001,0.0001,fti_dchi5lv,0.0,beta,-0.010771502851656633,-1.8294580054137397e-05,0.0016984241016399799,False
M1e6,1000000.0,3,0.0001,0.0001,fti_dchi5lv,0.0,psi,-0.04446792981303514,-0.00017697676290599426,0.003979874117146691,False
M1e6,1000000.0,3,0.0001,0.0001,fti_dchi5lv,0.0,fti_dchi5lv,-0.012228612610911134,-8.952622355921144e-05,0.007321045028389445,True
M1e6,1000000.0,3,0.0001,0.0001,fti_dchi6v,0.0,Mchirp,-0.04440166654095259,-0.19451473106985373,4.380797979518375,False
M1e6,1000000.0,3,0.0001,0.0001,fti_dchi6v,0.0,q,-0.1411525525893536,-0.0007284319470575182,0.0051606005962690615,False
M1e6,1000000.0,3,0.0001,0.0001,fti_dchi6v,0.0,chiPN,-0.09286592842158577,-3.3090475400618445e-05,0.0003563252525769924,False
M1e6,1000000.0,3,0.0001,0.0001,fti_dchi6v,0.0,chim,-0.04107364477734121,-0.00010171853494704238,0.0024764915677304754,False
M1e6,1000000.0,3,0.0001,0.0001,fti_dchi6v,0.0,Deltat,0.09961364977484498,0.010800904100371139,0.10842795264287812,False
M1e6,1000000.0,3,0.0001,0.0001,fti_dchi6v,0.0,dist,-0.044977630802723066,-1.2788026822803875,28.431970725389238,False
M1e6,1000000.0,3,0.0001,0.0001,fti_dchi6v,0.0,inc,0.04876645544799603,0.00013993570165401288,0.0028695073359030297,False
M1e6,1000000.0,3,0.0001,0.0001,fti_dchi6v,0.0,phi,-0.14511711677521447,-0.0022661336267200223,0.015615894782627536,False
M1e6,1000000.0,3,0.0001,0.0001,fti_dchi6v,0.0,lambda,-0.045019488955990186,-0.00015304757673939166,0.003399584941735051,False
M1e6,1000000.0,3,0.0001,0.0001,fti_dchi6v,0.0,beta,-0.010846898991588506,-1.822981477048554e-05,0.001680647601182817,False
M1e6,1000000.0,3,0.0001,0.0001,fti_dchi6v,0.0,psi,-0.04514832998661972,-0.00017922204674047655,0.0039696273769947036,False
M1e6,1000000.0,3,0.0001,0.0001,fti_dchi6v,0.0,fti_dchi6v,-0.015878277952460836,-9.966500965065406e-05,0.006276814774816802,True
M1e6,1000000.0,3,0.0001,0.0001,fti_dchi6lv,0.0,Mchirp,-0.05194077570285135,-0.21380324505944356,4.1162890266135665,False
M1e6,1000000.0,3,0.0001,0.0001,fti_dchi6lv,0.0,q,-0.1372336170211483,-0.0007156332958337256,0.005214708402850326,False
M1e6,1000000.0,3,0.0001,0.0001,fti_dchi6lv,0.0,chiPN,-0.09122995528419328,-3.4008023118206904e-05,0.0003727725505538992,False
M1e6,1000000.0,3,0.0001,0.0001,fti_dchi6lv,0.0,chim,-0.036831693183409904,-9.956585478979952e-05,0.0027032657525135704,False
M1e6,1000000.0,3,0.0001,0.0001,fti_dchi6lv,0.0,Deltat,0.10025326583737207,0.010314693996130296,0.10288636395010306,False
M1e6,1000000.0,3,0.0001,0.0001,fti_dchi6lv,0.0,dist,-0.043866748293174516,-1.2517344339748802,28.534926400497408,False
M1e6,1000000.0,3,0.0001,0.0001,fti_dchi6lv,0.0,inc,0.04777190328129129,0.00013656161343461392,0.002858617807846374,False
M1e6,1000000.0,3,0.0001,0.0001,fti_dchi6lv,0.0,phi,-0.1413543297929246,-0.0022413082752927513,0.015855957709793044,False
M1e6,1000000.0,3,0.0001,0.0001,fti_dchi6lv,0.0,lambda,-0.044076246936430336,-0.00014929925632863793,0.003387295123923939,False
M1e6,1000000.0,3,0.0001,0.0001,fti_dchi6lv,0.0,beta,-0.010391617032257853,-1.7782201371305874e-05,0.0017112063806918626,False
M1e6,1000000.0,3,0.0001,0.0001,fti_dchi6lv,0.0,psi,-0.04389808925494417,-0.00017486520633532194,0.003983435482117873,False
M1e6,1000000.0,3,0.0001,0.0001,fti_dchi6lv,0.0,fti_dchi6lv,-0.0095056738554615,-9.60549313813331e-05,0.01010501021199508,True
M1e6,1000000.0,3,0.0001,0.0001,fti_dchi7v,0.0,Mchirp,-0.040678593950550825,-0.1837530244937372,4.517192131004052,False
M1e6,1000000.0,3,0.0001,0.0001,fti_dchi7v,0.0,q,-0.1434831746364748,-0.0007317548237176432,0.005099934717583424,False
M1e6,1000000.0,3,0.0001,0.0001,fti_dchi7v,0.0,chiPN,-0.09550427478267146,-3.2977942810219096e-05,0.0003453033163726269,False
M1e6,1000000.0,3,0.0001,0.0001,fti_dchi7v,0.0,chim,-0.041849526721383236,-9.930247267618384e-05,0.002372845775229394,False
M1e6,1000000.0,3,0.0001,0.0001,fti_dchi7v,0.0,Deltat,0.09991691699843865,0.011033342284238374,0.11042516738592711,False
M1e6,1000000.0,3,0.0001,0.0001,fti_dchi7v,0.0,dist,-0.04528724684982225,-1.283951210114075,28.351275456682227,False
M1e6,1000000.0,3,0.0001,0.0001,fti_dchi7v,0.0,inc,0.04927814062063805,0.0001416313125862559,0.0028741204680709817,False
M1e6,1000000.0,3,0.0001,0.0001,fti_dchi7v,0.0,phi,-0.14691613293821243,-0.0022693238125241215,0.015446389495417202,False
M1e6,1000000.0,3,0.0001,0.0001,fti_dchi7v,0.0,lambda,-0.04553244869349648,-0.00015506735395582065,0.0034056449500369027,False
M1e6,1000000.0,3,0.0001,0.0001,fti_dchi7v,0.0,beta,-0.010432433808682409,-1.7402075127222335e-05,0.0016680743387740866,False
M1e6,1000000.0,3,0.0001,0.0001,fti_dchi7v,0.0,psi,-0.04553205029870631,-0.00018019146720063434,0.003957464379893169,False
M1e6,1000000.0,3,0.0001,0.0001,fti_dchi7v,0.0,fti_dchi7v,0.0186397578007323,5.0331071634469e-05,0.002700199872365919,True
M1e6,1000000.0,3,0.0001,0.0001,fti_dkappa_S,0.0,Mchirp,-0.05138272002370544,-0.21155749344222852,4.117288717775672,False
M1e6,1000000.0,3,0.0001,0.0001,fti_dkappa_S,0.0,q,-0.13858337820196795,-0.0007213565291002904,0.005205216804925938,False
M1e6,1000000.0,3,0.0001,0.0001,fti_dkappa_S,0.0,chiPN,-0.09098119429084074,-3.353415699835942e-05,0.0003685833897844906,False
M1e6,1000000.0,3,0.0001,0.0001,fti_dkappa_S,0.0,chim,-0.03876566899545268,-0.00010149079754028981,0.002618058714585706,False
M1e6,1000000.0,3,0.0001,0.0001,fti_dkappa_S,0.0,Deltat,0.09958368862994088,0.010506072779309575,0.10549993602216111,False
M1e6,1000000.0,3,0.0001,0.0001,fti_dkappa_S,0.0,dist,-0.04435756352943809,-1.2645314631912252,28.5076853319956,False
M1e6,1000000.0,3,0.0001,0.0001,fti_dkappa_S,0.0,inc,0.048139561985768,0.00013782510716735418,0.0028630320152913074,False
M1e6,1000000.0,3,0.0001,0.0001,fti_dkappa_S,0.0,phi,-0.14279135012972693,-0.0022533443334147294,0.015780678110876818,False
M1e6,1000000.0,3,0.0001,0.0001,fti_dkappa_S,0.0,lambda,-0.04441609707119302,-0.0001506580172082821,0.0033919688388378117,False
M1e6,1000000.0,3,0.0001,0.0001,fti_dkappa_S,0.0,beta,-0.010756527550384297,-1.8276128884231777e-05,0.0016990733114032538,False
M1e6,1000000.0,3,0.0001,0.0001,fti_dkappa_S,0.0,psi,-0.04443880457085139,-0.00017687107074877174,0.00398010415574469,False
M1e6,1000000.0,3,0.0001,0.0001,fti_dkappa_S,0.0,fti_dkappa_S,-0.012086026412821724,-7.936916988259793e-05,0.006567019396747091,True
M1e6,1000000.0,3,0.0001,0.0001,fti_dxi0v,0.0,Mchirp,-0.005793497926430916,-0.5285584546299962,91.23304458583185,False
M1e6,1000000.0,3,0.0001,0.0001,fti_dxi0v,0.0,q,-0.1485043480304714,-0.0006936742690966721,0.004671070431919865,False
M1e6,1000000.0,3,0.0001,0.0001,fti_dxi0v,0.0,chiPN,-0.11923247518683826,-3.6087222279856165e-05,0.00030266269506950346,False
M1e6,1000000.0,3,0.0001,0.0001,fti_dxi0v,0.0,chim,-0.03408743688899467,-8.998001642708531e-05,0.0026396826701903155,False
M1e6,1000000.0,3,0.0001,0.0001,fti_dxi0v,0.0,Deltat,0.1040211376287618,0.009950159696900926,0.09565517089816666,False
M1e6,1000000.0,3,0.0001,0.0001,fti_dxi0v,0.0,dist,-0.04294625772189724,-1.2094924874483963,28.16293087236111,False
M1e6,1000000.0,3,0.0001,0.0001,fti_dxi0v,0.0,inc,0.04649886748293383,0.00013272514700701964,0.00285437375557013,False
M1e6,1000000.0,3,0.0001,0.0001,fti_dxi0v,0.0,phi,-0.13931101253321218,-0.002206402490369485,0.015837961768050978,False
M1e6,1000000.0,3,0.0001,0.0001,fti_dxi0v,0.0,lambda,-0.04280791742226621,-0.00014529583526911083,0.003394134637195322,False
M1e6,1000000.0,3,0.0001,0.0001,fti_dxi0v,0.0,beta,-0.008849488343017587,-1.5116841555680308e-05,0.0017082164493281446,False
M1e6,1000000.0,3,0.0001,0.0001,fti_dxi0v,0.0,psi,-0.04297144159226594,-0.0001673879326704765,0.0038953296996348205,False
M1e6,1000000.0,3,0.0001,0.0001,fti_dxi0v,0.0,fti_dxi0v,-0.04876252147879296,-1.0796183553772553e-06,2.2140330783484735e-05,True
M1e6,1000000.0,4,0.0,0.0,fti_dchiMinus2v,0.0,Mchirp,-1.1894387803719694e-07,-1.7657520220426548e-06,14.845253502584276,False
M1e6,1000000.0,4,0.0,0.0,fti_dchiMinus2v,0.0,q,1.1465808122840673e-07,5.55984054937753e-10,0.004849061217326625,False
M1e6,1000000.0,4,0.0,0.0,fti_dchiMinus2v,0.0,chiPN,-9.154238795475268e-08,-3.30547782460849e-11,0.0003610871311596451,False
M1e6,1000000.0,4,0.0,0.0,fti_dchiMinus2v,0.0,chim,1.810969273338042e-07,4.900662266605119e-10,0.0027060990701250533,False
M1e6,1000000.0,4,0.0,0.0,fti_dchiMinus2v,0.0,Deltat,0.0012894632507805738,0.00011613721664225501,0.0900663253271868,False
M1e6,1000000.0,4,0.0,0.0,fti_dchiMinus2v,0.0,dist,-7.532804113086162e-07,-2.1205392725764938e-05,28.150729007975183,False
M1e6,1000000.0,4,0.0,0.0,fti_dchiMinus2v,0.0,inc,3.645566071006726e-07,1.0359843037008624e-09,0.0028417652664151946,False
M1e6,1000000.0,4,0.0,0.0,fti_dchiMinus2v,0.0,phi,0.00019931140722522503,3.0021979234504386e-06,0.015062850467248508,False
M1e6,1000000.0,4,0.0,0.0,fti_dchiMinus2v,0.0,lambda,-3.5752653878870556e-07,-1.2066737157683015e-09,0.0033750605475512214,False
M1e6,1000000.0,4,0.0,0.0,fti_dchiMinus2v,0.0,beta,3.8487124772697884e-08,6.588112564168136e-11,0.0017117705214606293,False
M1e6,1000000.0,4,0.0,0.0,fti_dchiMinus2v,0.0,psi,0.0015720472130190445,6.166785503564803e-06,0.003922773726192214,False
M1e6,1000000.0,4,0.0,0.0,fti_dchiMinus2v,0.0,fti_dchiMinus2v,1.0520527411824224e-07,1.1608190796084956e-13,1.1033848724198262e-06,True
M1e6,1000000.0,4,0.0,0.0,fti_dchi0v,0.0,Mchirp,1.0605360655604335e-07,9.546729666354281e-06,90.0179633335654,False
M1e6,1000000.0,4,0.0,0.0,fti_dchi0v,0.0,q,8.997690503767797e-08,4.2028393325922774e-10,0.00467102011436416,False
M1e6,1000000.0,4,0.0,0.0,fti_dchi0v,0.0,chiPN,-3.986304138715644e-08,-1.2064920317954222e-11,0.00030265930290611105,False
M1e6,1000000.0,4,0.0,0.0,fti_dchi0v,0.0,chim,1.826521730996992e-07,4.802475915316635e-10,0.002629301274557102,False
M1e6,1000000.0,4,0.0,0.0,fti_dchi0v,0.0,Deltat,0.001216198839889604,0.00011613339034303853,0.09548881855008191,False
M1e6,1000000.0,4,0.0,0.0,fti_dchi0v,0.0,dist,-7.531347468546437e-07,-2.119784733300989e-05,28.146155016136984,False
M1e6,1000000.0,4,0.0,0.0,fti_dchi0v,0.0,inc,3.7317254902428807e-07,1.0651913841602735e-09,0.0028544205273012863,False
M1e6,1000000.0,4,0.0,0.0,fti_dchi0v,0.0,phi,0.00019000628637568878,3.002509504662523e-06,0.01580215877029368,False
M1e6,1000000.0,4,0.0,0.0,fti_dchi0v,0.0,lambda,-3.653753027624669e-07,-1.2401047128475593e-09,0.0033940572979935654,False
M1e6,1000000.0,4,0.0,0.0,fti_dchi0v,0.0,beta,3.782480495834787e-08,6.448627581630371e-11,0.0017048673717502327,False
M1e6,1000000.0,4,0.0,0.0,fti_dchi0v,0.0,psi,0.0015833699469091998,6.166750835099683e-06,0.003894699938657685,False
M1e6,1000000.0,4,0.0,0.0,fti_dchi0v,0.0,fti_dchi0v,-1.0907945204863856e-07,-5.0077491510632476e-11,0.00045909188733642435,True
M1e6,1000000.0,4,0.0,0.0,fti_dchi1v,0.0,Mchirp,1.1783344464773254e-07,1.8384763406098514e-06,15.6023304428216,False
M1e6,1000000.0,4,0.0,0.0,fti_dchi1v,0.0,q,1.3113621293360796e-07,6.499211080608375e-10,0.004956076536920291,False
M1e6,1000000.0,4,0.0,0.0,fti_dchi1v,0.0,chiPN,-1.1081484822030015e-07,-4.0189423613872215e-11,0.0003626718283634298,False
M1e6,1000000.0,4,0.0,0.0,fti_dchi1v,0.0,chim,2.0260687592128196e-07,5.958757978686245e-10,0.002941044301478385,False
M1e6,1000000.0,4,0.0,0.0,fti_dchi1v,0.0,Deltat,0.0012524662711542122,0.00011613376254432112,0.09272406388820185,False
M1e6,1000000.0,4,0.0,0.0,fti_dchi1v,0.0,dist,-7.345571219447417e-07,-2.0857503294169355e-05,28.39466485458485,False
M1e6,1000000.0,4,0.0,0.0,fti_dchi1v,0.0,inc,3.634108114802018e-07,1.0327607127239187e-09,0.002841854672725339,False
M1e6,1000000.0,4,0.0,0.0,fti_dchi1v,0.0,phi,0.00019068270278244757,3.0026542837830188e-06,0.0157468624052848,False
M1e6,1000000.0,4,0.0,0.0,fti_dchi1v,0.0,lambda,-3.577561656383645e-07,-1.207395093749523e-09,0.0033749106506525185,False
M1e6,1000000.0,4,0.0,0.0,fti_dchi1v,0.0,beta,5.590062921896242e-08,9.763027272204333e-11,0.0017464968478194788,False
M1e6,1000000.0,4,0.0,0.0,fti_dchi1v,0.0,psi,0.0015621345982007038,6.166826005286002e-06,0.003947691839351787,False
M1e6,1000000.0,4,0.0,0.0,fti_dchi1v,0.0,fti_dchi1v,-1.3938603139495278e-07,-9.546209858707485e-11,0.0006848756480954774,True
M1e6,1000000.0,4,0.0,0.0,fti_dchi2v,0.0,Mchirp,7.68826669633437e-08,5.412858975345491e-07,7.040415205583656,False
M1e6,1000000.0,4,0.0,0.0,fti_dchi2v,0.0,q,1.3734468547489989e-07,6.98153044070512e-10,0.005083218485349412,False
M1e6,1000000.0,4,0.0,0.0,fti_dchi2v,0.0,chiPN,-1.1573684336935679e-07,-4.363694492486264e-11,0.0003770359001895522,False
M1e6,1000000.0,4,0.0,0.0,fti_dchi2v,0.0,chim,2.024880229295541e-07,5.953065568032071e-10,0.002939959352609785,False
M1e6,1000000.0,4,0.0,0.0,fti_dchi2v,0.0,Deltat,0.0012273957460945094,0.00011613280713919675,0.09461724754116473,False
M1e6,1000000.0,4,0.0,0.0,fti_dchi2v,0.0,dist,-7.298963344792507e-07,-2.078968427055017e-05,28.483064359245898,False
M1e6,1000000.0,4,0.0,0.0,fti_dchi2v,0.0,inc,3.5840231579132286e-07,1.0193830401647973e-09,0.002844242336755228,False
M1e6,1000000.0,4,0.0,0.0,fti_dchi2v,0.0,phi,0.00018961476148154075,3.0026889701603786e-06,0.01583573423661266,False
M1e6,1000000.0,4,0.0,0.0,fti_dchi2v,0.0,lambda,-3.532049263826885e-07,-1.19209470415924e-09,0.003375079493844986,False
M1e6,1000000.0,4,0.0,0.0,fti_dchi2v,0.0,beta,5.572858817159185e-08,9.730036974698805e-11,0.0017459686839256371,False
M1e6,1000000.0,4,0.0,0.0,fti_dchi2v,0.0,psi,0.0015543840436442748,6.166840992031408e-06,0.003967385677463057,False
M1e6,1000000.0,4,0.0,0.0,fti_dchi2v,0.0,fti_dchi2v,-1.392092890770475e-07,-6.416480904376353e-11,0.00046092332967989327,True
M1e6,1000000.0,4,0.0,0.0,fti_dchi3v,0.0,Mchirp,2.419896314480033e-09,1.0948015959078017e-08,4.524167375919341,False
M1e6,1000000.0,4,0.0,0.0,fti_dchi3v,0.0,q,1.3800242385451616e-07,7.136569071428903e-10,0.005171336033164433,False
M1e6,1000000.0,4,0.0,0.0,fti_dchi3v,0.0,chiPN,-1.1301831196628778e-07,-4.30545802494449e-11,0.0003809522501299404,False
M1e6,1000000.0,4,0.0,0.0,fti_dchi3v,0.0,chim,1.9810365266823638e-07,5.700283403528269e-10,0.002877424684881766,False
M1e6,1000000.0,4,0.0,0.0,fti_dchi3v,0.0,Deltat,0.0011868996460523307,0.00011613177392802584,0.09784464450240939,False
M1e6,1000000.0,4,0.0,0.0,fti_dchi3v,0.0,dist,-7.282149384800742e-07,-2.0784054271194563e-05,28.54109847646756,False
M1e6,1000000.0,4,0.0,0.0,fti_dchi3v,0.0,inc,3.5400773946603423e-07,1.0086314041060163e-09,0.002849178963226568,False
M1e6,1000000.0,4,0.0,0.0,fti_dchi3v,0.0,phi,0.00018879806813760467,3.0026781561174123e-06,0.01590417839407617,False
M1e6,1000000.0,4,0.0,0.0,fti_dchi3v,0.0,lambda,-3.489287230730075e-07,-1.1788450359373915e-09,0.003378469463778532,False
M1e6,1000000.0,4,0.0,0.0,fti_dchi3v,0.0,beta,5.160080557209825e-08,8.959597194474651e-11,0.0017363289381124144,False
M1e6,1000000.0,4,0.0,0.0,fti_dchi3v,0.0,psi,0.0015493676230252588,6.166844450404454e-06,0.0039802331988603315,False
M1e6,1000000.0,4,0.0,0.0,fti_dchi3v,0.0,fti_dchi3v,1.3277699662229802e-07,5.771378500433154e-11,0.0004346670467965633,True
M1e6,1000000.0,4,0.0,0.0,fti_dchi4v,0.0,Mchirp,-6.341966665451536e-08,-2.554864027420889e-07,4.028504346039459,False
M1e6,1000000.0,4,0.0,0.0,fti_dchi4v,0.0,q,1.3335164680261184e-07,6.951471294750454e-10,0.005212887475653058,False
M1e6,1000000.0,4,0.0,0.0,fti_dchi4v,0.0,chiPN,-1.038926327052594e-07,-3.9178696402988834e-11,0.00037710755212198486,False
M1e6,1000000.0,4,0.0,0.0,fti_dchi4v,0.0,chim,1.8933841447931637e-07,5.22274725393455e-10,0.0027584192401194376,False
M1e6,1000000.0,4,0.0,0.0,fti_dchi4v,0.0,Deltat,0.0011412374119422189,0.00011613120445217113,0.10175902335214618,False
M1e6,1000000.0,4,0.0,0.0,fti_dchi4v,0.0,dist,-7.305201558746004e-07,-2.0855422923071743e-05,28.548730319566626,False
M1e6,1000000.0,4,0.0,0.0,fti_dchi4v,0.0,inc,3.5080926762248106e-07,1.0019140664552706e-09,0.0028560079762016653,False
M1e6,1000000.0,4,0.0,0.0,fti_dchi4v,0.0,phi,0.00018901397440730671,3.0025939686565903e-06,0.015885566017390294,False
M1e6,1000000.0,4,0.0,0.0,fti_dchi4v,0.0,lambda,-3.4547792076209176e-07,-1.1693138437770048e-09,0.0033846268415579457,False
M1e6,1000000.0,4,0.0,0.0,fti_dchi4v,0.0,beta,4.375772442471537e-08,7.52105249485365e-11,0.0017187942457550618,False
M1e6,1000000.0,4,0.0,0.0,fti_dchi4v,0.0,psi,0.001547738588559325,6.166835548089832e-06,0.00398441674432249,False
M1e6,1000000.0,4,0.0,0.0,fti_dchi4v,0.0,fti_dchi4v,-1.193182877762207e-07,-4.82121007647099e-10,0.004040629618749712,True
M1e6,1000000.0,4,0.0,0.0,fti_dchi5lv,0.0,Mchirp,-8.917971882724882e-08,-3.720956731484426e-07,4.172424829789315,False
M1e6,1000000.0,4,0.0,0.0,fti_dchi5lv,0.0,q,1.2492059861147942e-07,6.5018012179144e-10,0.005204747087496685,False
M1e6,1000000.0,4,0.0,0.0,fti_dchi5lv,0.0,chiPN,-9.075484020017092e-08,-3.338048419152125e-11,0.0003678094095906786,False
M1e6,1000000.0,4,0.0,0.0,fti_dchi5lv,0.0,chim,1.782007793540399e-07,4.655528454877624e-10,0.002612518571329178,False
M1e6,1000000.0,4,0.0,0.0,fti_dchi5lv,0.0,Deltat,0.0011008523505153733,0.00011613132886398097,0.10549219321702236,False
M1e6,1000000.0,4,0.0,0.0,fti_dchi5lv,0.0,dist,-7.361070538627026e-07,-2.0983374185545856e-05,28.50587299148425,False
M1e6,1000000.0,4,0.0,0.0,fti_dchi5lv,0.0,inc,3.4947708606029513e-07,1.000644170469486e-09,0.002863261170424333,False
M1e6,1000000.0,4,0.0,0.0,fti_dchi5lv,0.0,phi,0.00019030909926336177,3.0024558474426883e-06,0.01577673300469832,False
M1e6,1000000.0,4,0.0,0.0,fti_dchi5lv,0.0,lambda,-3.4361961192954107e-07,-1.1656350898880345e-09,0.003392225150778201,False
M1e6,1000000.0,4,0.0,0.0,fti_dchi5lv,0.0,beta,3.430710503321022e-08,5.826829438463884e-11,0.0016984322730884324,False
M1e6,1000000.0,4,0.0,0.0,fti_dchi5lv,0.0,psi,0.0015495115226285092,6.166817436637471e-06,0.003979846129944493,False
M1e6,1000000.0,4,0.0,0.0,fti_dchi5lv,0.0,fti_dchi5lv,1.0068838493301938e-07,7.371463460389147e-10,0.007321066342749308,True
M1e6,1000000.0,4,0.0,0.0,fti_dchi6v,0.0,Mchirp,-9.139868271055567e-08,-4.0039975515715476e-07,4.380804441407036,False
M1e6,1000000.0,4,0.0,0.0,fti_dchi6v,0.0,q,1.1522408958173892e-07,5.946260887244046e-10,0.005160605658789625,False
M1e6,1000000.0,4,0.0,0.0,fti_dchi6v,0.0,chiPN,-7.686574920545391e-08,-2.7389248421355594e-11,0.0003563257849493806,False
M1e6,1000000.0,4,0.0,0.0,fti_dchi6v,0.0,chim,1.6744754245767746e-07,4.146827593901623e-10,0.0024764935531673975,False
M1e6,1000000.0,4,0.0,0.0,fti_dchi6v,0.0,Deltat,0.001071049565450137,0.00011613202945672365,0.10842824945073021,False
M1e6,1000000.0,4,0.0,0.0,fti_dchi6v,0.0,dist,-7.430853397554308e-07,-2.112786024932589e-05,28.432616173372004,False
M1e6,1000000.0,4,0.0,0.0,fti_dchi6v,0.0,inc,3.499004731827304e-07,1.0040424008427983e-09,0.002869508553989442,False
M1e6,1000000.0,4,0.0,0.0,fti_dchi6v,0.0,phi,0.00019225939519709875,3.002304636895133e-06,0.01561590596817002,False
M1e6,1000000.0,4,0.0,0.0,fti_dchi6v,0.0,lambda,-3.4342516187440516e-07,-1.1675004958839382e-09,0.003399577624166361,False
M1e6,1000000.0,4,0.0,0.0,fti_dchi6v,0.0,beta,2.5725968363150137e-08,4.323648254676046e-11,0.0016806552016402374,False
M1e6,1000000.0,4,0.0,0.0,fti_dchi6v,0.0,psi,0.0015535057577348906,6.166796185483098e-06,0.003969599825928341,False
M1e6,1000000.0,4,0.0,0.0,fti_dchi6v,0.0,fti_dchi6v,8.004402894300934e-08,5.024227898005546e-10,0.006276830344937725,True
M1e6,1000000.0,4,0.0,0.0,fti_dchi6lv,0.0,Mchirp,-8.695232790697606e-08,-3.5792133670775605e-07,4.116293897164777,False
M1e6,1000000.0,4,0.0,0.0,fti_dchi6lv,0.0,q,1.3037533140762093e-07,6.798700179900087e-10,0.005214713632170048,False
M1e6,1000000.0,4,0.0,0.0,fti_dchi6lv,0.0,chiPN,-9.877955942946451e-08,-3.682238138670102e-11,0.00037277329033842037,False
M1e6,1000000.0,4,0.0,0.0,fti_dchi6lv,0.0,chim,1.851340963299971e-07,5.004674366712505e-10,0.002703269935642645,False
M1e6,1000000.0,4,0.0,0.0,fti_dchi6lv,0.0,Deltat,0.0011287302533166256,0.00011613126053919526,0.10288663761599266,False
M1e6,1000000.0,4,0.0,0.0,fti_dchi6lv,0.0,dist,-7.324735555105638e-07,-2.0901550352281362e-05,28.535569912434767,False
M1e6,1000000.0,4,0.0,0.0,fti_dchi6lv,0.0,inc,3.5017939039460003e-07,1.0010293586886973e-09,0.00285861871414159,False
M1e6,1000000.0,4,0.0,0.0,fti_dchi6lv,0.0,phi,0.0001893637186670141,3.0025456056339108e-06,0.015855970862685295,False
M1e6,1000000.0,4,0.0,0.0,fti_dchi6lv,0.0,lambda,-3.4465163307823826e-07,-1.1674341072846761e-09,0.003387287322151352,False
M1e6,1000000.0,4,0.0,0.0,fti_dchi6lv,0.0,beta,4.020428540192865e-08,6.879816555587902e-11,0.001711214734153158,False
M1e6,1000000.0,4,0.0,0.0,fti_dchi6lv,0.0,psi,0.0015481292783778137,6.166829197713905e-06,0.0039834071248725,False
M1e6,1000000.0,4,0.0,0.0,fti_dchi6lv,0.0,fti_dchi6lv,1.125172120148747e-07,1.1369910200788227e-09,0.010105040817475226,True
M1e6,1000000.0,4,0.0,0.0,fti_dchi7v,0.0,Mchirp,-8.529014928762809e-08,-3.8527254536679933e-07,4.517198628267447,False
M1e6,1000000.0,4,0.0,0.0,fti_dchi7v,0.0,q,1.062571538625751e-07,5.419050157608532e-10,0.005099939119974094,False
M1e6,1000000.0,4,0.0,0.0,fti_dchi7v,0.0,chiPN,-6.462402719020664e-08,-2.231491889040431e-11,0.0003453037494046176,False
M1e6,1000000.0,4,0.0,0.0,fti_dchi7v,0.0,chim,1.5892040376666601e-07,3.7709373820683963e-10,0.0023728465903000433,False
M1e6,1000000.0,4,0.0,0.0,fti_dchi7v,0.0,Deltat,0.0010516870684514506,0.00011613302868897484,0.11042546036053683,False
M1e6,1000000.0,4,0.0,0.0,fti_dchi7v,0.0,dist,-7.497815128850773e-07,-2.1257745405622863e-05,28.351919913076255,False
M1e6,1000000.0,4,0.0,0.0,fti_dchi7v,0.0,inc,3.514424666308792e-07,1.0100884400410627e-09,0.0028741217580343266,False
M1e6,1000000.0,4,0.0,0.0,fti_dchi7v,0.0,phi,0.00019436062367190332,3.00217163194639e-06,0.015446398427977376,False
M1e6,1000000.0,4,0.0,0.0,fti_dchi7v,0.0,lambda,-3.4439940324119654e-07,-1.1728997107861468e-09,0.003405638046256191,False
M1e6,1000000.0,4,0.0,0.0,fti_dchi7v,0.0,beta,1.9365464408571422e-08,3.2303168322358024e-11,0.0016680812626450722,False
M1e6,1000000.0,4,0.0,0.0,fti_dchi7v,0.0,psi,0.0015582753309948058,6.166776647703934e-06,0.003957437126189409,False
M1e6,1000000.0,4,0.0,0.0,fti_dchi7v,0.0,fti_dchi7v,-6.002991701381719e-08,-1.620931136506903e-10,0.0027002055260776227,True
M1e6,1000000.0,4,0.0,0.0,fti_dkappa_S,0.0,Mchirp,-8.477807294225508e-08,-3.4905620714675845e-07,4.1172934820600515,False
M1e6,1000000.0,4,0.0,0.0,fti_dkappa_S,0.0,q,1.2527906257665972e-07,6.521053669652273e-10,0.005205222273803305,False
M1e6,1000000.0,4,0.0,0.0,fti_dkappa_S,0.0,chiPN,-9.13871231909046e-08,-3.368383685277627e-11,0.0003685840595114464,False
M1e6,1000000.0,4,0.0,0.0,fti_dkappa_S,0.0,chim,1.786461412584105e-07,4.6770670676492e-10,0.002618062184104975,False
M1e6,1000000.0,4,0.0,0.0,fti_dkappa_S,0.0,Deltat,0.0011007680975793997,0.00011613128378003788,0.1055002266466586,False
M1e6,1000000.0,4,0.0,0.0,fti_dkappa_S,0.0,dist,-7.358464384986317e-07,-2.0977753435236224e-05,28.50833045823763,False
M1e6,1000000.0,4,0.0,0.0,fti_dkappa_S,0.0,inc,3.4947445803328865e-07,1.0005569336111238e-09,0.0028630330789891872,False
M1e6,1000000.0,4,0.0,0.0,fti_dkappa_S,0.0,phi,0.00019026171168717737,3.0024613152272793e-06,0.015780691178495423,False
M1e6,1000000.0,4,0.0,0.0,fti_dkappa_S,0.0,lambda,-3.43643437311944e-07,-1.165625197044654e-09,0.0033919611739494735,False
M1e6,1000000.0,4,0.0,0.0,fti_dkappa_S,0.0,beta,3.464354284175772e-08,5.886220240473297e-11,0.0016990814904122103,False
M1e6,1000000.0,4,0.0,0.0,fti_dkappa_S,0.0,psi,0.0015494221591984302,6.1668182077652075e-06,0.0039800761665597425,False
M1e6,1000000.0,4,0.0,0.0,fti_dkappa_S,0.0,fti_dkappa_S,1.0147934314839241e-07,6.664187364923899e-10,0.006567038333288098,True
M1e6,1000000.0,4,0.0,0.0,fti_dxi0v,0.0,Mchirp,1.0732471895360917e-07,9.791584084872795e-06,91.23326089589092,False
M1e6,1000000.0,4,0.0,0.0,fti_dxi0v,0.0,q,9.013266445454508e-08,4.210157508740902e-10,0.004671067402943726,False
M1e6,1000000.0,4,0.0,0.0,fti_dxi0v,0.0,chiPN,-3.977878131844696e-08,-1.2039569526474088e-11,0.0003026631064961981,False
M1e6,1000000.0,4,0.0,0.0,fti_dxi0v,0.0,chim,1.8340897502408476e-07,4.841418187575067e-10,0.002639684446706768,False
M1e6,1000000.0,4,0.0,0.0,fti_dxi0v,0.0,Deltat,0.0012140801011466002,0.00011613329714903734,0.0956553830668659,False
M1e6,1000000.0,4,0.0,0.0,fti_dxi0v,0.0,dist,-7.5193398635962e-07,-2.1177129464700073e-05,28.163548727496803,False
M1e6,1000000.0,4,0.0,0.0,fti_dxi0v,0.0,inc,3.7327361477709697e-07,1.0654622523202607e-09,0.002854373334039453,False
M1e6,1000000.0,4,0.0,0.0,fti_dxi0v,0.0,phi,0.00018957782628826084,3.0025273950218018e-06,0.015837967202220877,False
M1e6,1000000.0,4,0.0,0.0,fti_dxi0v,0.0,lambda,-3.6552033943666827e-07,-1.2406230762352548e-09,0.0033941287047043,False
M1e6,1000000.0,4,0.0,0.0,fti_dxi0v,0.0,beta,3.8945892715274116e-08,6.652817267352104e-11,0.0017082205088966797,False
M1e6,1000000.0,4,0.0,0.0,fti_dxi0v,0.0,psi,0.0015831260688140905,6.166752581085756e-06,0.0038953010139648764,False
M1e6,1000000.0,4,0.0,0.0,fti_dxi0v,0.0,fti_dxi0v,-1.0496868758091909e-07,-2.324044978891773e-12,2.2140364259581646e-05,True
M1e6,1000000.0,5,0.05,0.05,fti_dchiMinus2v,0.0,Mchirp,-11.391166403303817,-168.9762354264443,14.833971293531063,False
M1e6,1000000.0,5,0.05,0.05,fti_dchiMinus2v,0.0,q,-73.51859740840015,-0.3566257753157892,0.004850823980423783,False
M1e6,1000000.0,5,0.05,0.05,fti_dchiMinus2v,0.0,chiPN,-51.458765870450556,-0.018564757263834834,0.0003607695783177609,False
M1e6,1000000.0,5,0.05,0.05,fti_dchiMinus2v,0.0,chim,-18.05381603944129,-0.04885045868933874,0.002705824551586076,False
M1e6,1000000.0,5,0.05,0.05,fti_dchiMinus2v,0.0,Deltat,53.80291882041104,4.841792924615465,0.08999126870378359,False
M1e6,1000000.0,5,0.05,0.05,fti_dchiMinus2v,0.0,dist,-22.839902682762247,-636.7750150882603,27.87993556421095,False
M1e6,1000000.0,5,0.05,0.05,fti_dchiMinus2v,0.0,inc,25.950488051811526,0.07374994951386629,0.002841948458411287,False
M1e6,1000000.0,5,0.05,0.05,fti_dchiMinus2v,0.0,phi,-75.06660940002492,-1.1310208572419023,0.015066896803807512,False
M1e6,1000000.0,5,0.05,0.05,fti_dchiMinus2v,0.0,lambda,-24.317629819131064,-0.08214656245802454,0.0033780661630681843,False
M1e6,1000000.0,5,0.05,0.05,fti_dchiMinus2v,0.0,beta,-2.912690884801688,-0.0049793490594284215,0.0017095357030196643,False
M1e6,1000000.0,5,0.05,0.05,fti_dchiMinus2v,0.0,psi,-23.89813490959274,-0.094050323744788,0.003935467102373587,False
M1e6,1000000.0,5,0.05,0.05,fti_dchiMinus2v,0.0,fti_dchiMinus2v,4.693181258796747,5.175424595446947e-06,1.1027540403955843e-06,True
M1e6,1000000.0,5,0.05,0.05,fti_dchi0v,0.0,Mchirp,-4.882947513076553,-439.055199024162,89.91601852126618,False
M1e6,1000000.0,5,0.05,0.05,fti_dchi0v,0.0,q,-77.62698652842566,-0.3627662738127898,0.004673197943603685,False
M1e6,1000000.0,5,0.05,0.05,fti_dchi0v,0.0,chiPN,-58.35861114853862,-0.017651253355634427,0.00030246184767329643,False
M1e6,1000000.0,5,0.05,0.05,fti_dchi0v,0.0,chim,-23.19263648482899,-0.0609716372741419,0.0026289222147738702,False
M1e6,1000000.0,5,0.05,0.05,fti_dchi0v,0.0,Deltat,51.85133191698511,4.945441178073417,0.09537732195560868,False
M1e6,1000000.0,5,0.05,0.05,fti_dchi0v,0.0,dist,-23.777287228019553,-662.8498546905842,27.877438175935847,False
M1e6,1000000.0,5,0.05,0.05,fti_dchi0v,0.0,inc,25.475054508611755,0.07272536409918948,0.002854767752296856,False
M1e6,1000000.0,5,0.05,0.05,fti_dchi0v,0.0,phi,-73.69980195529462,-1.1645815738129557,0.015801692038729987,False
M1e6,1000000.0,5,0.05,0.05,fti_dchi0v,0.0,lambda,-23.7147236912226,-0.08055012044917098,0.0033966290941430852,False
M1e6,1000000.0,5,0.05,0.05,fti_dchi0v,0.0,beta,-5.00706115297967,-0.008528674645340933,0.0017033294351249484,False
M1e6,1000000.0,5,0.05,0.05,fti_dchi0v,0.0,psi,-24.826308167326356,-0.09699825820683584,0.003907075411820362,False
M1e6,1000000.0,5,0.05,0.05,fti_dchi0v,0.0,fti_dchi0v,3.752636069832381,0.0017208049588949559,0.00045855897744217415,True
M1e6,1000000.0,5,0.05,0.05,fti_dchi1v,0.0,Mchirp,-6.151407935383994,-95.87296892744098,15.585532602375887,False
M1e6,1000000.0,5,0.05,0.05,fti_dchi1v,0.0,q,-73.04775383784943,-0.362061135245726,0.004956499224458361,False
M1e6,1000000.0,5,0.05,0.05,fti_dchi1v,0.0,chiPN,-48.91888841010919,-0.017722543816948273,0.0003622842708193237,False
M1e6,1000000.0,5,0.05,0.05,fti_dchi1v,0.0,chim,-18.75486438395082,-0.055121058638521014,0.0029390273109993793,False
M1e6,1000000.0,5,0.05,0.05,fti_dchi1v,0.0,Deltat,52.0063908214265,4.817225913220777,0.0926275759023849,False
M1e6,1000000.0,5,0.05,0.05,fti_dchi1v,0.0,dist,-23.0915525094405,-649.3641751150615,28.12128698793996,False
M1e6,1000000.0,5,0.05,0.05,fti_dchi1v,0.0,inc,25.943379522243138,0.07373150319715027,0.0028420161349424393,False
M1e6,1000000.0,5,0.05,0.05,fti_dchi1v,0.0,phi,-72.51366755935761,-1.1417770423695486,0.01574568051512389,False
M1e6,1000000.0,5,0.05,0.05,fti_dchi1v,0.0,lambda,-24.24966348704472,-0.08191351255548729,0.003377923681260535,False
M1e6,1000000.0,5,0.05,0.05,fti_dchi1v,0.0,beta,-3.888569722316965,-0.006780862650391961,0.0017437935113972067,False
M1e6,1000000.0,5,0.05,0.05,fti_dchi1v,0.0,psi,-24.270764362799337,-0.09612103824160606,0.003960363044393204,False
M1e6,1000000.0,5,0.05,0.05,fti_dchi1v,0.0,fti_dchi1v,-0.4050528727487553,-0.00027702834004350585,0.0006839313054701873,True
M1e6,1000000.0,5,0.05,0.05,fti_dchi2v,0.0,Mchirp,-14.972893835398994,-105.34246520469611,7.03554478932088,False
M1e6,1000000.0,5,0.05,0.05,fti_dchi2v,0.0,q,-71.59615715027832,-0.36389792264775755,0.005082646012466089,False
M1e6,1000000.0,5,0.05,0.05,fti_dchi2v,0.0,chiPN,-46.49531025077668,-0.01751064828209785,0.0003766110643773012,False
M1e6,1000000.0,5,0.05,0.05,fti_dchi2v,0.0,chim,-19.399299178968434,-0.05698732221414371,0.0029375969558697243,False
M1e6,1000000.0,5,0.05,0.05,fti_dchi2v,0.0,Deltat,51.245819572021105,4.843194162314176,0.09450905854881546,False
M1e6,1000000.0,5,0.05,0.05,fti_dchi2v,0.0,dist,-23.199939113435168,-654.3993970095335,28.206944587650597,False
M1e6,1000000.0,5,0.05,0.05,fti_dchi2v,0.0,inc,25.949181178959975,0.07380684528499061,0.0028442841712799176,False
M1e6,1000000.0,5,0.05,0.05,fti_dchi2v,0.0,phi,-72.4568777877113,-1.1472051309961873,0.015832936306713914,False
M1e6,1000000.0,5,0.05,0.05,fti_dchi2v,0.0,lambda,-24.25323657535722,-0.08193430507419411,0.0033782833404364843,False
M1e6,1000000.0,5,0.05,0.05,fti_dchi2v,0.0,beta,-4.202894296352109,-0.007325026892881753,0.0017428529904355413,False
M1e6,1000000.0,5,0.05,0.05,fti_dchi2v,0.0,psi,-24.33307108656946,-0.09684426353002726,0.0039799441338697296,False
M1e6,1000000.0,5,0.05,0.05,fti_dchi2v,0.0,fti_dchi2v,0.5842697835847972,0.00026889465753565656,0.00046022345342908,True
M1e6,1000000.0,5,0.05,0.05,fti_dchi3v,0.0,Mchirp,-23.528852767262087,-106.42223958533872,4.523052638308571,False
M1e6,1000000.0,5,0.05,0.05,fti_dchi3v,0.0,q,-71.0866619037976,-0.367506539405106,0.005169838188526237,False
M1e6,1000000.0,5,0.05,0.05,fti_dchi3v,0.0,chiPN,-45.05011891310491,-0.01714290441564001,0.0003805296152204651,False
M1e6,1000000.0,5,0.05,0.05,fti_dchi3v,0.0,chim,-20.780654398545753,-0.05974488223731761,0.0028750241013342968,False
M1e6,1000000.0,5,0.05,0.05,fti_dchi3v,0.0,Deltat,50.23432291178988,4.908797951241658,0.09771800766303498,False
M1e6,1000000.0,5,0.05,0.05,fti_dchi3v,0.0,dist,-23.471249858521908,-663.3504069716399,28.26225322341714,False
M1e6,1000000.0,5,0.05,0.05,fti_dchi3v,0.0,inc,26.034616496735808,0.07417455342478096,0.0028490741714624792,False
M1e6,1000000.0,5,0.05,0.05,fti_dchi3v,0.0,phi,-72.73191696679035,-1.1564176548313245,0.01589972742447238,False
M1e6,1000000.0,5,0.05,0.05,fti_dchi3v,0.0,lambda,-24.32363164214756,-0.0822572457173739,0.0033817830711940235,False
M1e6,1000000.0,5,0.05,0.05,fti_dchi3v,0.0,beta,-4.685744650683404,-0.008120154849403927,0.001732948646320201,False
M1e6,1000000.0,5,0.05,0.05,fti_dchi3v,0.0,psi,-24.59589441555499,-0.09820069262316024,0.003992564407865401,False
M1e6,1000000.0,5,0.05,0.05,fti_dchi3v,0.0,fti_dchi3v,-2.1602706421719082,-0.000937489741495115,0.0004339686533686237,True
M1e6,1000000.0,5,0.05,0.05,fti_dchi4v,0.0,Mchirp,-25.38121930090094,-102.21231424980425,4.0270844768350464,False
M1e6,1000000.0,5,0.05,0.05,fti_dchi4v,0.0,q,-71.315273115103,-0.37160728022259015,0.005210767118886514,False
M1e6,1000000.0,5,0.05,0.05,fti_dchi4v,0.0,chiPN,-44.53313213140301,-0.01677679964290392,0.000376726244931548,False
M1e6,1000000.0,5,0.05,0.05,fti_dchi4v,0.0,chim,-22.49433384537843,-0.06200309741018345,0.0027563873567619467,False
M1e6,1000000.0,5,0.05,0.05,fti_dchi4v,0.0,Deltat,49.288625196812525,5.008397567691256,0.10161365929141694,False
M1e6,1000000.0,5,0.05,0.05,fti_dchi4v,0.0,dist,-23.8038192159111,-672.8803335175198,28.267746760055584,False
M1e6,1000000.0,5,0.05,0.05,fti_dchi4v,0.0,inc,26.199559015223855,0.07481923140270397,0.002855743921461752,False
M1e6,1000000.0,5,0.05,0.05,fti_dchi4v,0.0,phi,-73.42325959524113,-1.165976801359438,0.015880210273789178,False
M1e6,1000000.0,5,0.05,0.05,fti_dchi4v,0.0,lambda,-24.4727980047767,-0.08291241730922247,0.0033879418811465405,False
M1e6,1000000.0,5,0.05,0.05,fti_dchi4v,0.0,beta,-5.102549580481491,-0.008752659034076592,0.001715350119782798,False
M1e6,1000000.0,5,0.05,0.05,fti_dchi4v,0.0,psi,-24.943960286764458,-0.09968782579624569,0.003996471476469643,False
M1e6,1000000.0,5,0.05,0.05,fti_dchi4v,0.0,fti_dchi4v,3.8511015929491514,0.015536249034032557,0.0040342350517258065,True
M1e6,1000000.0,5,0.05,0.05,fti_dchi5lv,0.0,Mchirp,-23.06107574766489,-96.16029945083034,4.169809791313282,False
M1e6,1000000.0,5,0.05,0.05,fti_dchi5lv,0.0,q,-72.08027449801364,-0.3749928658970231,0.00520243393228694,False
M1e6,1000000.0,5,0.05,0.05,fti_dchi5lv,0.0,chiPN,-44.95891047940691,-0.016522091319552012,0.0003674931430360136,False
M1e6,1000000.0,5,0.05,0.05,fti_dchi5lv,0.0,chim,-24.115346310036898,-0.06296846749159099,0.0026111367708363895,False
M1e6,1000000.0,5,0.05,0.05,fti_dchi5lv,0.0,Deltat,48.610845270152474,5.120390676611918,0.10533432710654565,False
M1e6,1000000.0,5,0.05,0.05,fti_dchi5lv,0.0,dist,-24.09808254304321,-680.1398082435092,28.22381436484275,False
M1e6,1000000.0,5,0.05,0.05,fti_dchi5lv,0.0,inc,26.40442717468119,0.07559219622653071,0.0028628606758420777,False
M1e6,1000000.0,5,0.05,0.05,fti_dchi5lv,0.0,phi,-74.37323083133016,-1.1729755287710086,0.01577147470480583,False
M1e6,1000000.0,5,0.05,0.05,fti_dchi5lv,0.0,lambda,-24.667744238311396,-0.08375760133870891,0.003395430102142264,False
M1e6,1000000.0,5,0.05,0.05,fti_dchi5lv,0.0,beta,-5.303784082316544,-0.008990590746262225,0.0016951275931910462,False
M1e6,1000000.0,5,0.05,0.05,fti_dchi5lv,0.0,psi,-25.267843907220126,-0.10086040391982615,0.003991650585232796,False
M1e6,1000000.0,5,0.05,0.05,fti_dchi5lv,0.0,fti_dchi5lv,-5.36382905106381,-0.03921196663344928,0.007310443017506749,True
M1e6,1000000.0,5,0.05,0.05,fti_dchi6v,0.0,Mchirp,-20.725523811442976,-90.7281212799985,4.37760329270451,False
M1e6,1000000.0,5,0.05,0.05,fti_dchi6v,0.0,q,-73.08966299431098,-0.37702879292784935,0.00515844207623718,False
M1e6,1000000.0,5,0.05,0.05,fti_dchi6v,0.0,chiPN,-46.09041801323456,-0.016411611691105665,0.00035607426442505206,False
M1e6,1000000.0,5,0.05,0.05,fti_dchi6v,0.0,chim,-25.28884336064028,-0.06261042556665031,0.002475812146636077,False
M1e6,1000000.0,5,0.05,0.05,fti_dchi6v,0.0,Deltat,48.222391638038665,5.220851703787647,0.1082661296224335,False
M1e6,1000000.0,5,0.05,0.05,fti_dchi6v,0.0,dist,-24.293746892709475,-683.8812881710567,28.150506844059063,False
M1e6,1000000.0,5,0.05,0.05,fti_dchi6v,0.0,inc,26.59914313841735,0.07631339304286011,0.002869016969672233,False
M1e6,1000000.0,5,0.05,0.05,fti_dchi6v,0.0,phi,-75.34189903577904,-1.176198121893568,0.015611474318360418,False
M1e6,1000000.0,5,0.05,0.05,fti_dchi6v,0.0,lambda,-24.860044588085028,-0.08458884046275089,0.003402602121771447,False
M1e6,1000000.0,5,0.05,0.05,fti_dchi6v,0.0,beta,-5.265498496838422,-0.008833505227277272,0.0016776199314426162,False
M1e6,1000000.0,5,0.05,0.05,fti_dchi6v,0.0,psi,-25.496842762579142,-0.1015086431079596,0.003981224030488215,False
M1e6,1000000.0,5,0.05,0.05,fti_dchi6v,0.0,fti_dchi6v,-6.546313863198752,-0.04103825626987878,0.006268910585021368,True
M1e6,1000000.0,5,0.05,0.05,fti_dchi6lv,0.0,Mchirp,-23.87030875615151,-98.20052660078869,4.113919413609675,False
M1e6,1000000.0,5,0.05,0.05,fti_dchi6lv,0.0,q,-71.56942527068098,-0.3730583213833596,0.005212537616061954,False
M1e6,1000000.0,5,0.05,0.05,fti_dchi6lv,0.0,chiPN,-44.760951032676026,-0.016669819022735143,0.00037241878552951157,False
M1e6,1000000.0,5,0.05,0.05,fti_dchi6lv,0.0,chim,-23.155863210047446,-0.06255566680523716,0.0027015044197572363,False
M1e6,1000000.0,5,0.05,0.05,fti_dchi6lv,0.0,Deltat,49.13877544618427,5.048403375243295,0.10273767161276123,False
M1e6,1000000.0,5,0.05,0.05,fti_dchi6lv,0.0,dist,-23.927587961570016,-676.0551846313209,28.25421374344668,False
M1e6,1000000.0,5,0.05,0.05,fti_dchi6lv,0.0,inc,26.276183296043413,0.07510542437914103,0.0028583079792433236,False
M1e6,1000000.0,5,0.05,0.05,fti_dchi6lv,0.0,phi,-73.76124610241482,-1.169165756917812,0.015850677946715647,False
M1e6,1000000.0,5,0.05,0.05,fti_dchi6lv,0.0,lambda,-24.544281886122384,-0.08321930937562422,0.0033905782928070655,False
M1e6,1000000.0,5,0.05,0.05,fti_dchi6lv,0.0,beta,-5.213399472039232,-0.008903492752273992,0.0017078094245464319,False
M1e6,1000000.0,5,0.05,0.05,fti_dchi6lv,0.0,psi,-25.07825290617146,-0.10019721183802355,0.003995382461964334,False
M1e6,1000000.0,5,0.05,0.05,fti_dchi6lv,0.0,fti_dchi6lv,-4.472837119372956,-0.04512907365951857,0.010089585749513092,True
M1e6,1000000.0,5,0.05,0.05,fti_dchi7v,0.0,Mchirp,-19.252788231095657,-86.9064328348299,4.513966070351574,False
M1e6,1000000.0,5,0.05,0.05,fti_dchi7v,0.0,q,-74.10142127912978,-0.37777641472230583,0.005098099445343625,False
M1e6,1000000.0,5,0.05,0.05,fti_dchi7v,0.0,chiPN,-47.564513436620956,-0.016414598742395738,0.0003451017903140744,False
M1e6,1000000.0,5,0.05,0.05,fti_dchi7v,0.0,chim,-25.872717884860258,-0.06138978166721365,0.00237276122054176,False
M1e6,1000000.0,5,0.05,0.05,fti_dchi7v,0.0,Deltat,48.04199293536415,5.297358233082461,0.11026516406614403,False
M1e6,1000000.0,5,0.05,0.05,fti_dchi7v,0.0,dist,-24.386573672719837,-684.5416013703947,28.070429678120817,False
M1e6,1000000.0,5,0.05,0.05,fti_dchi7v,0.0,inc,26.753857119560433,0.07687944573848868,0.002873583625528154,False
M1e6,1000000.0,5,0.05,0.05,fti_dchi7v,0.0,phi,-76.16163967862687,-1.1761724418142998,0.015443108194325908,False
M1e6,1000000.0,5,0.05,0.05,fti_dchi7v,0.0,lambda,-25.01796383931613,-0.08527277239315616,0.003408461733370508,False
M1e6,1000000.0,5,0.05,0.05,fti_dchi7v,0.0,beta,-5.059777821973081,-0.008426344689648708,0.0016653586355226209,False
M1e6,1000000.0,5,0.05,0.05,fti_dchi7v,0.0,psi,-25.6195666230882,-0.10168291951901146,0.003968955486833857,False
M1e6,1000000.0,5,0.05,0.05,fti_dchi7v,0.0,fti_dchi7v,7.384192127316118,0.019917594039884662,0.0026973287932479588,True
M1e6,1000000.0,5,0.05,0.05,fti_dkappa_S,0.0,Mchirp,-23.687044506500104,-97.4714503743017,4.114968853440283,False
M1e6,1000000.0,5,0.05,0.05,fti_dkappa_S,0.0,q,-72.04936819928366,-0.37486491562646274,0.005202889699040966,False
M1e6,1000000.0,5,0.05,0.05,fti_dkappa_S,0.0,chiPN,-44.87833795519675,-0.01652708947731967,0.00036826429476553054,False
M1e6,1000000.0,5,0.05,0.05,fti_dkappa_S,0.0,chim,-24.057156855021976,-0.06294896849635515,0.0026166420610594485,False
M1e6,1000000.0,5,0.05,0.05,fti_dkappa_S,0.0,Deltat,48.57769159283353,5.11726640745038,0.10534190159429703,False
M1e6,1000000.0,5,0.05,0.05,fti_dkappa_S,0.0,dist,-24.087288643945186,-679.893666552573,28.226243169277488,False
M1e6,1000000.0,5,0.05,0.05,fti_dkappa_S,0.0,inc,26.395981950863142,0.07556202983738558,0.002862633789417132,False
M1e6,1000000.0,5,0.05,0.05,fti_dkappa_S,0.0,phi,-74.3386491135038,-1.1727196850963961,0.01577536986589347,False
M1e6,1000000.0,5,0.05,0.05,fti_dkappa_S,0.0,lambda,-24.659664592144207,-0.08372371915525517,0.003395168609954529,False
M1e6,1000000.0,5,0.05,0.05,fti_dkappa_S,0.0,beta,-5.298175960946026,-0.008984479142502326,0.0016957683566436485,False
M1e6,1000000.0,5,0.05,0.05,fti_dkappa_S,0.0,psi,-25.255668035918404,-0.10081762265285418,0.003991881050601084,False
M1e6,1000000.0,5,0.05,0.05,fti_dkappa_S,0.0,fti_dkappa_S,-5.30545586755542,-0.03479019666441108,0.006557437764615929,True
M1e6,1000000.0,5,0.05,0.05,fti_dxi0v,0.0,Mchirp,-4.997010847561139,-455.36611267859917,91.12770145392959,False
M1e6,1000000.0,5,0.05,0.05,fti_dxi0v,0.0,q,-77.63353526151691,-0.36280018412758736,0.004673240538453594,False
M1e6,1000000.0,5,0.05,0.05,fti_dxi0v,0.0,chiPN,-58.363902450959294,-0.017653055129552068,0.00030246529769638314,False
M1e6,1000000.0,5,0.05,0.05,fti_dxi0v,0.0,chim,-23.19726643478154,-0.06122324523008865,0.0026392439558435075,False
M1e6,1000000.0,5,0.05,0.05,fti_dxi0v,0.0,Deltat,51.82653361648233,4.951578472443859,0.09554137865143877,False
M1e6,1000000.0,5,0.05,0.05,fti_dxi0v,0.0,dist,-23.802291144134927,-663.9535788079279,27.894523883745173,False
M1e6,1000000.0,5,0.05,0.05,fti_dxi0v,0.0,inc,25.464919667051703,0.07269615808002922,0.002854757015946475,False
M1e6,1000000.0,5,0.05,0.05,fti_dxi0v,0.0,phi,-73.60668844674598,-1.1657127517780717,0.015837049273334153,False
M1e6,1000000.0,5,0.05,0.05,fti_dxi0v,0.0,lambda,-23.70100045313341,-0.08050579699799275,0.003396725684942528,False
M1e6,1000000.0,5,0.05,0.05,fti_dxi0v,0.0,beta,-5.06499572759391,-0.008644323226210629,0.001706679273018272,False
M1e6,1000000.0,5,0.05,0.05,fti_dxi0v,0.0,psi,-24.84494478956719,-0.09708577332445185,0.003907667098749996,False
M1e6,1000000.0,5,0.05,0.05,fti_dxi0v,0.0,fti_dxi0v,-21.466348449944146,-0.00047492515779753346,2.21241707179485e-05,True
M1e6,1000000.0,6,0.02,0.02,fti_dchiMinus2v,0.0,Mchirp,-5.194355912153679,-77.08749164735923,14.840625661978809,False
M1e6,1000000.0,6,0.02,0.02,fti_dchiMinus2v,0.0,q,-28.816827877775072,-0.13975246907852154,0.004849682611537732,False
M1e6,1000000.0,6,0.02,0.02,fti_dchiMinus2v,0.0,chiPN,-21.37795957501608,-0.0077165257322174,0.00036095707380958477,False
M1e6,1000000.0,6,0.02,0.02,fti_dchiMinus2v,0.0,chim,-5.7744551104014805,-0.01562530690975522,0.0027059361638485124,False
M1e6,1000000.0,6,0.02,0.02,fti_dchiMinus2v,0.0,Deltat,22.19173255177573,1.9980680805417412,0.0900365970020606,False
M1e6,1000000.0,6,0.02,0.02,fti_dchiMinus2v,0.0,dist,-8.6884806697015,-243.59344501248708,28.036368413864,False
M1e6,1000000.0,6,0.02,0.02,fti_dchiMinus2v,0.0,inc,9.921123933255027,0.028194028197470227,0.002841817962072371,False
M1e6,1000000.0,6,0.02,0.02,fti_dchiMinus2v,0.0,phi,-29.51024026149916,-0.44454925483589847,0.01506423705454829,False
M1e6,1000000.0,6,0.02,0.02,fti_dchiMinus2v,0.0,lambda,-9.24731332271597,-0.03122220695361459,0.0033763543922446563,False
M1e6,1000000.0,6,0.02,0.02,fti_dchiMinus2v,0.0,beta,-1.0228027225207768,-0.00174976886160199,0.0017107589010806978,False
M1e6,1000000.0,6,0.02,0.02,fti_dchiMinus2v,0.0,psi,-9.003560153612105,-0.03536752467547746,0.003928171086999235,False
M1e6,1000000.0,6,0.02,0.02,fti_dchiMinus2v,0.0,fti_dchiMinus2v,2.3398915736655614,2.581195276206683e-06,1.1031260188535602e-06,True
M1e6,1000000.0,6,0.02,0.02,fti_dchi0v,0.0,Mchirp,-1.4573620224311061,-131.1280724098542,89.97632049661362,False
M1e6,1000000.0,6,0.02,0.02,fti_dchi0v,0.0,q,-30.568018826901177,-0.14280815976561195,0.0046718160105271396,False
M1e6,1000000.0,6,0.02,0.02,fti_dchi0v,0.0,chiPN,-23.98847407612894,-0.0072583934519685105,0.00030257837280243586,False
M1e6,1000000.0,6,0.02,0.02,fti_dchi0v,0.0,chim,-7.780552454005423,-0.02045580219247517,0.002629093796796465,False
M1e6,1000000.0,6,0.02,0.02,fti_dchi0v,0.0,Deltat,21.177844773130456,2.0213087677874357,0.0954444982216503,False
M1e6,1000000.0,6,0.02,0.02,fti_dchi0v,0.0,dist,-9.055949316478573,-253.86279429049543,28.032709263131185,False
M1e6,1000000.0,6,0.02,0.02,fti_dchi0v,0.0,inc,9.784020659091754,0.02792887303733278,0.0028545394588246303,False
M1e6,1000000.0,6,0.02,0.02,fti_dchi0v,0.0,phi,-28.880170723233675,-0.45635629240595293,0.015801717267509813,False
M1e6,1000000.0,6,0.02,0.02,fti_dchi0v,0.0,lambda,-9.05346787488566,-0.030738014876670036,0.003395164737032685,False
M1e6,1000000.0,6,0.02,0.02,fti_dchi0v,0.0,beta,-1.8517788960865638,-0.0031557140307025625,0.0017041527135726925,False
M1e6,1000000.0,6,0.02,0.02,fti_dchi0v,0.0,psi,-9.406648667076093,-0.03668558467356667,0.0038999633102029946,False
M1e6,1000000.0,6,0.02,0.02,fti_dchi0v,0.0,fti_dchi0v,0.9730405367351846,0.00044650321924313147,0.00045887422197359945,True
M1e6,1000000.0,6,0.02,0.02,fti_dchi1v,0.0,Mchirp,-2.2129738601175,-34.512414129484796,15.595491095250589,False
M1e6,1000000.0,6,0.02,0.02,fti_dchi1v,0.0,q,-28.609354864809692,-0.14179246368719606,0.004956157325365094,False
M1e6,1000000.0,6,0.02,0.02,fti_dchi1v,0.0,chiPN,-20.350332741426705,-0.007377260327492474,0.00036251300758708256,False
M1e6,1000000.0,6,0.02,0.02,fti_dchi1v,0.0,chim,-6.117774999571811,-0.017987316909741563,0.002940173005872317,False
M1e6,1000000.0,6,0.02,0.02,fti_dchi1v,0.0,Deltat,21.328047702490394,1.9768073687280578,0.09268580961103316,False
M1e6,1000000.0,6,0.02,0.02,fti_dchi1v,0.0,dist,-8.767323918459494,-247.93383645211478,28.279306063973877,False
M1e6,1000000.0,6,0.02,0.02,fti_dchi1v,0.0,inc,9.915136562321292,0.02817780937844815,0.002841898263461867,False
M1e6,1000000.0,6,0.02,0.02,fti_dchi1v,0.0,phi,-28.435347351835816,-0.4477467297729427,0.015746131891159604,False
M1e6,1000000.0,6,0.02,0.02,fti_dchi1v,0.0,lambda,-9.216916380352075,-0.031118215281232788,0.0033762067482317887,False
M1e6,1000000.0,6,0.02,0.02,fti_dchi1v,0.0,beta,-1.3895088747205215,-0.002425103890139675,0.0017452957186958938,False
M1e6,1000000.0,6,0.02,0.02,fti_dchi1v,0.0,psi,-9.138438406689517,-0.03612509094018691,0.003953092348222497,False
M1e6,1000000.0,6,0.02,0.02,fti_dchi1v,0.0,fti_dchi1v,-0.6074944018125041,-0.00041582440130730897,0.0006844909188737647,True
M1e6,1000000.0,6,0.02,0.02,fti_dchi2v,0.0,Mchirp,-6.135808801793202,-43.18651881735764,7.03843946453095,False
M1e6,1000000.0,6,0.02,0.02,fti_dchi2v,0.0,q,-28.06105668631537,-0.1426315613752366,0.00508290058245719,False
M1e6,1000000.0,6,0.02,0.02,fti_dchi2v,0.0,chiPN,-19.303074605077025,-0.0072745938763581625,0.0003768619261537136,False
M1e6,1000000.0,6,0.02,0.02,fti_dchi2v,0.0,chim,-6.457762103187271,-0.01897905023419308,0.0029389515951394126,False
M1e6,1000000.0,6,0.02,0.02,fti_dchi2v,0.0,Deltat,21.019523837164016,1.9879076749255118,0.09457434384934779,False
M1e6,1000000.0,6,0.02,0.02,fti_dchi2v,0.0,dist,-8.82828312779375,-250.42825190903136,28.366585924347802,False
M1e6,1000000.0,6,0.02,0.02,fti_dchi2v,0.0,inc,9.908134622876256,0.028181086926156177,0.002844237386630847,False
M1e6,1000000.0,6,0.02,0.02,fti_dchi2v,0.0,phi,-28.452735442407057,-0.4505308952641684,0.015834361380687487,False
M1e6,1000000.0,6,0.02,0.02,fti_dchi2v,0.0,lambda,-9.2062289671862,-0.03108444994740813,0.003376458488942928,False
M1e6,1000000.0,6,0.02,0.02,fti_dchi2v,0.0,beta,-1.556565997935562,-0.0027155745308337434,0.0017445932484940235,False
M1e6,1000000.0,6,0.02,0.02,fti_dchi2v,0.0,psi,-9.178852524266048,-0.03646524957398397,0.003972745991678276,False
M1e6,1000000.0,6,0.02,0.02,fti_dchi2v,0.0,fti_dchi2v,-0.0829305915512033,-3.8201056092389274e-05,0.0004606388954648062,True
M1e6,1000000.0,6,0.02,0.02,fti_dchi3v,0.0,Mchirp,-9.97611417693342,-45.1290910786224,4.523714371971506,False
M1e6,1000000.0,6,0.02,0.02,fti_dchi3v,0.0,q,-27.921487808126088,-0.14437225981107238,0.005170650676037944,False
M1e6,1000000.0,6,0.02,0.02,fti_dchi3v,0.0,chiPN,-18.624114873055394,-0.007091676820350921,0.0003807792675619107,False
M1e6,1000000.0,6,0.02,0.02,fti_dchi3v,0.0,chim,-7.0947270451058495,-0.02040731757509824,0.00287640630081404,False
M1e6,1000000.0,6,0.02,0.02,fti_dchi3v,0.0,Deltat,20.63054544142327,2.01755199530621,0.09779440883105522,False
M1e6,1000000.0,6,0.02,0.02,fti_dchi3v,0.0,dist,-8.966503447829531,-254.8594713448066,28.42350675797698,False
M1e6,1000000.0,6,0.02,0.02,fti_dchi3v,0.0,inc,9.945414895185712,0.028335632766530117,0.002849115201845081,False
M1e6,1000000.0,6,0.02,0.02,fti_dchi3v,0.0,phi,-28.619445204702448,-0.4551108162193743,0.015902153691805154,False
M1e6,1000000.0,6,0.02,0.02,fti_dchi3v,0.0,lambda,-9.233040780303794,-0.031206742046834164,0.0033798986476270467,False
M1e6,1000000.0,6,0.02,0.02,fti_dchi3v,0.0,beta,-1.804450646570595,-0.003130432730684845,0.0017348397622480355,False
M1e6,1000000.0,6,0.02,0.02,fti_dchi3v,0.0,psi,-9.314779127377415,-0.0371240996403199,0.003985505091710342,False
M1e6,1000000.0,6,0.02,0.02,fti_dchi3v,0.0,fti_dchi3v,-0.710628014858302,-0.0003086854133296339,0.0004343839630234466,True
M1e6,1000000.0,6,0.02,0.02,fti_dchi4v,0.0,Mchirp,-10.864312211268741,-43.76061685991239,4.027923352066665,False
M1e6,1000000.0,6,0.02,0.02,fti_dchi4v,0.0,q,-28.096931270817826,-0.14644003626275082,0.005211958375498718,False
M1e6,1000000.0,6,0.02,0.02,fti_dchi4v,0.0,chiPN,-18.30885959435704,-0.00690155106166114,0.00037695144397678724,False
M1e6,1000000.0,6,0.02,0.02,fti_dchi4v,0.0,chim,-7.84912969895791,-0.021644404936034256,0.002757554756536623,False
M1e6,1000000.0,6,0.02,0.02,fti_dchi4v,0.0,Deltat,20.30511568017554,2.0650580777226875,0.10170136975574398,False
M1e6,1000000.0,6,0.02,0.02,fti_dchi4v,0.0,dist,-9.137251762830024,-259.774418710303,28.430257308554744,False
M1e6,1000000.0,6,0.02,0.02,fti_dchi4v,0.0,inc,10.02739521729403,0.02863704642461222,0.002855880894693622,False
M1e6,1000000.0,6,0.02,0.02,fti_dchi4v,0.0,phi,-28.9640880520979,-0.4600422265664138,0.015883193896487704,False
M1e6,1000000.0,6,0.02,0.02,fti_dchi4v,0.0,lambda,-9.303814042913398,-0.03150328767987285,0.0033860616231757685,False
M1e6,1000000.0,6,0.02,0.02,fti_dchi4v,0.0,beta,-2.027820354574809,-0.0034823238744698705,0.0017172743466223072,False
M1e6,1000000.0,6,0.02,0.02,fti_dchi4v,0.0,psi,-9.49445327803788,-0.03787885427644427,0.003989577194935893,False
M1e6,1000000.0,6,0.02,0.02,fti_dchi4v,0.0,fti_dchi4v,1.5764049776038214,0.006365592187839664,0.004038043699605375,True
M1e6,1000000.0,6,0.02,0.02,fti_dchi5lv,0.0,Mchirp,-9.84972187884207,-41.0867360025388,4.171360014823986,False
M1e6,1000000.0,6,0.02,0.02,fti_dchi5lv,0.0,q,-28.48691505609376,-0.14823870034489994,0.005203747055551723,False
M1e6,1000000.0,6,0.02,0.02,fti_dchi5lv,0.0,chiPN,-18.385660478090514,-0.006760034614091078,0.00036767972639039823,False
M1e6,1000000.0,6,0.02,0.02,fti_dchi5lv,0.0,chim,-8.528863057124775,-0.02227671078830845,0.0026119203273757695,False
M1e6,1000000.0,6,0.02,0.02,fti_dchi5lv,0.0,Deltat,20.115576709130952,2.120777711836878,0.10542962513593782,False
M1e6,1000000.0,6,0.02,0.02,fti_dchi5lv,0.0,dist,-9.291321527005744,-263.75225283559985,28.386947117155426,False
M1e6,1000000.0,6,0.02,0.02,fti_dchi5lv,0.0,inc,10.135105821626748,0.029017623362749455,0.0028630804525819884,False
M1e6,1000000.0,6,0.02,0.02,fti_dchi5lv,0.0,phi,-29.40757247488531,-0.46388725982426643,0.01577441525377302,False
M1e6,1000000.0,6,0.02,0.02,fti_dchi5lv,0.0,lambda,-9.403619228544597,-0.031912296349321134,0.0033936185179054956,False
M1e6,1000000.0,6,0.02,0.02,fti_dchi5lv,0.0,beta,-2.150388519809388,-0.003649137823852868,0.001696966752862097,False
M1e6,1000000.0,6,0.02,0.02,fti_dchi5lv,0.0,psi,-9.663774598249352,-0.03850920247731388,0.0039849028022952895,False
M1e6,1000000.0,6,0.02,0.02,fti_dchi5lv,0.0,fti_dchi5lv,-2.3739452781622217,-0.01736963104244399,0.007316778192920524,True
M1e6,1000000.0,6,0.02,0.02,fti_dchi6v,0.0,Mchirp,-8.78350219629493,-38.46738997165883,4.379504793416595,False
M1e6,1000000.0,6,0.02,0.02,fti_dchi6v,0.0,q,-28.958194428889293,-0.14941474401159333,0.005159670585764632,False
M1e6,1000000.0,6,0.02,0.02,fti_dchi6v,0.0,chiPN,-18.77455187953896,-0.00668791477693368,0.0003562223386126387,False
M1e6,1000000.0,6,0.02,0.02,fti_dchi6v,0.0,chim,-8.984171191808867,-0.022246424021613226,0.002476179888679764,False
M1e6,1000000.0,6,0.02,0.02,fti_dchi6v,0.0,Deltat,20.050842345754003,2.1727905615072776,0.10836405394047652,False
M1e6,1000000.0,6,0.02,0.02,fti_dchi6v,0.0,dist,-9.3970560535829,-266.06498621137604,28.31365320098639,False
M1e6,1000000.0,6,0.02,0.02,fti_dchi6v,0.0,inc,10.24212636821343,0.029387657106620516,0.002869292571689555,False
M1e6,1000000.0,6,0.02,0.02,fti_dchi6v,0.0,phi,-29.8410693641347,-0.4659363874097919,0.01561393064451605,False
M1e6,1000000.0,6,0.02,0.02,fti_dchi6v,0.0,lambda,-9.50741543750562,-0.03233375861234494,0.0034008988904378917,False
M1e6,1000000.0,6,0.02,0.02,fti_dchi6v,0.0,beta,-2.1539182407205986,-0.003617073981277752,0.001679299572702282,False
M1e6,1000000.0,6,0.02,0.02,fti_dchi6v,0.0,psi,-9.786100054685132,-0.03889562994489536,0.00397457922231992,False
M1e6,1000000.0,6,0.02,0.02,fti_dchi6v,0.0,fti_dchi6v,-3.021401010176008,-0.018955172422466138,0.00627363675282611,True
M1e6,1000000.0,6,0.02,0.02,fti_dchi6lv,0.0,Mchirp,-10.222030087051962,-42.06698312903383,4.115325700549367,False
M1e6,1000000.0,6,0.02,0.02,fti_dchi6lv,0.0,q,-28.227462883057875,-0.14717134468085116,0.005213764527494372,False
M1e6,1000000.0,6,0.02,0.02,fti_dchi6lv,0.0,chiPN,-18.369486771588807,-0.006844986619884152,0.0003726280818292082,False
M1e6,1000000.0,6,0.02,0.02,fti_dchi6lv,0.0,chim,-8.125306909364859,-0.021958759770243322,0.0027025145037825778,False
M1e6,1000000.0,6,0.02,0.02,fti_dchi6lv,0.0,Deltat,20.27066868888063,2.084383625169725,0.10282757106641988,False
M1e6,1000000.0,6,0.02,0.02,fti_dchi6lv,0.0,dist,-9.199306972873858,-261.4161513134866,28.416939676470033,False
M1e6,1000000.0,6,0.02,0.02,fti_dchi6lv,0.0,inc,10.065878458673957,0.028773044581898312,0.002858473276826032,False
M1e6,1000000.0,6,0.02,0.02,fti_dchi6lv,0.0,phi,-29.121653073359766,-0.46168390383692076,0.015853629691758988,False
M1e6,1000000.0,6,0.02,0.02,fti_dchi6lv,0.0,lambda,-9.338768096057475,-0.03164641128293689,0.003388713688724852,False
M1e6,1000000.0,6,0.02,0.02,fti_dchi6lv,0.0,beta,-2.088219809239933,-0.003570249353269106,0.0017097095513946877,False
M1e6,1000000.0,6,0.02,0.02,fti_dchi6lv,0.0,psi,-9.561840512502432,-0.03813773271789378,0.003988534703964932,False
M1e6,1000000.0,6,0.02,0.02,fti_dchi6lv,0.0,fti_dchi6lv,-1.8895803095882724,-0.019082483538282125,0.010098794659032025,True
M1e6,1000000.0,6,0.02,0.02,fti_dchi7v,0.0,Mchirp,-8.084649393334622,-36.50937274499154,4.51588819362923,False
M1e6,1000000.0,6,0.02,0.02,fti_dchi7v,0.0,q,-29.408073944648738,-0.1499557985490657,0.005099137020374384,False
M1e6,1000000.0,6,0.02,0.02,fti_dchi7v,0.0,chiPN,-19.331634035677567,-0.006673673577420028,0.0003452203556669553,False
M1e6,1000000.0,6,0.02,0.02,fti_dchi7v,0.0,chim,-9.168125821759878,-0.021753889133701215,0.0023727738423997132,False
M1e6,1000000.0,6,0.02,0.02,fti_dchi7v,0.0,Deltat,20.063022582913984,2.2141960768666618,0.11036203880627185,False
M1e6,1000000.0,6,0.02,0.02,fti_dchi7v,0.0,dist,-9.45073806021182,-266.8245268934668,28.23319461331959,False
M1e6,1000000.0,6,0.02,0.02,fti_dchi7v,0.0,inc,10.331171982399596,0.029690634331173187,0.0028738883044203294,False
M1e6,1000000.0,6,0.02,0.02,fti_dchi7v,0.0,phi,-30.19422572654577,-0.46634639579639214,0.015444886715091215,False
M1e6,1000000.0,6,0.02,0.02,fti_dchi7v,0.0,lambda,-9.597035104286473,-0.03269592125485683,0.0034068773219609614,False
M1e6,1000000.0,6,0.02,0.02,fti_dchi7v,0.0,beta,-2.0694044849834765,-0.0034493972339767077,0.0016668550102249585,False
M1e6,1000000.0,6,0.02,0.02,fti_dchi7v,0.0,psi,-9.854406746068241,-0.03904679500742894,0.0039623689191648215,False
M1e6,1000000.0,6,0.02,0.02,fti_dchi7v,0.0,fti_dchi7v,3.5030803423209838,0.009454972972135378,0.0026990454252245146,True
M1e6,1000000.0,6,0.02,0.02,fti_dkappa_S,0.0,Mchirp,-10.122698710504439,-41.668531046092994,4.116346069141926,False
M1e6,1000000.0,6,0.02,0.02,fti_dkappa_S,0.0,q,-28.472938244875586,-0.1481792710453223,0.005204214253230113,False
M1e6,1000000.0,6,0.02,0.02,fti_dkappa_S,0.0,chiPN,-18.35374385259089,-0.006762491190686918,0.0003684529567918263,False
M1e6,1000000.0,6,0.02,0.02,fti_dkappa_S,0.0,chim,-8.506948809477151,-0.02226649935703251,0.002617448377287348,False
M1e6,1000000.0,6,0.02,0.02,fti_dkappa_S,0.0,Deltat,20.1003346493128,2.119328506162536,0.10543747371066745,False
M1e6,1000000.0,6,0.02,0.02,fti_dkappa_S,0.0,dist,-9.286413510339397,-263.63564716937066,28.389393480684596,False
M1e6,1000000.0,6,0.02,0.02,fti_dkappa_S,0.0,inc,10.131086916717946,0.029003810427805612,0.0028628527882772967,False
M1e6,1000000.0,6,0.02,0.02,fti_dkappa_S,0.0,phi,-29.392642840477702,-0.46376733768485434,0.015778347670260637,False
M1e6,1000000.0,6,0.02,0.02,fti_dkappa_S,0.0,lambda,-9.399801156677361,-0.031896866778341415,0.0033933554813213,False
M1e6,1000000.0,6,0.02,0.02,fti_dkappa_S,0.0,beta,-2.147654819171175,-0.0036458857751416295,0.0016976125504882824,False
M1e6,1000000.0,6,0.02,0.02,fti_dkappa_S,0.0,psi,-9.658210410368705,-0.038489254309400915,0.003985133132746854,False
M1e6,1000000.0,6,0.02,0.02,fti_dkappa_S,0.0,fti_dkappa_S,-2.346930245987147,-0.015403285936972239,0.00656316307794373,True
M1e6,1000000.0,6,0.02,0.02,fti_dxi0v,0.0,Mchirp,-1.4967721433697088,-136.49085635668575,91.1901366960248,False
M1e6,1000000.0,6,0.02,0.02,fti_dxi0v,0.0,q,-30.569972049043947,-0.14281867015538702,0.004671861326083665,False
M1e6,1000000.0,6,0.02,0.02,fti_dxi0v,0.0,chiPN,-23.99019950219522,-0.0072590032025780845,0.0003025820273780487,False
M1e6,1000000.0,6,0.02,0.02,fti_dxi0v,0.0,chim,-7.781186119080096,-0.020538072734353388,0.0026394527029744703,False
M1e6,1000000.0,6,0.02,0.02,fti_dxi0v,0.0,Deltat,21.162329111944384,2.023330399124886,0.09561000532700739,False
M1e6,1000000.0,6,0.02,0.02,fti_dxi0v,0.0,dist,-9.062823124272844,-254.21198066328444,28.04997705212096,False
M1e6,1000000.0,6,0.02,0.02,fti_dxi0v,0.0,inc,9.780714201721494,0.027919122248158137,0.0028545075208561066,False
M1e6,1000000.0,6,0.02,0.02,fti_dxi0v,0.0,phi,-28.838513067734432,-0.4567253533346164,0.015837340582084906,False
M1e6,1000000.0,6,0.02,0.02,fti_dxi0v,0.0,lambda,-9.048831200289861,-0.03072301466828974,0.00339524674383423,False
M1e6,1000000.0,6,0.02,0.02,fti_dxi0v,0.0,beta,-1.8696115523613945,-0.0031923703363075893,0.0017075046055826395,False
M1e6,1000000.0,6,0.02,0.02,fti_dxi0v,0.0,psi,-9.412179922575193,-0.036712779543919674,0.0039005607463860484,False
M1e6,1000000.0,6,0.02,0.02,fti_dxi0v,0.0,fti_dxi0v,-9.4528894506335,-0.00020922785249536248,2.213374583380331e-05,True
M1e6,1000000.0,7,0.025,0.025,fti_dchiMinus2v,0.0,Mchirp,-6.389089893795315,-94.81070551677647,14.839469641654393,False
M1e6,1000000.0,7,0.025,0.025,fti_dchiMinus2v,0.0,q,-36.2245584324354,-0.17568378458920364,0.004849853033181399,False
M1e6,1000000.0,7,0.025,0.025,fti_dchiMinus2v,0.0,chiPN,-26.641582907718842,-0.009615601133094278,0.0003609245428997524,False
M1e6,1000000.0,7,0.025,0.025,fti_dchiMinus2v,0.0,chim,-7.508034237161473,-0.02031600732884188,0.00270590232903928,False
M1e6,1000000.0,7,0.025,0.025,fti_dchiMinus2v,0.0,Deltat,27.687241019689512,2.492655425569557,0.0900290290317092,False
M1e6,1000000.0,7,0.025,0.025,fti_dchiMinus2v,0.0,dist,-10.979810052220394,-307.52532800091194,28.008255747440966,False
M1e6,1000000.0,7,0.025,0.025,fti_dchiMinus2v,0.0,inc,12.531087459220963,0.035611274985047944,0.002841834366006559,False
M1e6,1000000.0,7,0.025,0.025,fti_dchiMinus2v,0.0,phi,-37.079573185952405,-0.558589851751156,0.015064624637124404,False
M1e6,1000000.0,7,0.025,0.025,fti_dchiMinus2v,0.0,lambda,-11.69168318253096,-0.03947889080958227,0.0033766644368681967,False
M1e6,1000000.0,7,0.025,0.025,fti_dchiMinus2v,0.0,beta,-1.3037438752653852,-0.002230087853396817,0.0017105260440382656,False
M1e6,1000000.0,7,0.025,0.025,fti_dchiMinus2v,0.0,psi,-11.39934507703197,-0.04479358976110319,0.003929488006407998,False
M1e6,1000000.0,7,0.025,0.025,fti_dchiMinus2v,0.0,fti_dchiMinus2v,2.845075931411584,3.138293410147811e-06,1.1030613895041977e-06,True
M1e6,1000000.0,7,0.025,0.025,fti_dchi0v,0.0,Mchirp,-1.9268609089413102,-173.3515773766576,89.96579699772074,False
M1e6,1000000.0,7,0.025,0.025,fti_dchi0v,0.0,q,-38.398754007727035,-0.17940010340009338,0.0046720292893876825,False
M1e6,1000000.0,7,0.025,0.025,fti_dchi0v,0.0,chiPN,-29.941362689284414,-0.00905900345025928,0.000302558154893243,False
M1e6,1000000.0,7,0.025,0.025,fti_dchi0v,0.0,chim,-10.034931465668656,-0.026382333954519666,0.00262904973938073,False
M1e6,1000000.0,7,0.025,0.025,fti_dchi0v,0.0,Deltat,26.46292697594993,2.525443333663178,0.09543325785384038,False
M1e6,1000000.0,7,0.025,0.025,fti_dchi0v,0.0,dist,-11.442504456565059,-320.44530154318085,28.004822087644243,False
M1e6,1000000.0,7,0.025,0.025,fti_dchi0v,0.0,inc,12.348524323527606,0.035249750275312394,0.0028545718785321704,False
M1e6,1000000.0,7,0.025,0.025,fti_dchi0v,0.0,phi,-36.30823250183213,-0.5737300707824984,0.01580165244214374,False
M1e6,1000000.0,7,0.025,0.025,fti_dchi0v,0.0,lambda,-11.439164938030668,-0.03884086746195608,0.0033954285712609724,False
M1e6,1000000.0,7,0.025,0.025,fti_dchi0v,0.0,beta,-2.3458510535852124,-0.003997312289345092,0.001703992366964611,False
M1e6,1000000.0,7,0.025,0.025,fti_dchi0v,0.0,psi,-11.898926682114752,-0.04642065742990809,0.0039012474545021673,False
M1e6,1000000.0,7,0.025,0.025,fti_dchi0v,0.0,fti_dchi0v,1.3260076257240796,0.0006083978028927073,0.00045881923383395747,True
M1e6,1000000.0,7,0.025,0.025,fti_dchi1v,0.0,Mchirp,-2.822192320604823,-44.00865699396036,15.593783837002603,False
M1e6,1000000.0,7,0.025,0.025,fti_dchi1v,0.0,q,-35.969078703111784,-0.178269665683127,0.00495619215478278,False
M1e6,1000000.0,7,0.025,0.025,fti_dchi1v,0.0,chiPN,-25.354724758455408,-0.009190411351709532,0.0003624733235822121,False
M1e6,1000000.0,7,0.025,0.025,fti_dchi1v,0.0,chim,-7.928059206894047,-0.023308192738189792,0.002939961991948995,False
M1e6,1000000.0,7,0.025,0.025,fti_dchi1v,0.0,Deltat,26.63281445290896,2.4682250886609403,0.09267608922914075,False
M1e6,1000000.0,7,0.025,0.025,fti_dchi1v,0.0,dist,-11.083091245147745,-313.1077363531311,28.250939149329103,False
M1e6,1000000.0,7,0.025,0.025,fti_dchi1v,0.0,inc,12.524200568009341,0.03559268160927027,0.0028419124570860767,False
M1e6,1000000.0,7,0.025,0.025,fti_dchi1v,0.0,phi,-35.743612779891805,-0.5628185462040549,0.01574598935115698,False
M1e6,1000000.0,7,0.025,0.025,fti_dchi1v,0.0,lambda,-11.654217477671489,-0.03935066899487341,0.0033765174770649356,False
M1e6,1000000.0,7,0.025,0.025,fti_dchi1v,0.0,beta,-1.768636065935419,-0.003086296738237987,0.001745015154717919,False
M1e6,1000000.0,7,0.025,0.025,fti_dchi1v,0.0,psi,-11.571409620311698,-0.04575808371016393,0.003954408772276385,False
M1e6,1000000.0,7,0.025,0.025,fti_dchi1v,0.0,fti_dchi1v,-0.6748982360766962,-0.00046189687604001467,0.0006843948485109453,True
M1e6,1000000.0,7,0.025,0.025,fti_dchi2v,0.0,Mchirp,-7.6628760375451686,-53.93090193082435,7.037945239696363,False
M1e6,1000000.0,7,0.025,0.025,fti_dchi2v,0.0,q,-35.275801134330464,-0.1793010737650953,0.0050828349179743845,False
M1e6,1000000.0,7,0.025,0.025,fti_dchi2v,0.0,chiPN,-24.0572486674139,-0.009065214304142716,0.0003768184146685801,False
M1e6,1000000.0,7,0.025,0.025,fti_dchi2v,0.0,chim,-8.33820403882394,-0.024503527449225515,0.0029387056655286177,False
M1e6,1000000.0,7,0.025,0.025,fti_dchi2v,0.0,Deltat,26.246914129839357,2.481998758442055,0.09456345024653173,False
M1e6,1000000.0,7,0.025,0.025,fti_dchi2v,0.0,dist,-11.156091626679174,-316.1406314805305,28.337937878216927,False
M1e6,1000000.0,7,0.025,0.025,fti_dchi2v,0.0,inc,12.517221086012384,0.03560197437071929,0.0028442394782419735,False
M1e6,1000000.0,7,0.025,0.025,fti_dchi2v,0.0,phi,-35.757670366360664,-0.5661889549525138,0.015834055998378487,False
M1e6,1000000.0,7,0.025,0.025,fti_dchi2v,0.0,lambda,-11.64321513826519,-0.039316684500538594,0.0033767893175249432,False
M1e6,1000000.0,7,0.025,0.025,fti_dchi2v,0.0,beta,-1.970004649721477,-0.0034362194782993558,0.0017442697299141783,False
M1e6,1000000.0,7,0.025,0.025,fti_dchi2v,0.0,psi,-11.619040966442576,-0.04617466594572994,0.003974051393663976,False
M1e6,1000000.0,7,0.025,0.025,fti_dchi2v,0.0,fti_dchi2v,-0.0424359501424306,-1.9544627975716378e-05,0.00046056770050199045,True
M1e6,1000000.0,7,0.025,0.025,fti_dchi3v,0.0,Mchirp,-12.39563757827048,-56.072914792142896,4.523600697267769,False
M1e6,1000000.0,7,0.025,0.025,fti_dchi3v,0.0,q,-35.0887036939874,-0.18142583319769523,0.005170491186563365,False
M1e6,1000000.0,7,0.025,0.025,fti_dchi3v,0.0,chiPN,-23.225610041103316,-0.008842825814776849,0.00038073599785440885,False
M1e6,1000000.0,7,0.025,0.025,fti_dchi3v,0.0,chim,-9.120193927980361,-0.026231109181798468,0.0028761569533431253,False
M1e6,1000000.0,7,0.025,0.025,fti_dchi3v,0.0,Deltat,25.75643333902848,2.5185063788746547,0.097781643355813,False
M1e6,1000000.0,7,0.025,0.025,fti_dchi3v,0.0,dist,-11.323648160705666,-321.53022020363494,28.394578817750713,False
M1e6,1000000.0,7,0.025,0.025,fti_dchi3v,0.0,inc,12.563336815825012,0.035794233258266174,0.002849102414668935,False
M1e6,1000000.0,7,0.025,0.025,fti_dchi3v,0.0,phi,-35.955780515138564,-0.5717573503219473,0.015901680957286373,False
M1e6,1000000.0,7,0.025,0.025,fti_dchi3v,0.0,lambda,-11.677141841266636,-0.03947155634926101,0.003380241234183679,False
M1e6,1000000.0,7,0.025,0.025,fti_dchi3v,0.0,beta,-2.270117548430583,-0.003937493511148901,0.001734488821458183,False
M1e6,1000000.0,7,0.025,0.025,fti_dchi3v,0.0,psi,-11.783502069382662,-0.04697831903648573,0.0039867875237660074,False
M1e6,1000000.0,7,0.025,0.025,fti_dchi3v,0.0,fti_dchi3v,-0.9209058513680028,-0.0003999612462877965,0.0004343128515185947,True
M1e6,1000000.0,7,0.025,0.025,fti_dchi4v,0.0,Mchirp,-13.48031427427436,-54.29571255579788,4.027777947240818,False
M1e6,1000000.0,7,0.025,0.025,fti_dchi4v,0.0,q,-35.29256600294314,-0.18393555555464758,0.005211736532257493,False
M1e6,1000000.0,7,0.025,0.025,fti_dchi4v,0.0,chiPN,-22.85120712701127,-0.008612903266004796,0.0003769123975872554,False
M1e6,1000000.0,7,0.025,0.025,fti_dchi4v,0.0,chim,-10.052230223710463,-0.02771745141363477,0.0027573434747104057,False
M1e6,1000000.0,7,0.025,0.025,fti_dchi4v,0.0,Deltat,25.33846767308555,2.5765856171233814,0.10168671801176926,False
M1e6,1000000.0,7,0.025,0.025,fti_dchi4v,0.0,dist,-11.530429238952685,-327.47699364564437,28.401110388791498,False
M1e6,1000000.0,7,0.025,0.025,fti_dchi4v,0.0,inc,12.662991422121868,0.036163630204481746,0.002855852065200405,False
M1e6,1000000.0,7,0.025,0.025,fti_dchi4v,0.0,phi,-36.37466973496073,-0.5777254689388706,0.01588263132417123,False
M1e6,1000000.0,7,0.025,0.025,fti_dchi4v,0.0,lambda,-11.763761687590769,-0.039836860022993914,0.0033864048831435097,False
M1e6,1000000.0,7,0.025,0.025,fti_dchi4v,0.0,beta,-2.5390732920594647,-0.004359376910805464,0.0017169165318853537,False
M1e6,1000000.0,7,0.025,0.025,fti_dchi4v,0.0,psi,-12.000953489229067,-0.04789378332656296,0.003990831509308651,False
M1e6,1000000.0,7,0.025,0.025,fti_dchi4v,0.0,fti_dchi4v,1.9697978838335555,0.00795284877756991,0.004037393299505601,True
M1e6,1000000.0,7,0.025,0.025,fti_dchi5lv,0.0,Mchirp,-12.225080758341448,-50.991947888276286,4.171092927421631,False
M1e6,1000000.0,7,0.025,0.025,fti_dchi5lv,0.0,q,-35.76523415281973,-0.18610461759028307,0.005203506198088475,False
M1e6,1000000.0,7,0.025,0.025,fti_dchi5lv,0.0,chiPN,-22.965306777786772,-0.008443133317575909,0.000367647312499328,False
M1e6,1000000.0,7,0.025,0.025,fti_dchi5lv,0.0,chim,-10.897767087523675,-0.028462520903314747,0.0026117754834290878,False
M1e6,1000000.0,7,0.025,0.025,fti_dchi5lv,0.0,Deltat,25.085299156607945,2.6443345242390617,0.10541371293722418,False
M1e6,1000000.0,7,0.025,0.025,fti_dchi5lv,0.0,dist,-11.716545420112348,-332.2541440189981,28.357688388990358,False
M1e6,1000000.0,7,0.025,0.025,fti_dchi5lv,0.0,inc,12.793018031133869,0.03662689533338806,0.0028630378886554068,False
M1e6,1000000.0,7,0.025,0.025,fti_dchi5lv,0.0,phi,-36.918259249322496,-0.5823435931866876,0.015773863801483934,False
M1e6,1000000.0,7,0.025,0.025,fti_dchi5lv,0.0,lambda,-11.884679939170628,-0.04033601960023061,0.0033939508515738338,False
M1e6,1000000.0,7,0.025,0.025,fti_dchi5lv,0.0,beta,-2.684422972068495,-0.0045544539413179715,0.0016966230689824992,False
M1e6,1000000.0,7,0.025,0.025,fti_dchi5lv,0.0,psi,-12.20555086662699,-0.04865292753001867,0.003986131233375781,False
M1e6,1000000.0,7,0.025,0.025,fti_dchi5lv,0.0,fti_dchi5lv,-2.9325884959107444,-0.021453931746006294,0.0073156979835125365,True
M1e6,1000000.0,7,0.025,0.025,fti_dchi6v,0.0,Mchirp,-10.913911320561407,-47.7939636893268,4.379178306065648,False
M1e6,1000000.0,7,0.025,0.025,fti_dchi6v,0.0,q,-36.34287600735454,-0.18750908577710557,0.005159445436821242,False
M1e6,1000000.0,7,0.025,0.025,fti_dchi6v,0.0,chiPN,-23.4648635546747,-0.008358102887229091,0.0003561965262552733,False
M1e6,1000000.0,7,0.025,0.025,fti_dchi6v,0.0,chim,-11.47068031376226,-0.028402625433213632,0.0024761064432365716,False
M1e6,1000000.0,7,0.025,0.025,fti_dchi6v,0.0,Deltat,24.986796633090684,2.7072623943325196,0.10834771796026144,False
M1e6,1000000.0,7,0.025,0.025,fti_dchi6v,0.0,dist,-11.843767041661577,-334.9936997505101,28.284387777312563,False
M1e6,1000000.0,7,0.025,0.025,fti_dchi6v,0.0,inc,12.921536201690271,0.0370750004465212,0.002869240922118177,False
M1e6,1000000.0,7,0.025,0.025,fti_dchi6v,0.0,phi,-37.45263174978709,-0.584765321923048,0.015613464117281218,False
M1e6,1000000.0,7,0.025,0.025,fti_dchi6v,0.0,lambda,-12.009600890454708,-0.04084720998709718,0.003401212942851644,False
M1e6,1000000.0,7,0.025,0.025,fti_dchi6v,0.0,beta,-2.685012854125984,-0.004508092400967379,0.001678983545289148,False
M1e6,1000000.0,7,0.025,0.025,fti_dchi6v,0.0,psi,-12.352965987649911,-0.04911278404549178,0.0039757888182152465,False
M1e6,1000000.0,7,0.025,0.025,fti_dchi6v,0.0,fti_dchi6v,-3.710695466091023,-0.02327656903074557,0.006272831937692242,True
M1e6,1000000.0,7,0.025,0.025,fti_dchi6lv,0.0,Mchirp,-12.682434265815191,-52.189269737013745,4.115083007186331,False
M1e6,1000000.0,7,0.025,0.025,fti_dchi6lv,0.0,q,-35.450634369509736,-0.18482320208986125,0.0052135372293598044,False
M1e6,1000000.0,7,0.025,0.025,fti_dchi6lv,0.0,chiPN,-22.933008517773775,-0.008544650276695813,0.00037259177181543586,False
M1e6,1000000.0,7,0.025,0.025,fti_dchi6lv,0.0,chim,-10.39601817354927,-0.02809347650673677,0.002702330453616884,False
M1e6,1000000.0,7,0.025,0.025,fti_dchi6lv,0.0,Deltat,25.290416414046334,2.600172351036483,0.10281255588944528,False
M1e6,1000000.0,7,0.025,0.025,fti_dchi6lv,0.0,dist,-11.60579839322788,-329.4625487548226,28.38775391334282,False
M1e6,1000000.0,7,0.025,0.025,fti_dchi6lv,0.0,inc,12.70971193919772,0.03632994577385878,0.002858439746522851,False
M1e6,1000000.0,7,0.025,0.025,fti_dchi6lv,0.0,phi,-36.56784334818057,-0.5797127245676357,0.01585307394389938,False
M1e6,1000000.0,7,0.025,0.025,fti_dchi6lv,0.0,lambda,-11.806360759925717,-0.04001240148569238,0.0033890546205826875,False
M1e6,1000000.0,7,0.025,0.025,fti_dchi6lv,0.0,beta,-2.6116274864829787,-0.004464200171441057,0.0017093556391738307,False
M1e6,1000000.0,7,0.025,0.025,fti_dchi6lv,0.0,psi,-12.082796006324026,-0.04820770755655689,0.003989780803327758,False
M1e6,1000000.0,7,0.025,0.025,fti_dchi6lv,0.0,fti_dchi6lv,-2.3499884245623144,-0.023728356866404565,0.010097222870714342,True
M1e6,1000000.0,7,0.025,0.025,fti_dchi7v,0.0,Mchirp,-10.058960893238494,-45.42182862779086,4.5155587251882885,False
M1e6,1000000.0,7,0.025,0.025,fti_dchi7v,0.0,q,-36.897940930379164,-0.18814056981164973,0.0050989449564853104,False
M1e6,1000000.0,7,0.025,0.025,fti_dchi7v,0.0,chiPN,-24.16927557999512,-0.008343224068767644,0.0003451995919841851,False
M1e6,1000000.0,7,0.025,0.025,fti_dchi7v,0.0,chim,-11.710337493974658,-0.027785831802534064,0.002372760974381034,False
M1e6,1000000.0,7,0.025,0.025,fti_dchi7v,0.0,Deltat,24.985889522178482,2.75709019889242,0.11034588928463467,False
M1e6,1000000.0,7,0.025,0.025,fti_dchi7v,0.0,dist,-11.907830133598374,-335.84833112928203,28.203990765846903,False
M1e6,1000000.0,7,0.025,0.025,fti_dchi7v,0.0,inc,13.027909853869508,0.03744002487756517,0.002873832049616528,False
M1e6,1000000.0,7,0.025,0.025,fti_dchi7v,0.0,phi,-37.89027355937413,-0.585197705264942,0.01544453629631193,False
M1e6,1000000.0,7,0.025,0.025,fti_dchi7v,0.0,lambda,-12.11681483109341,-0.0412840580840107,0.0034071708332184905,False
M1e6,1000000.0,7,0.025,0.025,fti_dchi7v,0.0,beta,-2.579314649264682,-0.0042986115218186394,0.0016665712045035293,False
M1e6,1000000.0,7,0.025,0.025,fti_dchi7v,0.0,psi,-12.434871144386419,-0.04928644718263715,0.003963567182188853,False
M1e6,1000000.0,7,0.025,0.025,fti_dchi7v,0.0,fti_dchi7v,4.2863509793130445,0.011567802695228849,0.002698753030504929,True
M1e6,1000000.0,7,0.025,0.025,fti_dkappa_S,0.0,Mchirp,-12.562925146813923,-51.71036325450768,4.116108521718123,False
M1e6,1000000.0,7,0.025,0.025,fti_dkappa_S,0.0,q,-35.74802849259166,-0.18603172123761302,0.005203971493873175,False
M1e6,1000000.0,7,0.025,0.025,fti_dkappa_S,0.0,chiPN,-22.92524505324943,-0.008446123133576199,0.00036842018979330575,False
M1e6,1000000.0,7,0.025,0.025,fti_dkappa_S,0.0,chim,-10.870057415428349,-0.0284501976896481,0.0026172996703096975,False
M1e6,1000000.0,7,0.025,0.025,fti_dkappa_S,0.0,Deltat,25.06657691989493,2.642556550865386,0.10542151644040525,False
M1e6,1000000.0,7,0.025,0.025,fti_dkappa_S,0.0,dist,-11.710508208231909,-332.11156110007636,28.360132215834863,False
M1e6,1000000.0,7,0.025,0.025,fti_dkappa_S,0.0,inc,12.788104731911076,0.036609918713679454,0.0028628103601876275,False
M1e6,1000000.0,7,0.025,0.025,fti_dkappa_S,0.0,phi,-36.899761676031254,-0.5821966896023858,0.01577778996823602,False
M1e6,1000000.0,7,0.025,0.025,fti_dkappa_S,0.0,lambda,-11.880007211089811,-0.040317038849105716,0.003393688078864999,False
M1e6,1000000.0,7,0.025,0.025,fti_dkappa_S,0.0,beta,-2.681098006316783,-0.004550541878640381,0.0016972680103148439,False
M1e6,1000000.0,7,0.025,0.025,fti_dkappa_S,0.0,psi,-12.19871043394701,-0.04862847167338813,0.0039863616680385384,False
M1e6,1000000.0,7,0.025,0.025,fti_dkappa_S,0.0,fti_dkappa_S,-2.899432855168587,-0.019026621087698814,0.006562187171805541,True
M1e6,1000000.0,7,0.025,0.025,fti_dxi0v,0.0,Mchirp,-1.9774587220410262,-180.30340390394213,91.17935150516956,False
M1e6,1000000.0,7,0.025,0.025,fti_dxi0v,0.0,q,-38.401336691789126,-0.17941389078677394,0.004672074105824961,False
M1e6,1000000.0,7,0.025,0.025,fti_dxi0v,0.0,chiPN,-29.943602975089995,-0.009059789555123422,0.000302561771295867,False
M1e6,1000000.0,7,0.025,0.025,fti_dxi0v,0.0,chim,-10.036021800745434,-0.026489096249545194,0.0026394020235764827,False
M1e6,1000000.0,7,0.025,0.025,fti_dxi0v,0.0,Deltat,26.444591283709958,2.528063167505387,0.0955984965085352,False
M1e6,1000000.0,7,0.025,0.025,fti_dxi0v,0.0,dist,-11.451748857721757,-320.90152240911976,28.022053783753762,False
M1e6,1000000.0,7,0.025,0.025,fti_dxi0v,0.0,inc,12.344232213555385,0.03523715728055164,0.0028545442657711183,False
M1e6,1000000.0,7,0.025,0.025,fti_dxi0v,0.0,phi,-36.25693631901832,-0.5742092175039192,0.015837223874945048,False
M1e6,1000000.0,7,0.025,0.025,fti_dxi0v,0.0,lambda,-11.433183506448238,-0.03882153318041127,0.003395513870525754,False
M1e6,1000000.0,7,0.025,0.025,fti_dxi0v,0.0,beta,-2.369281720771332,-0.004045179339101097,0.0017073441725554562,False
M1e6,1000000.0,7,0.025,0.025,fti_dxi0v,0.0,psi,-11.906247465455246,-0.04645631707649295,0.0039018437346679696,False
M1e6,1000000.0,7,0.025,0.025,fti_dxi0v,0.0,fti_dxi0v,-11.679539548372412,-0.0002584926111390589,2.2132089203386513e-05,True
M1e6,1000000.0,8,0.075,0.075,fti_dchiMinus2v,0.0,Mchirp,-14.249146513244801,-211.30054048312104,14.828996269124886,False
M1e6,1000000.0,8,0.075,0.075,fti_dchiMinus2v,0.0,q,-109.49577643699666,-0.5312684424873915,0.004851953744472334,False
M1e6,1000000.0,8,0.075,0.075,fti_dchiMinus2v,0.0,chiPN,-72.10309047218372,-0.02600246950330598,0.00036062905671619354,False
M1e6,1000000.0,8,0.075,0.075,fti_dchiMinus2v,0.0,chim,-31.807866513820898,-0.08606832993848496,0.0027058818893460597,False
M1e6,1000000.0,8,0.075,0.075,fti_dchiMinus2v,0.0,Deltat,75.90031389123013,6.827569074609226,0.0899544247523608,False
M1e6,1000000.0,8,0.075,0.075,fti_dchiMinus2v,0.0,dist,-34.80305440093022,-966.5564519832651,27.772173121604833,False
M1e6,1000000.0,8,0.075,0.075,fti_dchiMinus2v,0.0,inc,39.25839582766552,0.11157663326830833,0.0028421088257936386,False
M1e6,1000000.0,8,0.075,0.075,fti_dchiMinus2v,0.0,phi,-111.48609178220084,-1.680053813419097,0.01506962695132635,False
M1e6,1000000.0,8,0.075,0.075,fti_dchiMinus2v,0.0,lambda,-36.917998779874786,-0.12475492364442953,0.0033792439397456594,False
M1e6,1000000.0,8,0.075,0.075,fti_dchiMinus2v,0.0,beta,-4.9374568004436625,-0.008437091367507442,0.0017087929491857658,False
M1e6,1000000.0,8,0.075,0.075,fti_dchiMinus2v,0.0,psi,-36.6713895121694,-0.1445022229543154,0.003940462166189867,False
M1e6,1000000.0,8,0.075,0.075,fti_dchiMinus2v,0.0,fti_dchiMinus2v,5.126674707938929,5.65203588999549e-06,1.1024760126174987e-06,True
M1e6,1000000.0,8,0.075,0.075,fti_dchi0v,0.0,Mchirp,-8.733448885348245,-784.8795974333188,89.87052053972396,False
M1e6,1000000.0,8,0.075,0.075,fti_dchi0v,0.0,q,-115.09199835335112,-0.5379972121046401,0.004674497096252525,False
M1e6,1000000.0,8,0.075,0.075,fti_dchi0v,0.0,chiPN,-82.7225860374196,-0.02501320931879912,0.0003023746054975165,False
M1e6,1000000.0,8,0.075,0.075,fti_dchi0v,0.0,chim,-39.37139800115364,-0.10350491353052405,0.0026289367100322722,False
M1e6,1000000.0,8,0.075,0.075,fti_dchi0v,0.0,Deltat,73.84323491575428,7.03896495763949,0.09532308498767764,False
M1e6,1000000.0,8,0.075,0.075,fti_dchi0v,0.0,dist,-36.172305718527255,-1004.5177685347296,27.770354932619657,False
M1e6,1000000.0,8,0.075,0.075,fti_dchi0v,0.0,inc,38.39197277469792,0.10960931288171072,0.0028550060067230594,False
M1e6,1000000.0,8,0.075,0.075,fti_dchi0v,0.0,phi,-109.71399480130377,-1.733736965320083,0.015802331949173364,False
M1e6,1000000.0,8,0.075,0.075,fti_dchi0v,0.0,lambda,-35.884215106413656,-0.12192191215673115,0.0033976474557176482,False
M1e6,1000000.0,8,0.075,0.075,fti_dchi0v,0.0,beta,-7.972268208169698,-0.013575614000250619,0.001702854651369959,False
M1e6,1000000.0,8,0.075,0.075,fti_dchi0v,0.0,psi,-37.89336104321021,-0.14823667569975202,0.003911943190542431,False
M1e6,1000000.0,8,0.075,0.075,fti_dchi0v,0.0,fti_dchi0v,7.203664099142386,0.0033015912298478833,0.00045832109665426324,True
M1e6,1000000.0,8,0.075,0.075,fti_dchi1v,0.0,Mchirp,-9.812617257761307,-152.86029597167362,15.577933180953176,False
M1e6,1000000.0,8,0.075,0.075,fti_dchi1v,0.0,q,-108.84574658766807,-0.5395486997109462,0.004957003067422348,False
M1e6,1000000.0,8,0.075,0.075,fti_dchi1v,0.0,chiPN,-68.48647336595546,-0.024799849352963768,0.0003621131025457611,False
M1e6,1000000.0,8,0.075,0.075,fti_dchi1v,0.0,chim,-32.534099546547885,-0.09559469613113691,0.0029382923598166785,False
M1e6,1000000.0,8,0.075,0.075,fti_dchi1v,0.0,Deltat,73.7973876352897,6.83218172053291,0.09258026522968384,False
M1e6,1000000.0,8,0.075,0.075,fti_dchi1v,0.0,dist,-35.23737952662414,-987.0748652582455,28.0121529613871,False
M1e6,1000000.0,8,0.075,0.075,fti_dchi1v,0.0,inc,39.25882376194446,0.11158014520559013,0.0028421673018576357,False
M1e6,1000000.0,8,0.075,0.075,fti_dchi1v,0.0,phi,-107.92417920722079,-1.6993738884256475,0.015745997800573952,False
M1e6,1000000.0,8,0.075,0.075,fti_dchi1v,0.0,lambda,-36.829915371968575,-0.12445222321094572,0.00337910695569143,False
M1e6,1000000.0,8,0.075,0.075,fti_dchi1v,0.0,beta,-6.417625846518638,-0.01118487696365253,0.001742837184832141,False
M1e6,1000000.0,8,0.075,0.075,fti_dchi1v,0.0,psi,-37.25344138942079,-0.14772121001307098,0.00396530372775227,False
M1e6,1000000.0,8,0.075,0.075,fti_dchi1v,0.0,fti_dchi1v,0.9786764281470033,0.0006689301880560272,0.0006835049550775016,True
M1e6,1000000.0,8,0.075,0.075,fti_dchi2v,0.0,Mchirp,-21.246054183089957,-149.4302238189439,7.033316517562003,False
M1e6,1000000.0,8,0.075,0.075,fti_dchi2v,0.0,q,-106.60603390714638,-0.5418438656294262,0.005082675396229176,False
M1e6,1000000.0,8,0.075,0.075,fti_dchi2v,0.0,chiPN,-65.23414916010057,-0.024555625256782385,0.00037642286398979264,False
M1e6,1000000.0,8,0.075,0.075,fti_dchi2v,0.0,chim,-33.179720210724746,-0.09743853078333431,0.002936689344108425,False
M1e6,1000000.0,8,0.075,0.075,fti_dchi2v,0.0,Deltat,72.70395787660357,6.867327865330983,0.09445603878933967,False
M1e6,1000000.0,8,0.075,0.075,fti_dchi2v,0.0,dist,-35.33142299611169,-992.6922938572603,28.096583994550926,False
M1e6,1000000.0,8,0.075,0.075,fti_dchi2v,0.0,inc,39.30022968522192,0.11178479120347315,0.002844380099017783,False
M1e6,1000000.0,8,0.075,0.075,fti_dchi2v,0.0,phi,-107.69577053823865,-1.705089473965915,0.015832464593960104,False
M1e6,1000000.0,8,0.075,0.075,fti_dchi2v,0.0,lambda,-36.87642298261718,-0.12462514576098746,0.0033795345557168953,False
M1e6,1000000.0,8,0.075,0.075,fti_dchi2v,0.0,beta,-6.727653446375217,-0.011717769367792244,0.0017417320111971055,False
M1e6,1000000.0,8,0.075,0.075,fti_dchi2v,0.0,psi,-37.288268665571024,-0.14858683011260537,0.003984814404906883,False
M1e6,1000000.0,8,0.075,0.075,fti_dchi2v,0.0,fti_dchi2v,1.9590039351145405,0.0009009556797693746,0.0004599049872335743,True
M1e6,1000000.0,8,0.075,0.075,fti_dchi3v,0.0,Mchirp,-32.209778052068216,-145.6701921804007,4.5225456674963675,False
M1e6,1000000.0,8,0.075,0.075,fti_dchi3v,0.0,q,-105.62303527095916,-0.546009376793189,0.005169415699828058,False
M1e6,1000000.0,8,0.075,0.075,fti_dchi3v,0.0,chiPN,-63.49745857166782,-0.024150752376189757,0.0003803420313103,False
M1e6,1000000.0,8,0.075,0.075,fti_dchi3v,0.0,chim,-34.88981135896669,-0.10027615680872803,0.002874081369401186,False
M1e6,1000000.0,8,0.075,0.075,fti_dchi3v,0.0,Deltat,71.16924352305922,6.950103644722172,0.09765599998924114,False
M1e6,1000000.0,8,0.075,0.075,fti_dchi3v,0.0,dist,-35.617645004395754,-1002.6607556713868,28.150675193366755,False
M1e6,1000000.0,8,0.075,0.075,fti_dchi3v,0.0,inc,39.41311578363884,0.11229192582764752,0.0028491004477819567,False
M1e6,1000000.0,8,0.075,0.075,fti_dchi3v,0.0,phi,-107.88786183829409,-1.7152478415876153,0.015898432060489676,False
M1e6,1000000.0,8,0.075,0.075,fti_dchi3v,0.0,lambda,-36.981163842649075,-0.1251096874560429,0.00338306517308031,False
M1e6,1000000.0,8,0.075,0.075,fti_dchi3v,0.0,beta,-7.234230933744481,-0.012527713410036653,0.0017317270522289277,False
M1e6,1000000.0,8,0.075,0.075,fti_dchi3v,0.0,psi,-37.55804714924149,-0.15013148101355525,0.003997318615022487,False
M1e6,1000000.0,8,0.075,0.075,fti_dchi3v,0.0,fti_dchi3v,-3.658402461608308,-0.0015864595790162084,0.000433648182687579,True
M1e6,1000000.0,8,0.075,0.075,fti_dchi4v,0.0,Mchirp,-34.39253421097646,-138.47995882616834,4.026454054728312,False
M1e6,1000000.0,8,0.075,0.075,fti_dchi4v,0.0,q,-105.64663521679385,-0.5504220094305566,0.0052100287747078216,False
M1e6,1000000.0,8,0.075,0.075,fti_dchi4v,0.0,chiPN,-63.142355044006024,-0.023776705153688835,0.0003765571483217256,False
M1e6,1000000.0,8,0.075,0.075,fti_dchi4v,0.0,chim,-37.145651499701906,-0.10235848404078796,0.0027555980285231874,False
M1e6,1000000.0,8,0.075,0.075,fti_dchi4v,0.0,Deltat,69.5947846686348,7.066824923347232,0.10154244972514631,False
M1e6,1000000.0,8,0.075,0.075,fti_dchi4v,0.0,dist,-35.96452490636024,-1012.5897215578509,28.155236978503137,False
M1e6,1000000.0,8,0.075,0.075,fti_dchi4v,0.0,inc,39.59535060402262,0.11307214861398238,0.002855692572210612,False
M1e6,1000000.0,8,0.075,0.075,fti_dchi4v,0.0,phi,-108.64716161145165,-1.7251465953107807,0.0158784322546807,False
M1e6,1000000.0,8,0.075,0.075,fti_dchi4v,0.0,lambda,-37.155918769571905,-0.12592912687557603,0.0033892077237154252,False
M1e6,1000000.0,8,0.075,0.075,fti_dchi4v,0.0,beta,-7.640474936731573,-0.013096644423428935,0.0017141139172470593,False
M1e6,1000000.0,8,0.075,0.075,fti_dchi4v,0.0,psi,-37.91717309533362,-0.15171030487052306,0.004001097457584297,False
M1e6,1000000.0,8,0.075,0.075,fti_dchi4v,0.0,fti_dchi4v,5.427608296288594,0.021880204962553496,0.004031279298013309,True
M1e6,1000000.0,8,0.075,0.075,fti_dchi5lv,0.0,Mchirp,-31.33934330527278,-130.6421004094168,4.168629161653063,False
M1e6,1000000.0,8,0.075,0.075,fti_dchi5lv,0.0,q,-106.45589472810519,-0.5537390970871028,0.005201582293788296,False
M1e6,1000000.0,8,0.075,0.075,fti_dchi5lv,0.0,chiPN,-64.1062913398549,-0.02354967801915267,0.00036735361735879777,False
M1e6,1000000.0,8,0.075,0.075,fti_dchi5lv,0.0,chim,-39.40873447063996,-0.10288186945972982,0.0026106362166077217,False
M1e6,1000000.0,8,0.075,0.075,fti_dchi5lv,0.0,Deltat,68.30732570910423,7.18981449196899,0.1052568581382876,False
M1e6,1000000.0,8,0.075,0.075,fti_dchi5lv,0.0,dist,-36.26166180801446,-1019.3468851718053,28.1108706646895,False
M1e6,1000000.0,8,0.075,0.075,fti_dchi5lv,0.0,inc,39.80056824799296,0.11393871582669757,0.0028627409316559996,False
M1e6,1000000.0,8,0.075,0.075,fti_dchi5lv,0.0,phi,-109.80318243432049,-1.7315622325587285,0.015769690770069202,False
M1e6,1000000.0,8,0.075,0.075,fti_dchi5lv,0.0,lambda,-37.359540458551635,-0.12689672177030306,0.00339663497496946,False
M1e6,1000000.0,8,0.075,0.075,fti_dchi5lv,0.0,beta,-7.788184308783261,-0.013192875455717595,0.0016939603548980085,False
M1e6,1000000.0,8,0.075,0.075,fti_dchi5lv,0.0,psi,-38.244455452224614,-0.1528313764605997,0.003996170808380794,False
M1e6,1000000.0,8,0.075,0.075,fti_dchi5lv,0.0,fti_dchi5lv,-6.927117114562607,-0.050606091307139334,0.007305505374054111,True
M1e6,1000000.0,8,0.075,0.075,fti_dchi6v,0.0,Mchirp,-28.424207845608947,-124.38843046767988,4.376144135425599,False
M1e6,1000000.0,8,0.075,0.075,fti_dchi6v,0.0,q,-107.68438791795413,-0.5553977998729712,0.005157644581646642,False
M1e6,1000000.0,8,0.075,0.075,fti_dchi6v,0.0,chiPN,-65.98900769870623,-0.023489740192302037,0.00035596444031333073,False
M1e6,1000000.0,8,0.075,0.075,fti_dchi6v,0.0,chim,-41.18762714444614,-0.10196536080892288,0.0024756308599989886,False
M1e6,1000000.0,8,0.075,0.075,fti_dchi6v,0.0,Deltat,67.40982134605196,7.292825495254679,0.10818639405401426,False
M1e6,1000000.0,8,0.075,0.075,fti_dchi6v,0.0,dist,-36.4484649566334,-1021.9273686960761,28.037596916961284,False
M1e6,1000000.0,8,0.075,0.075,fti_dchi6v,0.0,inc,39.9788578617393,0.11469333671346212,0.002868849758292528,False
M1e6,1000000.0,8,0.075,0.075,fti_dchi6v,0.0,phi,-111.05225659197622,-1.7335308177668374,0.015610045855584074,False
M1e6,1000000.0,8,0.075,0.075,fti_dchi6v,0.0,lambda,-37.54213180458811,-0.12778294751616132,0.0034037211360635807,False
M1e6,1000000.0,8,0.075,0.075,fti_dchi6v,0.0,beta,-7.6722865557113655,-0.012863139798684975,0.001676571867497501,False
M1e6,1000000.0,8,0.075,0.075,fti_dchi6v,0.0,psi,-38.46730142769006,-0.15331823762744595,0.0039856769759545,False
M1e6,1000000.0,8,0.075,0.075,fti_dchi6v,0.0,fti_dchi6v,-8.012414459928511,-0.050199535106610016,0.006265219473813629,True
M1e6,1000000.0,8,0.075,0.075,fti_dchi6lv,0.0,Mchirp,-32.33871198611618,-133.004344654036,4.112852259271739,False
M1e6,1000000.0,8,0.075,0.075,fti_dchi6lv,0.0,q,-105.91176191725334,-0.5519872084547945,0.005211764949071952,False
M1e6,1000000.0,8,0.075,0.075,fti_dchi6lv,0.0,chiPN,-63.58635228860649,-0.023670772510617763,0.0003722618401379683,False
M1e6,1000000.0,8,0.075,0.075,fti_dchi6lv,0.0,chim,-38.072907324800056,-0.10282858452217264,0.00270083352566017,False
M1e6,1000000.0,8,0.075,0.075,fti_dchi6lv,0.0,Deltat,69.28277942891908,7.112892287964531,0.10266464981044861,False
M1e6,1000000.0,8,0.075,0.075,fti_dchi6lv,0.0,dist,-36.09937100907019,-1015.8924318104981,28.14155491948181,False
M1e6,1000000.0,8,0.075,0.075,fti_dchi6lv,0.0,inc,39.67862707575856,0.11341077119596521,0.002858233249336716,False
M1e6,1000000.0,8,0.075,0.075,fti_dchi6lv,0.0,phi,-109.05907794896393,-1.7284675215130227,0.0158489100955162,False
M1e6,1000000.0,8,0.075,0.075,fti_dchi6lv,0.0,lambda,-37.236429463377185,-0.12629958896959328,0.003391828668584124,False
M1e6,1000000.0,8,0.075,0.075,fti_dchi6lv,0.0,beta,-7.746159900677013,-0.013219547640897555,0.0017065936942177206,False
M1e6,1000000.0,8,0.075,0.075,fti_dchi6lv,0.0,psi,-38.063055377662465,-0.15225126136186534,0.003999974774784237,False
M1e6,1000000.0,8,0.075,0.075,fti_dchi6lv,0.0,fti_dchi6lv,-6.097489080153087,-0.06147750176375655,0.01008242916971539,True
M1e6,1000000.0,8,0.075,0.075,fti_dchi7v,0.0,Mchirp,-26.682101279656205,-120.40259829060813,4.512485618305077,False
M1e6,1000000.0,8,0.075,0.075,fti_dchi7v,0.0,q,-108.99948339041556,-0.5556189206573732,0.005097445449968338,False
M1e6,1000000.0,8,0.075,0.075,fti_dchi7v,0.0,chiPN,-68.25623992784665,-0.02354941247616657,0.0003450147928022485,False
M1e6,1000000.0,8,0.075,0.075,fti_dchi7v,0.0,chim,-42.2356760779513,-0.10021918398476876,0.002372856156008999,False
M1e6,1000000.0,8,0.075,0.075,fti_dchi7v,0.0,Deltat,66.83956849154553,7.364796068921592,0.1101861701853021,False
M1e6,1000000.0,8,0.075,0.075,fti_dchi7v,0.0,dist,-36.52566979127545,-1021.1791862827539,27.957849701819118,False
M1e6,1000000.0,8,0.075,0.075,fti_dchi7v,0.0,inc,40.10604088890865,0.11524031310191138,0.0028733904057276606,False
M1e6,1000000.0,8,0.075,0.075,fti_dchi7v,0.0,phi,-112.16084691749651,-1.7320104720113878,0.015442202155315601,False
M1e6,1000000.0,8,0.075,0.075,fti_dchi7v,0.0,lambda,-37.67699232433981,-0.1284593714924857,0.0034094911394904354,False
M1e6,1000000.0,8,0.075,0.075,fti_dchi7v,0.0,beta,-7.388400148505398,-0.01229757347816035,0.0016644433478129946,False
M1e6,1000000.0,8,0.075,0.075,fti_dchi7v,0.0,psi,-38.57777445964821,-0.15328403289953618,0.003973376770603215,False
M1e6,1000000.0,8,0.075,0.075,fti_dchi7v,0.0,fti_dchi7v,8.69875618742615,0.023451748698768204,0.002695988736029544,True
M1e6,1000000.0,8,0.075,0.075,fti_dkappa_S,0.0,Mchirp,-32.166681891753676,-132.33123696298333,4.113922517973732,False
M1e6,1000000.0,8,0.075,0.075,fti_dkappa_S,0.0,q,-106.41658661417036,-0.5535822217595325,0.0052020294896944,False
M1e6,1000000.0,8,0.075,0.075,fti_dkappa_S,0.0,chiPN,-63.98779945329511,-0.023555392432157804,0.00036812318337890265,False
M1e6,1000000.0,8,0.075,0.075,fti_dkappa_S,0.0,chim,-39.31826152981908,-0.10286144796629393,0.002616124008643757,False
M1e6,1000000.0,8,0.075,0.075,fti_dkappa_S,0.0,Deltat,68.26611173236466,7.185978847628282,0.10526421771025579,False
M1e6,1000000.0,8,0.075,0.075,fti_dkappa_S,0.0,dist,-36.24801631144128,-1019.0507822439478,28.113284144663545,False
M1e6,1000000.0,8,0.075,0.075,fti_dkappa_S,0.0,inc,39.79057312533037,0.11390110336000053,0.0028625147720602187,False
M1e6,1000000.0,8,0.075,0.075,fti_dkappa_S,0.0,phi,-109.75658200392549,-1.731251764249372,0.015773557563841165,False
M1e6,1000000.0,8,0.075,0.075,fti_dkappa_S,0.0,lambda,-37.349905109198,-0.12685427691889756,0.0033963748113420966,False
M1e6,1000000.0,8,0.075,0.075,fti_dkappa_S,0.0,beta,-7.781501662349562,-0.013186511723808997,0.001694597302164867,False
M1e6,1000000.0,8,0.075,0.075,fti_dkappa_S,0.0,psi,-38.22919327474182,-0.1527791863147845,0.003996401002155761,False
M1e6,1000000.0,8,0.075,0.075,fti_dkappa_S,0.0,fti_dkappa_S,-6.855297086140386,-0.04492259616988392,0.006552975838305482,True
M1e6,1000000.0,8,0.075,0.075,fti_dxi0v,0.0,Mchirp,-8.921571743780552,-812.5808084021501,91.08045440184016,False
M1e6,1000000.0,8,0.075,0.075,fti_dxi0v,0.0,q,-115.10367129603506,-0.5380564581728624,0.004674537763344102,False
M1e6,1000000.0,8,0.075,0.075,fti_dxi0v,0.0,chiPN,-82.73160278684749,-0.025016209566175368,0.00030237791513151245,False
M1e6,1000000.0,8,0.075,0.075,fti_dxi0v,0.0,chim,-39.38026392877456,-0.10393353824838453,0.0026392290929376397,False
M1e6,1000000.0,8,0.075,0.075,fti_dxi0v,0.0,Deltat,73.82614664010079,7.049370321935497,0.09548609324418443,False
M1e6,1000000.0,8,0.075,0.075,fti_dxi0v,0.0,dist,-36.21903045384659,-1006.4292523823799,27.78730517551702,False
M1e6,1000000.0,8,0.075,0.075,fti_dxi0v,0.0,inc,38.3745573034437,0.10955972974095603,0.0028550096063551,False
M1e6,1000000.0,8,0.075,0.075,fti_dxi0v,0.0,phi,-109.59218971123325,-1.735665707834202,0.015837494555109664,False
M1e6,1000000.0,8,0.075,0.075,fti_dxi0v,0.0,lambda,-35.86124492960594,-0.12184767118279022,0.003397753519766865,False
M1e6,1000000.0,8,0.075,0.075,fti_dxi0v,0.0,beta,-8.074105617842696,-0.013776050358399738,0.0017062014061293065,False
M1e6,1000000.0,8,0.075,0.075,fti_dxi0v,0.0,psi,-37.926779713874424,-0.14838966481105126,0.003912530036310126,False
M1e6,1000000.0,8,0.075,0.075,fti_dxi0v,0.0,fti_dxi0v,-28.202436421296888,-0.0006237518040181902,2.211694744029874e-05,True
M1e6,1000000.0,9,0.0025,0.0025,fti_dchiMinus2v,0.0,Mchirp,-0.6761736143518114,-10.037569372030319,14.84466290754699,False
M1e6,1000000.0,9,0.0025,0.0025,fti_dchiMinus2v,0.0,q,-3.5065616077085235,-0.017003777677208974,0.004849131308524377,False
M1e6,1000000.0,9,0.0025,0.0025,fti_dchiMinus2v,0.0,chiPN,-2.6738936484256994,-0.0009654642563073901,0.0003610705522546956,False
M1e6,1000000.0,9,0.0025,0.0025,fti_dchiMinus2v,0.0,chim,-0.6249564734781606,-0.0016911781005028732,0.002706073418346585,False
M1e6,1000000.0,9,0.0025,0.0025,fti_dchiMinus2v,0.0,Deltat,2.7675848356297235,0.24925598738041868,0.09006263662508619,False
M1e6,1000000.0,9,0.0025,0.0025,fti_dchiMinus2v,0.0,dist,-1.0363968790587204,-29.159880924592972,28.135824715215904,False
M1e6,1000000.0,9,0.0025,0.0025,fti_dchiMinus2v,0.0,inc,1.184354951340511,0.003365664317624927,0.00284176995571767,False
M1e6,1000000.0,9,0.0025,0.0025,fti_dchiMinus2v,0.0,phi,-3.596612071576473,-0.05417577810722597,0.015063002911926377,False
M1e6,1000000.0,9,0.0025,0.0025,fti_dchiMinus2v,0.0,lambda,-1.0996275086973302,-0.0037114968803507423,0.0033752310223191433,False
M1e6,1000000.0,9,0.0025,0.0025,fti_dchiMinus2v,0.0,beta,-0.119869726044366,-0.00020517299994562174,0.001711633176417567,False
M1e6,1000000.0,9,0.0025,0.0025,fti_dchiMinus2v,0.0,psi,-1.0670031550433678,-0.004186365757509923,0.00392348020502317,False
M1e6,1000000.0,9,0.0025,0.0025,fti_dchiMinus2v,0.0,fti_dchiMinus2v,0.31489137908382625,3.474359803550956e-07,1.1033518331494422e-06,True
M1e6,1000000.0,9,0.0025,0.0025,fti_dchi0v,0.0,Mchirp,-0.14548159015693163,-13.09517981300587,90.01262495742618,False
M1e6,1000000.0,9,0.0025,0.0025,fti_dchi0v,0.0,q,-3.728169880093092,-0.017414702056027787,0.004671112802293479,False
M1e6,1000000.0,9,0.0025,0.0025,fti_dchi0v,0.0,chiPN,-2.9858381276522223,-0.0009036608913494965,0.0003026489892337362,False
M1e6,1000000.0,9,0.0025,0.0025,fti_dchi0v,0.0,chim,-0.8663653020142542,-0.002277906029385754,0.0026292673818881494,False
M1e6,1000000.0,9,0.0025,0.0025,fti_dchi0v,0.0,Deltat,2.627632672260727,0.25089500041957824,0.09548328541816943,False
M1e6,1000000.0,9,0.0025,0.0025,fti_dchi0v,0.0,dist,-1.0806408939688548,-30.399914207795987,28.13137498077335,False
M1e6,1000000.0,9,0.0025,0.0025,fti_dchi0v,0.0,inc,1.17110126846385,0.0033428304922492654,0.0028544333289247507,False
M1e6,1000000.0,9,0.0025,0.0025,fti_dchi0v,0.0,phi,-3.5126527059508206,-0.05550718834735337,0.01580207125324917,False
M1e6,1000000.0,9,0.0025,0.0025,fti_dchi0v,0.0,lambda,-1.0790418527779944,-0.0036624869331207434,0.0033942028510679794,False
M1e6,1000000.0,9,0.0025,0.0025,fti_dchi0v,0.0,beta,-0.22024436261326297,-0.00037546568624698996,0.001704768656922616,False
M1e6,1000000.0,9,0.0025,0.0025,fti_dchi0v,0.0,psi,-1.1181626439458001,-0.004355678474382306,0.0038953890097883073,False
M1e6,1000000.0,9,0.0025,0.0025,fti_dchi0v,0.0,fti_dchi0v,0.084035673562715,3.8577752025373974e-05,0.0004590639949661827,True
M1e6,1000000.0,9,0.0025,0.0025,fti_dchi1v,0.0,Mchirp,-0.25608038179316983,-3.995230234846531,15.601469377975956,False
M1e6,1000000.0,9,0.0025,0.0025,fti_dchi1v,0.0,q,-3.479391411615596,-0.01724413782464269,0.0049560787461493646,False
M1e6,1000000.0,9,0.0025,0.0025,fti_dchi1v,0.0,chiPN,-2.54765503337828,-0.0009239112511342362,0.0003626516302362559,False
M1e6,1000000.0,9,0.0025,0.0025,fti_dchi1v,0.0,chim,-0.669894973471398,-0.0019701137880112143,0.002940929348673984,False
M1e6,1000000.0,9,0.0025,0.0025,fti_dchi1v,0.0,Deltat,2.6524567953598925,0.24593398334115538,0.09271931734058138,False
M1e6,1000000.0,9,0.0025,0.0025,fti_dchi1v,0.0,dist,-1.044589874019774,-29.64508607187024,28.379641435533443,False
M1e6,1000000.0,9,0.0025,0.0025,fti_dchi1v,0.0,inc,1.1834179539077259,0.003363106011352957,0.0028418581957859895,False
M1e6,1000000.0,9,0.0025,0.0025,fti_dchi1v,0.0,phi,-3.4607523185188755,-0.05449559528576135,0.015746748183667836,False
M1e6,1000000.0,9,0.0025,0.0025,fti_dchi1v,0.0,lambda,-1.0956951561648423,-0.00369806025601393,0.0033750813218504125,False
M1e6,1000000.0,9,0.0025,0.0025,fti_dchi1v,0.0,beta,-0.16302241714242782,-0.0002846918804565333,0.0017463357828132711,False
M1e6,1000000.0,9,0.0025,0.0025,fti_dchi1v,0.0,psi,-1.0825270461788925,-0.0042742499722097085,0.003948400169119995,False
M1e6,1000000.0,9,0.0025,0.0025,fti_dchi1v,0.0,fti_dchi1v,-0.10238862698886832,-7.01185123561203e-05,0.0006848271572558891,True
M1e6,1000000.0,9,0.0025,0.0025,fti_dchi2v,0.0,Mchirp,-0.7621939021295596,-5.365971122457786,7.0401653797876556,False
M1e6,1000000.0,9,0.0025,0.0025,fti_dchi2v,0.0,q,-3.4139774618649903,-0.017353830315682883,0.005083170732534016,False
M1e6,1000000.0,9,0.0025,0.0025,fti_dchi2v,0.0,chiPN,-2.414155949014829,-0.0009101699494428969,0.0003770137342677965,False
M1e6,1000000.0,9,0.0025,0.0025,fti_dchi2v,0.0,chim,-0.7168262118446628,-0.0021073451321363887,0.0029398271119486534,False
M1e6,1000000.0,9,0.0025,0.0025,fti_dchi2v,0.0,Deltat,2.614298802088597,0.24734384277108118,0.09461192522196582,False
M1e6,1000000.0,9,0.0025,0.0025,fti_dchi2v,0.0,dist,-1.053180753804001,-29.981840794780194,28.467896594661728,False
M1e6,1000000.0,9,0.0025,0.0025,fti_dchi2v,0.0,inc,1.1819889273765851,0.003361859862620156,0.002844239725732268,False
M1e6,1000000.0,9,0.0025,0.0025,fti_dchi2v,0.0,phi,-3.465380410003984,-0.05487616925280262,0.015835539756150332,False
M1e6,1000000.0,9,0.0025,0.0025,fti_dchi2v,0.0,lambda,-1.0936038780807436,-0.0036911987332809153,0.0033752611958169964,False
M1e6,1000000.0,9,0.0025,0.0025,fti_dchi2v,0.0,beta,-0.18612812393983005,-0.00032493962603432963,0.0017457846732467652,False
M1e6,1000000.0,9,0.0025,0.0025,fti_dchi2v,0.0,psi,-1.088477963673648,-0.0043191776182127445,0.003968089168875208,False
M1e6,1000000.0,9,0.0025,0.0025,fti_dchi2v,0.0,fti_dchi2v,-0.029877779287324262,-1.377029018706337e-05,0.0004608873388694406,True
M1e6,1000000.0,9,0.0025,0.0025,fti_dchi3v,0.0,Mchirp,-1.2595270007245525,-5.698238741614567,4.524110033636922,False
M1e6,1000000.0,9,0.0025,0.0025,fti_dchi3v,0.0,q,-3.4006924825198617,-0.017585805954535974,0.005171242635119174,False
M1e6,1000000.0,9,0.0025,0.0025,fti_dchi3v,0.0,chiPN,-2.324600557538456,-0.0008855105739972373,0.00038093020804181243,False
M1e6,1000000.0,9,0.0025,0.0025,fti_dchi3v,0.0,chim,-0.8003180693659196,-0.002302748489960838,0.0028772916395418536,False
M1e6,1000000.0,9,0.0025,0.0025,fti_dchi3v,0.0,Deltat,2.567407473438537,0.25119105816647425,0.09783840732926326,False
M1e6,1000000.0,9,0.0025,0.0025,fti_dchi3v,0.0,dist,-1.0719707001956866,-30.578810555608033,28.525789510875544,False
M1e6,1000000.0,9,0.0025,0.0025,fti_dchi3v,0.0,inc,1.1867725240291347,0.0033813154825619854,0.00284916899751125,False
M1e6,1000000.0,9,0.0025,0.0025,fti_dchi3v,0.0,phi,-3.489306456297873,-0.05549359325148312,0.01590390352539037,False
M1e6,1000000.0,9,0.0025,0.0025,fti_dchi3v,0.0,lambda,-1.0967822834165613,-0.003705652310112319,0.0033786580674597757,False
M1e6,1000000.0,9,0.0025,0.0025,fti_dchi3v,0.0,beta,-0.21996084029697632,-0.0003818806105407779,0.0017361299857974193,False
M1e6,1000000.0,9,0.0025,0.0025,fti_dchi3v,0.0,psi,-1.1070582933816242,-0.004407117060563679,0.003980925924958914,False
M1e6,1000000.0,9,0.0025,0.0025,fti_dchi3v,0.0,fti_dchi3v,-0.07755694133047618,-3.3708671697431965e-05,0.00043463126728782,True
M1e6,1000000.0,9,0.0025,0.0025,fti_dchi4v,0.0,Mchirp,-1.3777276398198557,-5.550079795708415,4.028430319097114,False
M1e6,1000000.0,9,0.0025,0.0025,fti_dchi4v,0.0,q,-3.4273353984157633,-0.01786589106774268,0.00521276414207986,False
M1e6,1000000.0,9,0.0025,0.0025,fti_dchi4v,0.0,chiPN,-2.279290513844932,-0.0008594923377868722,0.0003770876650282705,False
M1e6,1000000.0,9,0.0025,0.0025,fti_dchi4v,0.0,chim,-0.8973473678226505,-0.002475158750249718,0.002758306135399399,False
M1e6,1000000.0,9,0.0025,0.0025,fti_dchi4v,0.0,Deltat,2.5305803399959608,0.2574912704708021,0.10175186553105565,False
M1e6,1000000.0,9,0.0025,0.0025,fti_dchi4v,0.0,dist,-1.0952451882683525,-31.250969040515997,28.533308683077287,False
M1e6,1000000.0,9,0.0025,0.0025,fti_dchi4v,0.0,inc,1.197842209005459,0.0034210255360800157,0.0028559901382339955,False
M1e6,1000000.0,9,0.0025,0.0025,fti_dchi4v,0.0,phi,-3.53580429616798,-0.056167132212914736,0.01588524915640476,False
M1e6,1000000.0,9,0.0025,0.0025,fti_dchi4v,0.0,lambda,-1.1061325578902237,-0.003744055890635747,0.003384816642389546,False
M1e6,1000000.0,9,0.0025,0.0025,fti_dchi4v,0.0,beta,-0.25093167595282967,-0.00043124891278009886,0.001718590971596449,False
M1e6,1000000.0,9,0.0025,0.0025,fti_dchi4v,0.0,psi,-1.1315927797335932,-0.004509505235687182,0.003985095448160105,False
M1e6,1000000.0,9,0.0025,0.0025,fti_dchi4v,0.0,fti_dchi4v,0.19541735876568403,0.0007895454331385554,0.004040303472145804,True
M1e6,1000000.0,9,0.0025,0.0025,fti_dchi5lv,0.0,Mchirp,-1.2479073682077473,-5.20663098194246,4.1722896383088575,False
M1e6,1000000.0,9,0.0025,0.0025,fti_dchi5lv,0.0,q,-3.4803722927721843,-0.018113999380279102,0.005204615442404568,False
M1e6,1000000.0,9,0.0025,0.0025,fti_dchi5lv,0.0,chiPN,-2.2830558928185365,-0.000839691652207401,0.00036779285818130513,False
M1e6,1000000.0,9,0.0025,0.0025,fti_dchi5lv,0.0,chim,-0.982973393825373,-0.0025679583368047373,0.002612439312127445,False
M1e6,1000000.0,9,0.0025,0.0025,fti_dchi5lv,0.0,Deltat,2.5122098504292976,0.2649990200946737,0.10548442840051339,False
M1e6,1000000.0,9,0.0025,0.0025,fti_dchi5lv,0.0,dist,-1.1163963037523108,-31.806568732477782,28.490392368348925,False
M1e6,1000000.0,9,0.0025,0.0025,fti_dchi5lv,0.0,inc,1.2126706323886034,0.0034721630890952263,0.002863236724267074,False
M1e6,1000000.0,9,0.0025,0.0025,fti_dchi5lv,0.0,phi,-3.5941954692134788,-0.05670355293621952,0.015776424354746632,False
M1e6,1000000.0,9,0.0025,0.0025,fti_dchi5lv,0.0,lambda,-1.1197224533289307,-0.0037985576876756284,0.003392410035524902,False
M1e6,1000000.0,9,0.0025,0.0025,fti_dchi5lv,0.0,beta,-0.26866317945305346,-0.0004562533920349481,0.0016982356605910504,False
M1e6,1000000.0,9,0.0025,0.0025,fti_dchi5lv,0.0,psi,-1.1548162207432342,-0.004596759209428365,0.0039805114674176575,False
M1e6,1000000.0,9,0.0025,0.0025,fti_dchi5lv,0.0,fti_dchi5lv,-0.30507464463650746,-0.0022333068299299,0.0073205258752029575,True
M1e6,1000000.0,9,0.0025,0.0025,fti_dchi6v,0.0,Mchirp,-1.1089551238822586,-4.857933068774635,4.380639905218038,False
M1e6,1000000.0,9,0.0025,0.0025,fti_dchi6v,0.0,q,-3.542425406823975,-0.01828062481231877,0.005160482639127352,False
M1e6,1000000.0,9,0.0025,0.0025,fti_dchi6v,0.0,chiPN,-2.326965895398321,-0.0008291271673713685,0.00035631255662620776,False
M1e6,1000000.0,9,0.0025,0.0025,fti_dchi6v,0.0,chim,-1.0382854381466535,-0.002571262317446577,0.0024764503314582717,False
M1e6,1000000.0,9,0.0025,0.0025,fti_dchi6v,0.0,Deltat,2.5097450196707434,0.2721072774983573,0.10842028786416534,False
M1e6,1000000.0,9,0.0025,0.0025,fti_dchi6v,0.0,dist,-1.1310762074439658,-32.14193884983544,28.41712931303771,False
M1e6,1000000.0,9,0.0025,0.0025,fti_dchi6v,0.0,inc,1.2276170818452858,0.0035226224322121337,0.002869479811177866,False
M1e6,1000000.0,9,0.0025,0.0025,fti_dchi6v,0.0,phi,-3.6503183913671697,-0.057002062483738444,0.015615641259826986,False
M1e6,1000000.0,9,0.0025,0.0025,fti_dchi6v,0.0,lambda,-1.1341283101377446,-0.0038557566910992387,0.003399753499346949,False
M1e6,1000000.0,9,0.0025,0.0025,fti_dchi6v,0.0,beta,-0.2703651052362979,-0.0004543411420876147,0.0016804725657570438,False
M1e6,1000000.0,9,0.0025,0.0025,fti_dchi6v,0.0,psi,-1.1717213678843226,-0.004652032607613853,0.003970254989898863,False
M1e6,1000000.0,9,0.0025,0.0025,fti_dchi6v,0.0,fti_dchi6v,-0.3952111966314216,-0.0024805147397528246,0.006276428301868635,True
M1e6,1000000.0,9,0.0025,0.0025,fti_dchi6lv,0.0,Mchirp,-1.2965859860164668,-5.33696950517632,4.116170900144636,False
M1e6,1000000.0,9,0.0025,0.0025,fti_dchi6lv,0.0,q,-3.445128953642377,-0.01796492810100957,0.005214588000259345,False
M1e6,1000000.0,9,0.0025,0.0025,fti_dchi6lv,0.0,chiPN,-2.284891831087989,-0.0008517043493528576,0.00037275477891979877,False
M1e6,1000000.0,9,0.0025,0.0025,fti_dchi6lv,0.0,chim,-0.9320529290029838,-0.002519498148375085,0.0027031706783757336,False
M1e6,1000000.0,9,0.0025,0.0025,fti_dchi6lv,0.0,Deltat,2.5278820445118164,0.2600667498040843,0.10287930576852065,False
M1e6,1000000.0,9,0.0025,0.0025,fti_dchi6lv,0.0,dist,-1.1036334736818292,-31.47576769963932,28.520127787201922,False
M1e6,1000000.0,9,0.0025,0.0025,fti_dchi6lv,0.0,inc,1.2030554957092137,0.003439052774412739,0.0028585986155072437,False
M1e6,1000000.0,9,0.0025,0.0025,fti_dchi6lv,0.0,phi,-3.556534108123927,-0.05639118992628843,0.015855658405602865,False
M1e6,1000000.0,9,0.0025,0.0025,fti_dchi6lv,0.0,lambda,-1.1108109015756515,-0.0037628454841837147,0.0033874761931542378,False
M1e6,1000000.0,9,0.0025,0.0025,fti_dchi6lv,0.0,beta,-0.25936594895678605,-0.00044377856726266016,0.0017110132191508292,False
M1e6,1000000.0,9,0.0025,0.0025,fti_dchi6lv,0.0,psi,-1.1407018080320483,-0.004544649086334423,0.003984081601636893,False
M1e6,1000000.0,9,0.0025,0.0025,fti_dchi6lv,0.0,fti_dchi6lv,-0.23779782132274813,-0.002402769402113293,0.010104253221278106,True
M1e6,1000000.0,9,0.0025,0.0025,fti_dchi7v,0.0,Mchirp,-1.0164640367839364,-4.591401509781004,4.51703291373502,False
M1e6,1000000.0,9,0.0025,0.0025,fti_dchi7v,0.0,q,-3.6005060164281972,-0.01836197951851829,0.005099833033117353,False
M1e6,1000000.0,9,0.0025,0.0025,fti_dchi7v,0.0,chiPN,-2.393422356746511,-0.0008264321155645646,0.0003452930542054315,False
M1e6,1000000.0,9,0.0025,0.0025,fti_dchi7v,0.0,chim,-1.0580771595053886,-0.002510641170576028,0.002372833727693034,False
M1e6,1000000.0,9,0.0025,0.0025,fti_dchi7v,0.0,Deltat,2.5163641280190046,0.2778508849949114,0.11041759890832975,False
M1e6,1000000.0,9,0.0025,0.0025,fti_dchi7v,0.0,dist,-1.1387019234306743,-32.26678348985477,28.336461742895448,False
M1e6,1000000.0,9,0.0025,0.0025,fti_dchi7v,0.0,inc,1.2402300196946252,0.0035645338603958404,0.002874090937803227,False
M1e6,1000000.0,9,0.0025,0.0025,fti_dchi7v,0.0,phi,-3.6953148886404947,-0.05707854438879359,0.01544619230265185,False
M1e6,1000000.0,9,0.0025,0.0025,fti_dchi7v,0.0,lambda,-1.1467774779310453,-0.0039056987499408403,0.0034058035016412192,False
M1e6,1000000.0,9,0.0025,0.0025,fti_dchi7v,0.0,beta,-0.2599557034644969,-0.00043358407889075535,0.001667915237528041,False
M1e6,1000000.0,9,0.0025,0.0025,fti_dchi7v,0.0,psi,-1.1812949712097975,-0.004675666859489493,0.003958085807053771,False
M1e6,1000000.0,9,0.0025,0.0025,fti_dchi7v,0.0,fti_dchi7v,0.4632974658467434,0.0012509307059052517,0.002700059460975022,True
M1e6,1000000.0,9,0.0025,0.0025,fti_dkappa_S,0.0,Mchirp,-1.282796247871816,-5.281494294281124,4.117173169973974,False
M1e6,1000000.0,9,0.0025,0.0025,fti_dkappa_S,0.0,q,-3.478555861743587,-0.01810619506824053,0.005205089637159083,False
M1e6,1000000.0,9,0.0025,0.0025,fti_dkappa_S,0.0,chiPN,-2.2791539740750357,-0.0008400217062849036,0.0003685673350023731,False
M1e6,1000000.0,9,0.0025,0.0025,fti_dkappa_S,0.0,chim,-0.980355680110632,-0.0025665525276087793,0.0026179809835131947,False
M1e6,1000000.0,9,0.0025,0.0025,fti_dkappa_S,0.0,Deltat,2.5102162375927897,0.2648088337257537,0.10549243916121592,False
M1e6,1000000.0,9,0.0025,0.0025,fti_dkappa_S,0.0,dist,-1.1157572109046745,-31.79110126788447,28.49284858496027,False
M1e6,1000000.0,9,0.0025,0.0025,fti_dkappa_S,0.0,inc,1.2121373463825729,0.0034703597437855368,0.0028630086797855558,False
M1e6,1000000.0,9,0.0025,0.0025,fti_dkappa_S,0.0,phi,-3.5922927235952535,-0.056687741753693816,0.015780379305214122,False
M1e6,1000000.0,9,0.0025,0.0025,fti_dkappa_S,0.0,lambda,-1.1192175234612887,-0.003796549434921012,0.003392146169387891,False
M1e6,1000000.0,9,0.0025,0.0025,fti_dkappa_S,0.0,beta,-0.26829395281321045,-0.0004558004274105038,0.001698884460984619,False
M1e6,1000000.0,9,0.0025,0.0025,fti_dkappa_S,0.0,psi,-1.1540904950191948,-0.0045941360065876145,0.003980741567853572,False
M1e6,1000000.0,9,0.0025,0.0025,fti_dkappa_S,0.0,fti_dkappa_S,-0.3015334498769037,-0.001980034528683384,0.00656655017707555,True
M1e6,1000000.0,9,0.0025,0.0025,fti_dxi0v,0.0,Mchirp,-0.14992725513197663,-13.677530637136329,91.22777993298412,False
M1e6,1000000.0,9,0.0025,0.0025,fti_dxi0v,0.0,q,-3.7283634636098997,-0.017415781732565437,0.004671159854061819,False
M1e6,1000000.0,9,0.0025,0.0025,fti_dxi0v,0.0,chiPN,-2.9860238469049807,-0.0009037283990510857,0.0003026527735161264,False
M1e6,1000000.0,9,0.0025,0.0025,fti_dxi0v,0.0,chim,-0.8663267894748945,-0.0022867995571802923,0.002639650054647839,False
M1e6,1000000.0,9,0.0025,0.0025,fti_dxi0v,0.0,Deltat,2.625357112142489,0.25111470864868113,0.09564973370184776,False
M1e6,1000000.0,9,0.0025,0.0025,fti_dxi0v,0.0,dist,-1.081275153317976,-30.436545527284963,28.148751438417946,False
M1e6,1000000.0,9,0.0025,0.0025,fti_dxi0v,0.0,inc,1.1707400427113648,0.003341746697668163,0.002854388314872083,False
M1e6,1000000.0,9,0.0025,0.0025,fti_dxi0v,0.0,phi,-3.507227449374723,-0.055546997201701837,0.01583786566554299,False
M1e6,1000000.0,9,0.0025,0.0025,fti_dxi0v,0.0,lambda,-1.0785258338336605,-0.003660814271153638,0.00339427592396293,False
M1e6,1000000.0,9,0.0025,0.0025,fti_dxi0v,0.0,beta,-0.22207295295492627,-0.0003793276942191787,0.0017081219895165268,False
M1e6,1000000.0,9,0.0025,0.0025,fti_dxi0v,0.0,psi,-1.1187110215260418,-0.0043584865106124126,0.003895989604774761,False
M1e6,1000000.0,9,0.0025,0.0025,fti_dxi0v,0.0,fti_dxi0v,-1.2151542566870535,-2.690293455467816e-05,2.213952212785331e-05,True
M1e6,1000000.0,10,0.005,0.005,fti_dchiMinus2v,0.0,Mchirp,-1.3464368243001845,-19.98661982091525,14.844082886178763,False
M1e6,1000000.0,10,0.005,0.005,fti_dchiMinus2v,0.0,q,-7.044937318186041,-0.03416233121837738,0.0048492030057087345,False
M1e6,1000000.0,10,0.005,0.005,fti_dchiMinus2v,0.0,chiPN,-5.35229579880667,-0.0019324692151226784,0.0003610542630236421,False
M1e6,1000000.0,10,0.005,0.005,fti_dchiMinus2v,0.0,chim,-1.2766957744723573,-0.003454802308476272,0.0027060497712574475,False
M1e6,1000000.0,10,0.005,0.005,fti_dchiMinus2v,0.0,Deltat,5.536809835716906,0.498639442955622,0.09005897940344526,False
M1e6,1000000.0,10,0.005,0.005,fti_dchiMinus2v,0.0,dist,-2.088504081338078,-58.73141102280578,28.12128142224042,False
M1e6,1000000.0,10,0.005,0.005,fti_dchiMinus2v,0.0,inc,2.386610522432719,0.00678221057340875,0.0028417751910753786,False
M1e6,1000000.0,10,0.005,0.005,fti_dchiMinus2v,0.0,phi,-7.2237624895843915,-0.10881269166633474,0.01506316020539528,False
M1e6,1000000.0,10,0.005,0.005,fti_dchiMinus2v,0.0,lambda,-2.2172021255879155,-0.007483937119623778,0.0033753968721454883,False
M1e6,1000000.0,10,0.005,0.005,fti_dchiMinus2v,0.0,beta,-0.24187277342380673,-0.0004139654287071484,0.0017115007317578606,False
M1e6,1000000.0,10,0.005,0.005,fti_dchiMinus2v,0.0,psi,-2.152786740920936,-0.008447898343012784,0.003924168698381557,False
M1e6,1000000.0,10,0.005,0.005,fti_dchiMinus2v,0.0,fti_dchiMinus2v,0.624417884146781,6.8893235799345e-07,1.1033193883208888e-06,True
M1e6,1000000.0,10,0.005,0.005,fti_dchi0v,0.0,Mchirp,-0.3013776965290392,-27.126146494990735,90.00714653871874,False
M1e6,1000000.0,10,0.005,0.005,fti_dchi0v,0.0,q,-7.487841833905711,-0.03497725655610304,0.004671206648319206,False
M1e6,1000000.0,10,0.005,0.005,fti_dchi0v,0.0,chiPN,-5.980575787671346,-0.001809954609725788,0.0003026388551846325,False
M1e6,1000000.0,10,0.005,0.005,fti_dchi0v,0.0,chim,-1.7626518451455568,-0.004634431514355886,0.0026292381715194483,False
M1e6,1000000.0,10,0.005,0.005,fti_dchi0v,0.0,Deltat,5.260591463045335,0.5022699304144846,0.09547784387798147,False
M1e6,1000000.0,10,0.005,0.005,fti_dchi0v,0.0,dist,-2.1775668120594585,-61.22653563557017,28.11694929243732,False
M1e6,1000000.0,10,0.005,0.005,fti_dchi0v,0.0,inc,2.35900388381077,0.006733650935581806,0.0028544467356722476,False
M1e6,1000000.0,10,0.005,0.005,fti_dchi0v,0.0,phi,-7.057241658873617,-0.11151860383207488,0.015802010080220773,False
M1e6,1000000.0,10,0.005,0.005,fti_dchi0v,0.0,lambda,-2.174982202255702,-0.007382639299301946,0.003394344694703854,False
M1e6,1000000.0,10,0.005,0.005,fti_dchi0v,0.0,beta,-0.4437622237305107,-0.0007564698804279936,0.0017046738996138277,False
M1e6,1000000.0,10,0.005,0.005,fti_dchi0v,0.0,psi,-2.255024065299566,-0.008785710089841848,0.0038960604567538047,False
M1e6,1000000.0,10,0.005,0.005,fti_dchi0v,0.0,fti_dchi0v,0.17861676407390545,8.199142026425917e-05,0.00045903541411339163,True
M1e6,1000000.0,10,0.005,0.005,fti_dchi1v,0.0,Mchirp,-0.5181779556834323,-8.083890707094184,15.600607124307759,False
M1e6,1000000.0,10,0.005,0.005,fti_dchi1v,0.0,q,-6.990920153343333,-0.03464758519264399,0.004956083667480332,False
M1e6,1000000.0,10,0.005,0.005,fti_dchi1v,0.0,chiPN,-5.098936594845437,-0.0018490356603583311,0.0003626316244503881,False
M1e6,1000000.0,10,0.005,0.005,fti_dchi1v,0.0,chim,-1.366201308531783,-0.004017747822482626,0.0029408168455060135,False
M1e6,1000000.0,10,0.005,0.005,fti_dchi1v,0.0,Deltat,5.308424061614041,0.49216849892897263,0.0927146160925447,False
M1e6,1000000.0,10,0.005,0.005,fti_dchi1v,0.0,dist,-2.105362022301319,-59.71854459345372,28.364976645763214,False
M1e6,1000000.0,10,0.005,0.005,fti_dchi1v,0.0,inc,2.3847861583445393,0.006777233840527513,0.002841862284722461,False
M1e6,1000000.0,10,0.005,0.005,fti_dchi1v,0.0,phi,-6.952261373195811,-0.10947477826488743,0.015746643054440304,False
M1e6,1000000.0,10,0.005,0.005,fti_dchi1v,0.0,lambda,-2.2093659141120767,-0.007457156544451636,0.0033752473942047743,False
M1e6,1000000.0,10,0.005,0.005,fti_dchi1v,0.0,beta,-0.3290144696779694,-0.0005745183312253245,0.001746179527568036,False
M1e6,1000000.0,10,0.005,0.005,fti_dchi1v,0.0,psi,-2.184231105121655,-0.008625724719138896,0.003949089773015786,False
M1e6,1000000.0,10,0.005,0.005,fti_dchi1v,0.0,fti_dchi1v,-0.19782675134774177,-0.00013546754959717876,0.0006847787201390807,True
M1e6,1000000.0,10,0.005,0.005,fti_dchi2v,0.0,Mchirp,-1.5270670417369852,-10.750426469981925,7.039917813794011,False
M1e6,1000000.0,10,0.005,0.005,fti_dchi2v,0.0,q,-6.8591322150008,-0.03486583397186674,0.005083126098023855,False
M1e6,1000000.0,10,0.005,0.005,fti_dchi2v,0.0,chiPN,-4.832405128343097,-0.0018217775909451896,0.0003769919000085634,False
M1e6,1000000.0,10,0.005,0.005,fti_dchi2v,0.0,chim,-1.4589396491105324,-0.004288842324041871,0.0029396982436227827,False
M1e6,1000000.0,10,0.005,0.005,fti_dchi2v,0.0,Deltat,5.232023451826085,0.4949841779813807,0.09460664359381282,False
M1e6,1000000.0,10,0.005,0.005,fti_dchi2v,0.0,dist,-2.1222938030527616,-60.385821805618626,28.45309246003457,False
M1e6,1000000.0,10,0.005,0.005,fti_dchi2v,0.0,inc,2.382073025525324,0.006775182106822914,0.002844237785417501,False
M1e6,1000000.0,10,0.005,0.005,fti_dchi2v,0.0,phi,-6.960862091292789,-0.11022772091155182,0.015835354797422808,False
M1e6,1000000.0,10,0.005,0.005,fti_dchi2v,0.0,lambda,-2.2053854252998546,-0.007444141700606297,0.003375437968895689,False
M1e6,1000000.0,10,0.005,0.005,fti_dchi2v,0.0,beta,-0.3746627765546322,-0.0006540137377044784,0.0017456063922835741,False
M1e6,1000000.0,10,0.005,0.005,fti_dchi2v,0.0,psi,-2.195893129020322,-0.008715004032557873,0.003968774216460158,False
M1e6,1000000.0,10,0.005,0.005,fti_dchi2v,0.0,fti_dchi2v,-0.05456425954915164,-2.514603430191307e-05,0.00046085174635718186,True
M1e6,1000000.0,10,0.005,0.005,fti_dchi3v,0.0,Mchirp,-2.5179859047318702,-11.391503097494764,4.524053560461768,False
M1e6,1000000.0,10,0.005,0.005,fti_dchi3v,0.0,q,-6.8314216198325015,-0.03532632403300061,0.005171152652976903,False
M1e6,1000000.0,10,0.005,0.005,fti_dchi3v,0.0,chiPN,-4.6543923623276795,-0.0017728978661749068,0.0003809085543635332,False
M1e6,1000000.0,10,0.005,0.005,fti_dchi3v,0.0,chim,-1.6250237950391573,-0.004675456590933734,0.002877161925386497,False
M1e6,1000000.0,10,0.005,0.005,fti_dchi3v,0.0,Deltat,5.137849820118696,0.5026472766380001,0.09783222441997884,False
M1e6,1000000.0,10,0.005,0.005,fti_dchi3v,0.0,dist,-2.1595002307727795,-61.5691790639357,28.510846253488523,False
M1e6,1000000.0,10,0.005,0.005,fti_dchi3v,0.0,inc,2.391612874217482,0.006814087180909259,0.002849159767606109,False
M1e6,1000000.0,10,0.005,0.005,fti_dchi3v,0.0,phi,-7.007928950407245,-0.11145156775349088,0.015903638370508053,False
M1e6,1000000.0,10,0.005,0.005,fti_dchi3v,0.0,lambda,-2.2117965283865195,-0.007473309803263807,0.003378841456413489,False
M1e6,1000000.0,10,0.005,0.005,fti_dchi3v,0.0,beta,-0.44162045617138634,-0.0007666253910866248,0.0017359372292960744,False
M1e6,1000000.0,10,0.005,0.005,fti_dchi3v,0.0,psi,-2.2326566965190846,-0.008889546351890026,0.00398160020111898,False
M1e6,1000000.0,10,0.005,0.005,fti_dchi3v,0.0,fti_dchi3v,-0.15828210215959754,-6.878877279303981e-05,0.0004345960273112835,True
M1e6,1000000.0,10,0.005,0.005,fti_dchi4v,0.0,Mchirp,-2.7526774898357984,-11.088769209353199,4.028357571963384,False
M1e6,1000000.0,10,0.005,0.005,fti_dchi4v,0.0,q,-6.883490212009862,-0.03588118656719813,0.005212644379822752,False
M1e6,1000000.0,10,0.005,0.005,fti_dchi4v,0.0,chiPN,-4.565275136184549,-0.001721419661417024,0.00037706810872645654,False
M1e6,1000000.0,10,0.005,0.005,fti_dchi4v,0.0,chim,-1.8185109808380449,-0.005015809414281237,0.0027581958355674847,False
M1e6,1000000.0,10,0.005,0.005,fti_dchi4v,0.0,Deltat,5.063274923839588,0.515161742485898,0.10174476998283158,False
M1e6,1000000.0,10,0.005,0.005,fti_dchi4v,0.0,dist,-2.205572370849868,-62.899074510264164,28.518254645177393,False
M1e6,1000000.0,10,0.005,0.005,fti_dchi4v,0.0,inc,2.413547780460047,0.006893027551133768,0.0028559731060388976,False
M1e6,1000000.0,10,0.005,0.005,fti_dchi4v,0.0,phi,-7.10008851378253,-0.11278449460490059,0.01588494205191469,False
M1e6,1000000.0,10,0.005,0.005,fti_dchi4v,0.0,lambda,-2.2303794662200764,-0.007549836844641443,0.00338500105429884,False
M1e6,1000000.0,10,0.005,0.005,fti_dchi4v,0.0,beta,-0.502792932574844,-0.0008639963947661864,0.001718394071972312,False
M1e6,1000000.0,10,0.005,0.005,fti_dchi4v,0.0,psi,-2.2812117761306148,-0.00909235321391621,0.003985755864077923,False
M1e6,1000000.0,10,0.005,0.005,fti_dchi4v,0.0,fti_dchi4v,0.39162869449519716,0.0015821727760486903,0.004039981743646452,True
M1e6,1000000.0,10,0.005,0.005,fti_dchi5lv,0.0,Mchirp,-2.4936088083337555,-10.403726714888425,4.172156707226367,False
M1e6,1000000.0,10,0.005,0.005,fti_dchi5lv,0.0,q,-6.988506871229778,-0.03637159531786298,0.005204487308669214,False
M1e6,1000000.0,10,0.005,0.005,fti_dchi5lv,0.0,chiPN,-4.574377515172449,-0.0016823490877116527,0.0003677766170657277,False
M1e6,1000000.0,10,0.005,0.005,fti_dchi5lv,0.0,chim,-1.9897234740716947,-0.005197878801903488,0.0026123624059511876,False
M1e6,1000000.0,10,0.005,0.005,fti_dchi5lv,0.0,Deltat,5.0252316552712815,0.5300450088977031,0.1054767312750061,False
M1e6,1000000.0,10,0.005,0.005,fti_dchi5lv,0.0,dist,-2.2474045519859027,-63.99547605506977,28.475280962887002,False
M1e6,1000000.0,10,0.005,0.005,fti_dchi5lv,0.0,inc,2.4428613163308515,0.006994432574849989,0.0028632131214700075,False
M1e6,1000000.0,10,0.005,0.005,fti_dchi5lv,0.0,phi,-7.216176466573879,-0.11384330136209254,0.015776124917319747,False
M1e6,1000000.0,10,0.005,0.005,fti_dchi5lv,0.0,lambda,-2.2572835957369604,-0.007658036619057587,0.0033925894971816263,False
M1e6,1000000.0,10,0.005,0.005,fti_dchi5lv,0.0,beta,-0.5376325730451047,-0.0009129245311665377,0.001698045425327955,False
M1e6,1000000.0,10,0.005,0.005,fti_dchi5lv,0.0,psi,-2.3271490296747936,-0.009264749891508496,0.003981158822820726,False
M1e6,1000000.0,10,0.005,0.005,fti_dchi5lv,0.0,fti_dchi5lv,-0.6084687451838421,-0.004453987278235913,0.007319993530465053,True
M1e6,1000000.0,10,0.005,0.005,fti_dchi6v,0.0,Mchirp,-2.2169755625007244,-9.711412357106731,4.380477855223791,False
M1e6,1000000.0,10,0.005,0.005,fti_dchi6v,0.0,q,-7.111878525197603,-0.03669987379073005,0.005160362857816157,False
M1e6,1000000.0,10,0.005,0.005,fti_dchi6v,0.0,chiPN,-4.66353808747851,-0.0016616166225384577,0.00035629957156345723,False
M1e6,1000000.0,10,0.005,0.005,fti_dchi6v,0.0,chim,-2.1008595910489296,-0.0052025873280913335,0.0024764088710439495,False
M1e6,1000000.0,10,0.005,0.005,fti_dchi6v,0.0,Deltat,5.018904831700778,0.544111482780042,0.10841239294741849,False
M1e6,1000000.0,10,0.005,0.005,fti_dchi6v,0.0,dist,-2.2763976711255194,-64.65427428771545,28.402012138656087,False
M1e6,1000000.0,10,0.005,0.005,fti_dchi6v,0.0,inc,2.4723569226884843,0.00709430933570348,0.0028694519268637813,False
M1e6,1000000.0,10,0.005,0.005,fti_dchi6v,0.0,phi,-7.327995036043732,-0.1144294632507745,0.015615384929702837,False
M1e6,1000000.0,10,0.005,0.005,fti_dchi6v,0.0,lambda,-2.285734550788468,-0.007771323879240462,0.0033999240535431954,False
M1e6,1000000.0,10,0.005,0.005,fti_dchi6v,0.0,beta,-0.5406921970365023,-0.0009085229644763427,0.0016802960528298657,False
M1e6,1000000.0,10,0.005,0.005,fti_dchi6v,0.0,psi,-2.3605583339200997,-0.00937352322751535,0.003970892433718872,False
M1e6,1000000.0,10,0.005,0.005,fti_dchi6v,0.0,fti_dchi6v,-0.7864360625317847,-0.004935697611074784,0.006276031639730791,True
M1e6,1000000.0,10,0.005,0.005,fti_dchi6lv,0.0,Mchirp,-2.5904790383360954,-10.662541005133313,4.116049907117576,False
M1e6,1000000.0,10,0.005,0.005,fti_dchi6lv,0.0,q,-6.918712802280204,-0.0360773920432427,0.005214465909229915,False
M1e6,1000000.0,10,0.005,0.005,fti_dchi6lv,0.0,chiPN,-4.577017852233559,-0.00170602203337756,0.0003727365914784516,False
M1e6,1000000.0,10,0.005,0.005,fti_dchi6lv,0.0,chim,-1.8879297168755003,-0.005103213859099592,0.0027030740675798815,False
M1e6,1000000.0,10,0.005,0.005,fti_dchi6lv,0.0,Deltat,5.057491591541452,0.52027446283409,0.1028720371387741,False
M1e6,1000000.0,10,0.005,0.005,fti_dchi6lv,0.0,dist,-2.222194750858734,-63.34378100747047,28.505053836074545,False
M1e6,1000000.0,10,0.005,0.005,fti_dchi6lv,0.0,inc,2.423874372006153,0.006928837192095232,0.002858579335677568,False
M1e6,1000000.0,10,0.005,0.005,fti_dchi6lv,0.0,phi,-7.141306313277952,-0.11322795022935074,0.01585535548570772,False
M1e6,1000000.0,10,0.005,0.005,fti_dchi6lv,0.0,lambda,-2.2396615145789673,-0.007587210931221947,0.00338765964492106,False
M1e6,1000000.0,10,0.005,0.005,fti_dchi6lv,0.0,beta,-0.5194367247705262,-0.0008886617504834209,0.0017108180998869666,False
M1e6,1000000.0,10,0.005,0.005,fti_dchi6lv,0.0,psi,-2.2992626727877283,-0.009161959087403719,0.0039847378882967525,False
M1e6,1000000.0,10,0.005,0.005,fti_dchi6lv,0.0,fti_dchi6lv,-0.4755996480883524,-0.00480520992164625,0.010103476613072648,True
M1e6,1000000.0,10,0.005,0.005,fti_dchi7v,0.0,Mchirp,-2.033202593388642,-9.183711082658377,4.516869648170339,False
M1e6,1000000.0,10,0.005,0.005,fti_dchi7v,0.0,q,-7.227645649405496,-0.036859040668944604,0.0050997299060969335,False
M1e6,1000000.0,10,0.005,0.005,fti_dchi7v,0.0,chiPN,-4.79742398071774,-0.0016564668569572102,0.000345282564896294,False
M1e6,1000000.0,10,0.005,0.005,fti_dchi7v,0.0,chim,-2.1413234085718904,-0.005080979762536762,0.0023728222192860686,False
M1e6,1000000.0,10,0.005,0.005,fti_dchi7v,0.0,Deltat,5.03086330412091,0.5554566203081341,0.1104098018034291,False
M1e6,1000000.0,10,0.005,0.005,fti_dchi7v,0.0,dist,-2.291416408560658,-64.89605942244567,28.32137326938748,False
M1e6,1000000.0,10,0.005,0.005,fti_dchi7v,0.0,inc,2.497205419762617,0.007177120618096431,0.0028740609648279093,False
M1e6,1000000.0,10,0.005,0.005,fti_dchi7v,0.0,phi,-7.417831077059185,-0.11457577232295066,0.015445993732223742,False
M1e6,1000000.0,10,0.005,0.005,fti_dchi7v,0.0,lambda,-2.310664113977079,-0.007870038339066188,0.0034059638055833224,False
M1e6,1000000.0,10,0.005,0.005,fti_dchi7v,0.0,beta,-0.519805129118337,-0.0008669076081723108,0.001667755009733568,False
M1e6,1000000.0,10,0.005,0.005,fti_dchi7v,0.0,psi,-2.379446841263405,-0.009419556686402,0.003958717010631151,False
M1e6,1000000.0,10,0.005,0.005,fti_dchi7v,0.0,fti_dchi7v,0.9206188510017077,0.0024855929564058694,0.0026999153381460127,True
M1e6,1000000.0,10,0.005,0.005,fti_dkappa_S,0.0,Mchirp,-2.563243742835052,-10.55301494359757,4.117054795548045,False
M1e6,1000000.0,10,0.005,0.005,fti_dkappa_S,0.0,q,-6.984889351937701,-0.0363560731375108,0.005204960494818023,False
M1e6,1000000.0,10,0.005,0.005,fti_dkappa_S,0.0,chiPN,-4.566543333536122,-0.0016830036771177171,0.00036855090474187537,False
M1e6,1000000.0,10,0.005,0.005,fti_dkappa_S,0.0,chim,-1.9844512630512898,-0.0051950991413065375,0.0026179021062571017,False
M1e6,1000000.0,10,0.005,0.005,fti_dkappa_S,0.0,Deltat,5.021264862476314,0.5296667084338336,0.10548471808209303,False
M1e6,1000000.0,10,0.005,0.005,fti_dkappa_S,0.0,dist,-2.2461320297569536,-63.96475442379282,28.477735759243963,False
M1e6,1000000.0,10,0.005,0.005,fti_dkappa_S,0.0,inc,2.4418021502937215,0.006990843244321505,0.002862985129028814,False
M1e6,1000000.0,10,0.005,0.005,fti_dkappa_S,0.0,phi,-7.212377523694094,-0.11381187027601074,0.015780076667106804,False
M1e6,1000000.0,10,0.005,0.005,fti_dkappa_S,0.0,lambda,-2.25628029364333,-0.00765403773181279,0.003392325746662188,False
M1e6,1000000.0,10,0.005,0.005,fti_dkappa_S,0.0,beta,-0.5369010382078548,-0.0009120304571950668,0.0016986937858033814,False
M1e6,1000000.0,10,0.005,0.005,fti_dkappa_S,0.0,psi,-2.3257042777072257,-0.009259533328062976,0.00398138895680727,False
M1e6,1000000.0,10,0.005,0.005,fti_dkappa_S,0.0,fti_dkappa_S,-0.6014238521774598,-0.003948990273809044,0.006566068604548513,True
M1e6,1000000.0,10,0.005,0.005,fti_dxi0v,0.0,Mchirp,-0.3104120387090533,-28.316527477493537,91.22238813693173,False
M1e6,1000000.0,10,0.005,0.005,fti_dxi0v,0.0,q,-7.48824309726699,-0.034979481164181106,0.004671253418167967,False
M1e6,1000000.0,10,0.005,0.005,fti_dxi0v,0.0,chiPN,-5.9809557402636875,-0.0018100921026495498,0.00030264261787861795,False
M1e6,1000000.0,10,0.005,0.005,fti_dxi0v,0.0,chim,-1.7626124533073915,-0.004652623177954056,0.002639617783945533,False
M1e6,1000000.0,10,0.005,0.005,fti_dxi0v,0.0,Deltat,5.256139741441653,0.5027189561871914,0.09564413826815528,False
M1e6,1000000.0,10,0.005,0.005,fti_dxi0v,0.0,dist,-2.178899099554753,-61.30182539229187,28.13431122387383,False
M1e6,1000000.0,10,0.005,0.005,fti_dxi0v,0.0,inc,2.358266357820984,0.006731444214261256,0.002854403698690358,False
M1e6,1000000.0,10,0.005,0.005,fti_dxi0v,0.0,phi,-7.04644898327622,-0.1116000556412359,0.01583777245902203,False
M1e6,1000000.0,10,0.005,0.005,fti_dxi0v,0.0,lambda,-2.1739313828413103,-0.007379234410561079,0.003394419193174571,False
M1e6,1000000.0,10,0.005,0.005,fti_dxi0v,0.0,beta,-0.44753472346763024,-0.0007644015416240126,0.0017080273362951714,False
M1e6,1000000.0,10,0.005,0.005,fti_dxi0v,0.0,psi,-2.2561616257851247,-0.00879149617998553,0.003896660629056735,False
M1e6,1000000.0,10,0.005,0.005,fti_dxi0v,0.0,fti_dxi0v,-2.423389678094312,-5.365068275376794e-05,2.2138694093950827e-05,True
M1e6,1000000.0,11,0.0075,0.0075,fti_dchiMinus2v,0.0,Mchirp,-2.009948836751509,-29.834716509552422,14.843520374265578,False
M1e6,1000000.0,11,0.0075,0.0075,fti_dchiMinus2v,0.0,q,-10.612868864038209,-0.05146478935202906,0.004849281566685321,False
M1e6,1000000.0,11,0.0075,0.0075,fti_dchiMinus2v,0.0,chiPN,-8.0327686802815,-0.002900138454254658,0.00036103846253830203,False
M1e6,1000000.0,11,0.0075,0.0075,fti_dchiMinus2v,0.0,chim,-1.9555993067885973,-0.00529191484023836,0.0027060322745401863,False
M1e6,1000000.0,11,0.0075,0.0075,fti_dchiMinus2v,0.0,Deltat,8.315058574916781,0.748815216062025,0.09005531462170359,False
M1e6,1000000.0,11,0.0075,0.0075,fti_dchiMinus2v,0.0,dist,-3.1554969568574958,-88.69321486374966,28.107526667393042,False
M1e6,1000000.0,11,0.0075,0.0075,fti_dchiMinus2v,0.0,inc,3.605753936349642,0.010246767924314224,0.002841782358196008,False
M1e6,1000000.0,11,0.0075,0.0075,fti_dchiMinus2v,0.0,phi,-10.879635259971256,-0.16388360577729305,0.015063336395132609,False
M1e6,1000000.0,11,0.0075,0.0075,fti_dchiMinus2v,0.0,lambda,-3.3517556721722013,-0.011314036512401718,0.003375555266851934,False
M1e6,1000000.0,11,0.0075,0.0075,fti_dchiMinus2v,0.0,beta,-0.3661546106281928,-0.0006266283251413172,0.0017113763064904276,False
M1e6,1000000.0,11,0.0075,0.0075,fti_dchiMinus2v,0.0,psi,-3.253576624233093,-0.012769703311709499,0.003924820216803552,False
M1e6,1000000.0,11,0.0075,0.0075,fti_dchiMinus2v,0.0,fti_dchiMinus2v,0.9280882246390215,1.0239485139932297e-06,1.1032879060517042e-06,True
M1e6,1000000.0,11,0.0075,0.0075,fti_dchi0v,0.0,Mchirp,-0.46774012058814557,-42.09774661999836,90.00242820107847,False
M1e6,1000000.0,11,0.0075,0.0075,fti_dchi0v,0.0,q,-11.27653522542372,-0.05267615104218523,0.004671306388811986,False
M1e6,1000000.0,11,0.0075,0.0075,fti_dchi0v,0.0,chiPN,-8.981627195171303,-0.002718100887129543,0.00030262900341609,False
M1e6,1000000.0,11,0.0075,0.0075,fti_dchi0v,0.0,chim,-2.6890285144181654,-0.007070041354691026,0.002629217695826775,False
M1e6,1000000.0,11,0.0075,0.0075,fti_dchi0v,0.0,Deltat,7.905894688171432,0.7547946852225063,0.09547239306789755,False
M1e6,1000000.0,11,0.0075,0.0075,fti_dchi0v,0.0,dist,-3.289910071249092,-92.45734128669135,28.103303520265445,False
M1e6,1000000.0,11,0.0075,0.0075,fti_dchi0v,0.0,inc,3.562688936454078,0.010169561005868525,0.0028544622298656884,False
M1e6,1000000.0,11,0.0075,0.0075,fti_dchi0v,0.0,phi,-10.63199547261442,-0.16800637587066275,0.015801960817553827,False
M1e6,1000000.0,11,0.0075,0.0075,fti_dchi0v,0.0,lambda,-3.2868473883544116,-0.011157141404004107,0.0033944811199737588,False
M1e6,1000000.0,11,0.0075,0.0075,fti_dchi0v,0.0,beta,-0.670603767078214,-0.0011431014298963274,0.0017045854586781718,False
M1e6,1000000.0,11,0.0075,0.0075,fti_dchi0v,0.0,psi,-3.4067215687300547,-0.013274957985073929,0.003896695904626723,False
M1e6,1000000.0,11,0.0075,0.0075,fti_dchi0v,0.0,fti_dchi0v,0.28385722420196485,0.00013029351459783317,0.00045901074022033396,True
M1e6,1000000.0,11,0.0075,0.0075,fti_dchi1v,0.0,Mchirp,-0.7862262808318905,-12.264954536726236,15.599776852726075,False
M1e6,1000000.0,11,0.0075,0.0075,fti_dchi1v,0.0,q,-10.53234762720316,-0.05219931831935845,0.004956095275903826,False
M1e6,1000000.0,11,0.0075,0.0075,fti_dchi1v,0.0,chiPN,-7.651516043157386,-0.0027745347366080657,0.00036261241837024996,False
M1e6,1000000.0,11,0.0075,0.0075,fti_dchi1v,0.0,chim,-2.0892089583375593,-0.006143763810805412,0.002940712936485862,False
M1e6,1000000.0,11,0.0075,0.0075,fti_dchi1v,0.0,Deltat,7.975163248965293,0.7393764872854619,0.09270988745984472,False
M1e6,1000000.0,11,0.0075,0.0075,fti_dchi1v,0.0,dist,-3.181495725814657,-90.19888959290554,28.351095637511545,False
M1e6,1000000.0,11,0.0075,0.0075,fti_dchi1v,0.0,inc,3.6030946283477534,0.010239520459739842,0.002841868314858916,False
M1e6,1000000.0,11,0.0075,0.0075,fti_dchi1v,0.0,phi,-10.472805087860907,-0.16491063194125066,0.015746557923855528,False
M1e6,1000000.0,11,0.0075,0.0075,fti_dchi1v,0.0,lambda,-3.3400462886667843,-0.0112740126178735,0.003375406100247085,False
M1e6,1000000.0,11,0.0075,0.0075,fti_dchi1v,0.0,beta,-0.49808926771201795,-0.0008696798782767811,0.0017460321565884592,False
M1e6,1000000.0,11,0.0075,0.0075,fti_dchi1v,0.0,psi,-3.3013495405641473,-0.013039475278301155,0.003949740891742387,False
M1e6,1000000.0,11,0.0075,0.0075,fti_dchi1v,0.0,fti_dchi1v,-0.28601961414061394,-0.00019584677874928506,0.0006847319871321908,True
M1e6,1000000.0,11,0.0075,0.0075,fti_dchi2v,0.0,Mchirp,-2.294001095705161,-16.14902857646117,7.03967779557536,False
M1e6,1000000.0,11,0.0075,0.0075,fti_dchi2v,0.0,q,-10.333260982213321,-0.05252488454352918,0.00508308893329419,False
M1e6,1000000.0,11,0.0075,0.0075,fti_dchi2v,0.0,chiPN,-7.2525503361382295,-0.0027339998521275317,0.00037697082066490096,False
M1e6,1000000.0,11,0.0075,0.0075,fti_dchi2v,0.0,chim,-2.226565441033606,-0.006545161316372464,0.002939577339947439,False
M1e6,1000000.0,11,0.0075,0.0075,fti_dchi2v,0.0,Deltat,7.860278827516362,0.7435929673171937,0.09460134731023902,False
M1e6,1000000.0,11,0.0075,0.0075,fti_dchi2v,0.0,dist,-3.2065056841482678,-91.19005733294125,28.43907552815199,False
M1e6,1000000.0,11,0.0075,0.0075,fti_dchi2v,0.0,inc,3.599249020065762,0.010237120222316275,0.00284423782995966,False
M1e6,1000000.0,11,0.0075,0.0075,fti_dchi2v,0.0,phi,-10.484700752123844,-0.16602724117066214,0.015835191208202166,False
M1e6,1000000.0,11,0.0075,0.0075,fti_dchi2v,0.0,lambda,-3.334384714306432,-0.011255570795837506,0.0033756065242095856,False
M1e6,1000000.0,11,0.0075,0.0075,fti_dchi2v,0.0,beta,-0.5656838431549392,-0.0009873660133785534,0.0017454378896024376,False
M1e6,1000000.0,11,0.0075,0.0075,fti_dchi2v,0.0,psi,-3.318488802096416,-0.013172476785353973,0.003969420290655318,False
M1e6,1000000.0,11,0.0075,0.0075,fti_dchi2v,0.0,fti_dchi2v,-0.0738674221932393,-3.403937582317773e-05,0.0004608171615103847,True
M1e6,1000000.0,11,0.0075,0.0075,fti_dchi3v,0.0,Mchirp,-3.7741888891716266,-17.07442367963834,4.523998183722569,False
M1e6,1000000.0,11,0.0075,0.0075,fti_dchi3v,0.0,q,-10.289963497007452,-0.053210123928887715,0.005171070232111357,False
M1e6,1000000.0,11,0.0075,0.0075,fti_dchi3v,0.0,chiPN,-6.987294928149863,-0.0026613734610754025,0.0003808875234897372,False
M1e6,1000000.0,11,0.0075,0.0075,fti_dchi3v,0.0,chim,-2.474244230630821,-0.007118497736654662,0.002877039238296926,False
M1e6,1000000.0,11,0.0075,0.0075,fti_dchi3v,0.0,Deltat,7.718154800436647,0.7550363807783647,0.09782602193151778,False
M1e6,1000000.0,11,0.0075,0.0075,fti_dchi3v,0.0,dist,-3.261726794679,-92.94842929401113,28.496693667183298,False
M1e6,1000000.0,11,0.0075,0.0075,fti_dchi3v,0.0,inc,3.613514549538376,0.010295454259815371,0.0028491525684131,False
M1e6,1000000.0,11,0.0075,0.0075,fti_dchi3v,0.0,phi,-10.554076784034693,-0.16784564651581657,0.015903394484463023,False
M1e6,1000000.0,11,0.0075,0.0075,fti_dchi3v,0.0,lambda,-3.3440795933406484,-0.011299698170910838,0.0033790159161919747,False
M1e6,1000000.0,11,0.0075,0.0075,fti_dchi3v,0.0,beta,-0.6650097930424317,-0.0011542940372321724,0.0017357549457298314,False
M1e6,1000000.0,11,0.0075,0.0075,fti_dchi3v,0.0,psi,-3.3730196429794383,-0.013432158151356989,0.003982235377524266,False
M1e6,1000000.0,11,0.0075,0.0075,fti_dchi3v,0.0,fti_dchi3v,-0.2422106802576633,-0.00010525541098719508,0.0004345613945480214,True
M1e6,1000000.0,11,0.0075,0.0075,fti_dchi4v,0.0,Mchirp,-4.123493701549383,-16.610616059051537,4.02828699673051,False
M1e6,1000000.0,11,0.0075,0.0075,fti_dchi4v,0.0,q,-10.366181676104066,-0.05403405101508652,0.005212531740558323,False
M1e6,1000000.0,11,0.0075,0.0075,fti_dchi4v,0.0,chiPN,-6.8559591398120725,-0.0025850335220674783,0.00037704914357735456,False
M1e6,1000000.0,11,0.0075,0.0075,fti_dchi4v,0.0,chim,-2.7635185781446405,-0.0076220378683805184,0.0027580917778731815,False
M1e6,1000000.0,11,0.0075,0.0075,fti_dchi4v,0.0,Deltat,7.60456933970793,0.7736710388542922,0.10173765328359893,False
M1e6,1000000.0,11,0.0075,0.0075,fti_dchi4v,0.0,dist,-3.3300838922982425,-94.92069458741882,28.50399499152249,False
M1e6,1000000.0,11,0.0075,0.0075,fti_dchi4v,0.0,inc,3.6460965182500646,0.01041309883701651,0.002855958086928059,False
M1e6,1000000.0,11,0.0075,0.0075,fti_dchi4v,0.0,phi,-10.690996925564942,-0.16982279535560638,0.015884654774291077,False
M1e6,1000000.0,11,0.0075,0.0075,fti_dchi4v,0.0,lambda,-3.371764474136466,-0.011414016198222628,0.003385176006739274,False
M1e6,1000000.0,11,0.0075,0.0075,fti_dchi4v,0.0,beta,-0.7555691203733528,-0.0012982249985885163,0.001718208120981729,False
M1e6,1000000.0,11,0.0075,0.0075,fti_dchi4v,0.0,psi,-3.4450462949058114,-0.013733254937633922,0.003986377471310409,False
M1e6,1000000.0,11,0.0075,0.0075,fti_dchi4v,0.0,fti_dchi4v,0.5884908926025749,0.002377306309224038,0.00403966542066693,True
M1e6,1000000.0,11,0.0075,0.0075,fti_dchi5lv,0.0,Mchirp,-3.7358790589878583,-15.586188287994354,4.172026996028356,False
M1e6,1000000.0,11,0.0075,0.0075,fti_dchi5lv,0.0,q,-10.522041723558493,-0.05476055350043558,0.005204365743753759,False
M1e6,1000000.0,11,0.0075,0.0075,fti_dchi5lv,0.0,chiPN,-6.872015568577335,-0.0025272583268261106,0.00036776085583713414,False
M1e6,1000000.0,11,0.0075,0.0075,fti_dchi5lv,0.0,chim,-3.0202050865589385,-0.007889653790135447,0.0026122907431840995,False
M1e6,1000000.0,11,0.0075,0.0075,fti_dchi5lv,0.0,Deltat,7.545219765734054,0.795786846842486,0.10546900839873231,False
M1e6,1000000.0,11,0.0075,0.0075,fti_dchi5lv,0.0,dist,-3.392092978617249,-96.54224440948691,28.460966435195225,False
M1e6,1000000.0,11,0.0075,0.0075,fti_dchi5lv,0.0,inc,3.689530254235507,0.010563831512130771,0.0028631914591305233,False
M1e6,1000000.0,11,0.0075,0.0075,fti_dchi5lv,0.0,phi,-10.86401774837396,-0.1713890479010024,0.015775843879365398,False
M1e6,1000000.0,11,0.0075,0.0075,fti_dchi5lv,0.0,lambda,-3.4116866959732497,-0.011575031668936987,0.003392759271418088,False
M1e6,1000000.0,11,0.0075,0.0075,fti_dchi5lv,0.0,beta,-0.8068656174856091,-0.0013699497418624643,0.0016978660537445669,False
M1e6,1000000.0,11,0.0075,0.0075,fti_dchi5lv,0.0,psi,-3.513146643572199,-0.013988534441054665,0.003981767873723312,False
M1e6,1000000.0,11,0.0075,0.0075,fti_dchi5lv,0.0,fti_dchi5lv,-0.9098626168999311,-0.006659710383661033,0.0073194680822824525,True
M1e6,1000000.0,11,0.0075,0.0075,fti_dchi6v,0.0,Mchirp,-3.3230006097032216,-14.555803781443117,4.380319323126185,False
M1e6,1000000.0,11,0.0075,0.0075,fti_dchi6v,0.0,q,-10.705919388818097,-0.05524521103004726,0.005160249113004593,False
M1e6,1000000.0,11,0.0075,0.0075,fti_dchi6v,0.0,chiPN,-7.007767209231853,-0.0024967765145640104,0.0003562870226731877,False
M1e6,1000000.0,11,0.0075,0.0075,fti_dchi6v,0.0,chim,-3.187648578461492,-0.007893803820357204,0.002476372042293044,False
M1e6,1000000.0,11,0.0075,0.0075,fti_dchi6v,0.0,Deltat,7.533365773492815,0.8166505230862677,0.10840446987981986,False
M1e6,1000000.0,11,0.0075,0.0075,fti_dchi6v,0.0,dist,-3.4350078726158246,-97.51195181354379,28.387693836429715,False
M1e6,1000000.0,11,0.0075,0.0075,fti_dchi6v,0.0,inc,3.7331538574561156,0.010712008311341507,0.002869425885018571,False
M1e6,1000000.0,11,0.0075,0.0075,fti_dchi6v,0.0,phi,-11.031047069280932,-0.17225140626599006,0.015615145614388027,False
M1e6,1000000.0,11,0.0075,0.0075,fti_dchi6v,0.0,lambda,-3.453799432096102,-0.011743211599834248,0.003400084987768767,False
M1e6,1000000.0,11,0.0075,0.0075,fti_dchi6v,0.0,beta,-0.8109343047931469,-0.001362475038990338,0.001680129982092542,False
M1e6,1000000.0,11,0.0075,0.0075,fti_dchi6v,0.0,psi,-3.5626229859713634,-0.01414892965775515,0.003971492272258325,False
M1e6,1000000.0,11,0.0075,0.0075,fti_dchi6v,0.0,fti_dchi6v,-1.1732013259116651,-0.007362589850740689,0.006275640581141865,True
M1e6,1000000.0,11,0.0075,0.0075,fti_dchi6lv,0.0,Mchirp,-3.8803955659698444,-15.971444446511,4.115932042232191,False
M1e6,1000000.0,11,0.0075,0.0075,fti_dchi6lv,0.0,q,-10.418441934872256,-0.05432541029685712,0.005214350728876354,False
M1e6,1000000.0,11,0.0075,0.0075,fti_dchi6lv,0.0,chiPN,-6.874395017211116,-0.0025622172638162704,0.00037271894579833734,False
M1e6,1000000.0,11,0.0075,0.0075,fti_dchi6lv,0.0,chim,-2.8676289407537867,-0.0077511530446914695,0.0027029832676517753,False
M1e6,1000000.0,11,0.0075,0.0075,fti_dchi6lv,0.0,Deltat,7.595209369263425,0.7812792826783254,0.10286474601214225,False
M1e6,1000000.0,11,0.0075,0.0075,fti_dchi6lv,0.0,dist,-3.3547735208512215,-95.58009771134499,28.49077504555152,False
M1e6,1000000.0,11,0.0075,0.0075,fti_dchi6lv,0.0,inc,3.661429459467448,0.010466423256387167,0.002858562037655506,False
M1e6,1000000.0,11,0.0075,0.0075,fti_dchi6lv,0.0,phi,-10.752436047026258,-0.17048064585486117,0.01585507182830537,False
M1e6,1000000.0,11,0.0075,0.0075,fti_dchi6lv,0.0,lambda,-3.385568943946101,-0.011469743932445197,0.003387833514055237,False
M1e6,1000000.0,11,0.0075,0.0075,fti_dchi6lv,0.0,beta,-0.7801855505174532,-0.001334611872656542,0.001710633927751378,False
M1e6,1000000.0,11,0.0075,0.0075,fti_dchi6lv,0.0,psi,-3.4718573125347434,-0.013836585634836456,0.0039853554997439115,False
M1e6,1000000.0,11,0.0075,0.0075,fti_dchi6lv,0.0,fti_dchi6lv,-0.7131990497865695,-0.007205244611361655,0.010102712017799075,True
M1e6,1000000.0,11,0.0075,0.0075,fti_dchi7v,0.0,Mchirp,-3.049277206174857,-13.772699999758352,4.516709721198294,False
M1e6,1000000.0,11,0.0075,0.0075,fti_dchi7v,0.0,q,-10.878914395424383,-0.05547846481438249,0.005099632444733314,False
M1e6,1000000.0,11,0.0075,0.0075,fti_dchi7v,0.0,chiPN,-7.210024013318934,-0.0024894227544524777,0.00034527246370522714,False
M1e6,1000000.0,11,0.0075,0.0075,fti_dchi7v,0.0,chim,-3.249678251199314,-0.007710885068723989,0.002372814928948193,False
M1e6,1000000.0,11,0.0075,0.0075,fti_dchi7v,0.0,Deltat,7.549190581869248,0.8334455531529903,0.11040197543226173,False
M1e6,1000000.0,11,0.0075,0.0075,fti_dchi7v,0.0,dist,-3.457172988854938,-97.86248864823511,28.307084708725693,False
M1e6,1000000.0,11,0.0075,0.0075,fti_dchi7v,0.0,inc,3.769838742720909,0.010834640000416416,0.0028740327477764834,False
M1e6,1000000.0,11,0.0075,0.0075,fti_dchi7v,0.0,phi,-11.165526380977601,-0.17246061379776823,0.015445811322570929,False
M1e6,1000000.0,11,0.0075,0.0075,fti_dchi7v,0.0,lambda,-3.4906200706918953,-0.011889452556310194,0.003406114763430418,False
M1e6,1000000.0,11,0.0075,0.0075,fti_dchi7v,0.0,beta,-0.7795152272544165,-0.0012999231576777525,0.001667604572980954,False
M1e6,1000000.0,11,0.0075,0.0075,fti_dchi7v,0.0,psi,-3.590541394990957,-0.014216071034996183,0.003959311276797573,False
M1e6,1000000.0,11,0.0075,0.0075,fti_dchi7v,0.0,fti_dchi7v,1.3713668284425005,0.003702379631511196,0.0026997733609439075,True
M1e6,1000000.0,11,0.0075,0.0075,fti_dkappa_S,0.0,Mchirp,-3.840081709261208,-15.809383888553057,4.116939452206244,False
M1e6,1000000.0,11,0.0075,0.0075,fti_dkappa_S,0.0,q,-10.51664067307544,-0.05473741030275976,0.005204837932981559,False
M1e6,1000000.0,11,0.0075,0.0075,fti_dkappa_S,0.0,chiPN,-6.860220816395662,-0.002528231342598642,0.0003685349801796856,False
M1e6,1000000.0,11,0.0075,0.0075,fti_dkappa_S,0.0,chim,-3.012242760752194,-0.007885535136631344,0.002617828562616324,False
M1e6,1000000.0,11,0.0075,0.0075,fti_dkappa_S,0.0,Deltat,7.539302099809027,0.7952227602272394,0.10547697249688172,False
M1e6,1000000.0,11,0.0075,0.0075,fti_dkappa_S,0.0,dist,-3.3901935401087675,-96.49650207252806,28.463419840459068,False
M1e6,1000000.0,11,0.0075,0.0075,fti_dkappa_S,0.0,inc,3.687953301056588,0.010558475753957616,0.0028629635171716094,False
M1e6,1000000.0,11,0.0075,0.0075,fti_dkappa_S,0.0,phi,-10.858331056941712,-0.17134220987976723,0.015779792399148528,False
M1e6,1000000.0,11,0.0075,0.0075,fti_dkappa_S,0.0,lambda,-3.4101922358595838,-0.011569062273734405,0.003392495634727252,False
M1e6,1000000.0,11,0.0075,0.0075,fti_dkappa_S,0.0,beta,-0.8057791118088758,-0.001368627105540159,0.001698514004002608,False
M1e6,1000000.0,11,0.0075,0.0075,fti_dkappa_S,0.0,psi,-3.510990708813609,-0.013980758105138286,0.003981998035495369,False
M1e6,1000000.0,11,0.0075,0.0075,fti_dkappa_S,0.0,fti_dkappa_S,-0.899356226498084,-0.005904807909903428,0.006565594072657491,True
M1e6,1000000.0,11,0.0075,0.0075,fti_dxi0v,0.0,Mchirp,-0.48148633030874405,-43.919800039607026,91.2171276211399,False
M1e6,1000000.0,11,0.0075,0.0075,fti_dxi0v,0.0,q,-11.277159233059914,-0.05267959085536485,0.00467135293265438,False
M1e6,1000000.0,11,0.0075,0.0075,fti_dxi0v,0.0,chiPN,-8.982210290950144,-0.002718311024797468,0.0003026327526016899,False
M1e6,1000000.0,11,0.0075,0.0075,fti_dxi0v,0.0,chim,-2.6890167490627537,-0.007097906228343304,0.002639591676331972,False
M1e6,1000000.0,11,0.0075,0.0075,fti_dxi0v,0.0,Deltat,7.899346327065445,0.7554819746876269,0.09563854316642975,False
M1e6,1000000.0,11,0.0075,0.0075,fti_dxi0v,0.0,dist,-3.2920025742956533,-92.57324738519245,28.120648540197188,False
M1e6,1000000.0,11,0.0075,0.0075,fti_dxi0v,0.0,inc,3.5615623804342094,0.010166198167928714,0.0028544209203740798,False
M1e6,1000000.0,11,0.0075,0.0075,fti_dxi0v,0.0,phi,-10.615884019383875,-0.168131197342427,0.015837701036996166,False
M1e6,1000000.0,11,0.0075,0.0075,fti_dxi0v,0.0,lambda,-3.28524567277129,-0.011151952772332739,0.0033945567190795316,False
M1e6,1000000.0,11,0.0075,0.0075,fti_dxi0v,0.0,beta,-0.6764304123350033,-0.0011553013810854168,0.0017079382594543248,False
M1e6,1000000.0,11,0.0075,0.0075,fti_dxi0v,0.0,psi,-3.408488862126827,-0.013283888626945949,0.003897295594698548,False
M1e6,1000000.0,11,0.0075,0.0075,fti_dxi0v,0.0,fti_dxi0v,-3.623434822099357,-8.021519724396819e-05,2.2137888821605148e-05,True
M1e6,1000000.0,12,0.00025,0.00025,fti_dchiMinus2v,0.0,Mchirp,-0.0678515112742504,-1.0072672925655515,14.845171075029668,False
M1e6,1000000.0,12,0.00025,0.00025,fti_dchiMinus2v,0.0,q,-0.3491681843261114,-0.0016931384936586965,0.00484906291484267,False
M1e6,1000000.0,12,0.00025,0.00025,fti_dchiMinus2v,0.0,chiPN,-0.2671150950677765,-9.645120585559592e-05,0.0003610848193776651,False
M1e6,1000000.0,12,0.00025,0.00025,fti_dchiMinus2v,0.0,chim,-0.06131120624902732,-0.0001659136668118109,0.0027060904027547666,False
M1e6,1000000.0,12,0.00025,0.00025,fti_dchiMinus2v,0.0,Deltat,0.27558361555216965,0.024820692661368538,0.09006592286568586,False
M1e6,1000000.0,12,0.00025,0.00025,fti_dchiMinus2v,0.0,dist,-0.10294212193808251,-2.8976487405082185,28.148329235442535,False
M1e6,1000000.0,12,0.00025,0.00025,fti_dchiMinus2v,0.0,inc,0.11760803703636508,0.0003342142893513792,0.002841764030531674,False
M1e6,1000000.0,12,0.00025,0.00025,fti_dchiMinus2v,0.0,phi,-0.3584447727920639,-0.005399200105608901,0.015062850724680568,False
M1e6,1000000.0,12,0.00025,0.00025,fti_dchiMinus2v,0.0,lambda,-0.10913287453312415,-0.00036833279701917437,0.0033750856338653256,False
M1e6,1000000.0,12,0.00025,0.00025,fti_dchiMinus2v,0.0,beta,-0.011941711094527394,-2.044121225778527e-05,0.001711749019548212,False
M1e6,1000000.0,12,0.00025,0.00025,fti_dchiMinus2v,0.0,psi,-0.10740199186400388,-0.0004213257892586042,0.0039228861769351675,False
M1e6,1000000.0,12,0.00025,0.00025,fti_dchiMinus2v,0.0,fti_dchiMinus2v,0.03171139606320756,3.4989729017628285e-08,1.1033802784300733e-06,True
M1e6,1000000.0,12,0.00025,0.00025,fti_dchi0v,0.0,Mchirp,-0.014081377456352757,-1.267560329034069,90.01678514499405,False
M1e6,1000000.0,12,0.00025,0.00025,fti_dchi0v,0.0,q,-0.3713355250512547,-0.0017345175770863302,0.004671025151301961,False
M1e6,1000000.0,12,0.00025,0.00025,fti_dchi0v,0.0,chiPN,-0.2981105813409359,-9.022551726044582e-05,0.00030265788236902226,False
M1e6,1000000.0,12,0.00025,0.00025,fti_dchi0v,0.0,chim,-0.08530256178974792,-0.00022428516420785983,0.002629289900585559,False
M1e6,1000000.0,12,0.00025,0.00025,fti_dchi0v,0.0,Deltat,0.2614871932918571,0.02496891975249257,0.095488117173768,False
M1e6,1000000.0,12,0.00025,0.00025,fti_dchi0v,0.0,dist,-0.10733906657953789,-3.020927328753694,28.143782361990237,False
M1e6,1000000.0,12,0.00025,0.00025,fti_dchi0v,0.0,inc,0.11633183553837237,0.00033205989534428146,0.0028544198052711943,False
M1e6,1000000.0,12,0.00025,0.00025,fti_dchi0v,0.0,phi,-0.3499764792441369,-0.00553037069075526,0.01580212105310477,False
M1e6,1000000.0,12,0.00025,0.00025,fti_dchi0v,0.0,lambda,-0.1071217817790263,-0.0003635796206062814,0.0033940774188790405,False
M1e6,1000000.0,12,0.00025,0.00025,fti_dchi0v,0.0,beta,-0.021924221310860678,-3.7377559877839516e-05,0.0017048523342228653,False
M1e6,1000000.0,12,0.00025,0.00025,fti_dchi0v,0.0,psi,-0.11253061187396839,-0.00043828532302353843,0.0038948097386550034,False
M1e6,1000000.0,12,0.00025,0.00025,fti_dchi0v,0.0,fti_dchi0v,0.00793305860707663,3.641954443306915e-06,0.00045908578565877916,True
M1e6,1000000.0,12,0.00025,0.00025,fti_dchi1v,0.0,Mchirp,-0.025335421818280093,-0.3952886111074676,15.602211557506326,False
M1e6,1000000.0,12,0.00025,0.00025,fti_dchi1v,0.0,q,-0.3464365829599342,-0.0017169639690422477,0.004956070038483253,False
M1e6,1000000.0,12,0.00025,0.00025,fti_dchi1v,0.0,chiPN,-0.25453566199770084,-9.231218443083542e-05,0.00036266896240130493,False
M1e6,1000000.0,12,0.00025,0.00025,fti_dchi1v,0.0,chim,-0.06581763274404442,-0.00019357123811263683,0.0029410240089522565,False
M1e6,1000000.0,12,0.00025,0.00025,fti_dchi1v,0.0,Deltat,0.26402156550169115,0.024481016206425073,0.09272354763864266,False
M1e6,1000000.0,12,0.00025,0.00025,fti_dchi1v,0.0,dist,-0.10373990857515822,-2.945410192735649,28.392257456075715,False
M1e6,1000000.0,12,0.00025,0.00025,fti_dchi1v,0.0,inc,0.11751216393660967,0.0003339523308580868,0.0028418532998697294,False
M1e6,1000000.0,12,0.00025,0.00025,fti_dchi1v,0.0,phi,-0.3448426292110964,-0.005430178187059587,0.01574682979155541,False
M1e6,1000000.0,12,0.00025,0.00025,fti_dchi1v,0.0,lambda,-0.108738610386699,-0.00036698581719432356,0.0033749356910966516,False
M1e6,1000000.0,12,0.00025,0.00025,fti_dchi1v,0.0,beta,-0.016217140217500238,-2.8322785273376114e-05,0.0017464722443980866,False
M1e6,1000000.0,12,0.00025,0.00025,fti_dchi1v,0.0,psi,-0.10892626862162898,-0.00043001978125095094,0.0039478060406593594,False
M1e6,1000000.0,12,0.00025,0.00025,fti_dchi1v,0.0,fti_dchi1v,-0.010540413799281624,-7.218802022348353e-06,0.0006848689396653807,True
M1e6,1000000.0,12,0.00025,0.00025,fti_dchi2v,0.0,Mchirp,-0.07607643151186488,-0.5356072084883485,7.040382912871185,False
M1e6,1000000.0,12,0.00025,0.00025,fti_dchi2v,0.0,q,-0.339938979696095,-0.00172797997880191,0.005083206345876315,False
M1e6,1000000.0,12,0.00025,0.00025,fti_dchi2v,0.0,chiPN,-0.24116894435529884,-9.092859994759643e-05,0.00037703278998326215,False
M1e6,1000000.0,12,0.00025,0.00025,fti_dchi2v,0.0,chim,-0.0705586816818963,-0.00020743810549662587,0.0029399373762654868,False
M1e6,1000000.0,12,0.00025,0.00025,fti_dchi2v,0.0,Deltat,0.26023047097777907,0.024622141515848045,0.09461667353301803,False
M1e6,1000000.0,12,0.00025,0.00025,fti_dchi2v,0.0,dist,-0.10460965002353383,-2.9793494368102498,28.480636692121536,False
M1e6,1000000.0,12,0.00025,0.00025,fti_dchi2v,0.0,inc,0.11736297055041937,0.0003338084831887204,0.002844240237130975,False
M1e6,1000000.0,12,0.00025,0.00025,fti_dchi2v,0.0,phi,-0.34533281749820294,-0.005468584546809926,0.015835693191361355,False
M1e6,1000000.0,12,0.00025,0.00025,fti_dchi2v,0.0,lambda,-0.10852067869465502,-0.0003662688522187059,0.003375106538443956,False
M1e6,1000000.0,12,0.00025,0.00025,fti_dchi2v,0.0,beta,-0.018551740505669583,-3.239023375142732e-05,0.0017459404276126311,False
M1e6,1000000.0,12,0.00025,0.00025,fti_dchi2v,0.0,psi,-0.10952403209940756,-0.0004345365592396496,0.003967499651996469,False
M1e6,1000000.0,12,0.00025,0.00025,fti_dchi2v,0.0,fti_dchi2v,-0.003214281833208387,-1.4815222028994202e-06,0.0004609185752142385,True
M1e6,1000000.0,12,0.00025,0.00025,fti_dchi3v,0.0,Mchirp,-0.1259573822972975,-0.5698513441679324,4.524159948187165,False
M1e6,1000000.0,12,0.00025,0.00025,fti_dchi3v,0.0,q,-0.3386605731542842,-0.0017513218995054147,0.005171319126976029,False
M1e6,1000000.0,12,0.00025,0.00025,fti_dchi3v,0.0,chiPN,-0.23216798431753258,-8.844420833587066e-05,0.00038094920191453647,False
M1e6,1000000.0,12,0.00025,0.00025,fti_dchi3v,0.0,chim,-0.07894477375176007,-0.00022715596018839553,0.0028774033972493473,False
M1e6,1000000.0,12,0.00025,0.00025,fti_dchi3v,0.0,Deltat,0.25559178437842967,0.02500811573376989,0.09784397332874686,False
M1e6,1000000.0,12,0.00025,0.00025,fti_dchi3v,0.0,dist,-0.10650438562072768,-3.0394915984229494,28.538652006752756,False
M1e6,1000000.0,12,0.00025,0.00025,fti_dchi3v,0.0,inc,0.11784240493527852,0.00033575375534035016,0.0028491760289918815,False
M1e6,1000000.0,12,0.00025,0.00025,fti_dchi3v,0.0,phi,-0.34775808241742556,-0.0055307895989823545,0.015904129561950954,False
M1e6,1000000.0,12,0.00025,0.00025,fti_dchi3v,0.0,lambda,-0.10883605005510004,-0.0003677023713822297,0.0033784979443490857,False
M1e6,1000000.0,12,0.00025,0.00025,fti_dchi3v,0.0,beta,-0.02196522463729528,-3.813818261402764e-05,0.0017362983189924634,False
M1e6,1000000.0,12,0.00025,0.00025,fti_dchi3v,0.0,psi,-0.1113939199698336,-0.00044338635704371375,0.003980346119104045,False
M1e6,1000000.0,12,0.00025,0.00025,fti_dchi3v,0.0,fti_dchi3v,-0.007614409597422624,-3.3096982907975317e-06,0.00043466249726279766,True
M1e6,1000000.0,12,0.00025,0.00025,fti_dchi4v,0.0,Mchirp,-0.13784835280055197,-0.555321266907927,4.028494034393013,False
M1e6,1000000.0,12,0.00025,0.00025,fti_dchi4v,0.0,q,-0.34137719626511864,-0.0017795541154599786,0.005212867569742269,False
M1e6,1000000.0,12,0.00025,0.00025,fti_dchi4v,0.0,chiPN,-0.22757271199192927,-8.581875966887019e-05,0.00037710478957562235,False
M1e6,1000000.0,12,0.00025,0.00025,fti_dchi4v,0.0,chim,-0.08866994210253111,-0.000244587249992522,0.0027584009213595753,False
M1e6,1000000.0,12,0.00025,0.00025,fti_dchi4v,0.0,Deltat,0.2519864883517023,0.025641704194628016,0.10175825046158589,False
M1e6,1000000.0,12,0.00025,0.00025,fti_dchi4v,0.0,dist,-0.10885200591531331,-3.107318563048029,28.546268274243083,False
M1e6,1000000.0,12,0.00025,0.00025,fti_dchi4v,0.0,inc,0.11895801850460035,0.00033974460123285246,0.0028560042063891125,False
M1e6,1000000.0,12,0.00025,0.00025,fti_dchi4v,0.0,phi,-0.35244326885427185,-0.005598742342946387,0.015885513606620626,False
M1e6,1000000.0,12,0.00025,0.00025,fti_dchi4v,0.0,lambda,-0.10977595819200474,-0.0003715538509657746,0.0033846559582372733,False
M1e6,1000000.0,12,0.00025,0.00025,fti_dchi4v,0.0,beta,-0.025095532397278117,-4.313326615041881e-05,0.0017187627450014602,False
M1e6,1000000.0,12,0.00025,0.00025,fti_dchi4v,0.0,psi,-0.11386751631796424,-0.0004537082928234284,0.003984527874977891,False
M1e6,1000000.0,12,0.00025,0.00025,fti_dchi4v,0.0,fti_dchi4v,0.019500678476282472,7.879421517585508e-05,0.004040588396536452,True
M1e6,1000000.0,12,0.00025,0.00025,fti_dchi5lv,0.0,Mchirp,-0.12484544275132152,-0.5209059590485428,4.172406677960448,False
M1e6,1000000.0,12,0.00025,0.00025,fti_dchi5lv,0.0,q,-0.34672555725182885,-0.001804611820982383,0.00520472686030376,False
M1e6,1000000.0,12,0.00025,0.00025,fti_dchi5lv,0.0,chiPN,-0.22788047077015144,-8.381605352303649e-05,0.00036780709307721423,False
M1e6,1000000.0,12,0.00025,0.00025,fti_dchi5lv,0.0,chim,-0.09723199379689126,-0.0002540190554091652,0.0026125048504074466,False
M1e6,1000000.0,12,0.00025,0.00025,fti_dchi5lv,0.0,Deltat,0.2502388833966122,0.02639803986099968,0.1054913589074825,False
M1e6,1000000.0,12,0.00025,0.00025,fti_dchi5lv,0.0,dist,-0.11098712209465805,-3.1635105525420126,28.50340195184029,False
M1e6,1000000.0,12,0.00025,0.00025,fti_dchi5lv,0.0,inc,0.1204554844568877,0.00034489497838475206,0.0028632567453430787,False
M1e6,1000000.0,12,0.00025,0.00025,fti_dchi5lv,0.0,phi,-0.3583125231353038,-0.005652983124777234,0.015776683090260254,False
M1e6,1000000.0,12,0.00025,0.00025,fti_dchi5lv,0.0,lambda,-0.11114663651256838,-0.0003770376153209486,0.0033922539372418475,False
M1e6,1000000.0,12,0.00025,0.00025,fti_dchi5lv,0.0,beta,-0.026896062511111922,-4.568031561939895e-05,0.00169840160062561,False
M1e6,1000000.0,12,0.00025,0.00025,fti_dchi5lv,0.0,psi,-0.1162132615427201,-0.00046252358350837617,0.0039799552767766705,False
M1e6,1000000.0,12,0.00025,0.00025,fti_dchi5lv,0.0,fti_dchi5lv,-0.03057136966294707,-0.00022381297478005387,0.007320999263285163,True
M1e6,1000000.0,12,0.00025,0.00025,fti_dchi6v,0.0,Mchirp,-0.1108990028050429,-0.48582444522405743,4.380782810807795,False
M1e6,1000000.0,12,0.00025,0.00025,fti_dchi6v,0.0,q,-0.3529612700160119,-0.0018214872737479057,0.005160586807910326,False
M1e6,1000000.0,12,0.00025,0.00025,fti_dchi6v,0.0,chiPN,-0.23221164231252275,-8.274255763616087e-05,0.00035632389837199265,False
M1e6,1000000.0,12,0.00025,0.00025,fti_dchi6v,0.0,chim,-0.10273947315973431,-0.0002544327069963963,0.002476484443333837,False
M1e6,1000000.0,12,0.00025,0.00025,fti_dchi6v,0.0,Deltat,0.25007721576578534,0.027115220746454966,0.10842739376885199,False
M1e6,1000000.0,12,0.00025,0.00025,fti_dchi6v,0.0,dist,-0.11247082018373598,-3.197561432038199,28.43014238550549,False
M1e6,1000000.0,12,0.00025,0.00025,fti_dchi6v,0.0,inc,0.12196711550603938,0.00034998509196581417,0.0028695037224889045,False
M1e6,1000000.0,12,0.00025,0.00025,fti_dchi6v,0.0,phi,-0.3639441251374821,-0.005683301222419022,0.01561586196857037,False
M1e6,1000000.0,12,0.00025,0.00025,fti_dchi6v,0.0,lambda,-0.11260262093888716,-0.00038280446958894503,0.0033996053235448628,False
M1e6,1000000.0,12,0.00025,0.00025,fti_dchi6v,0.0,beta,-0.02708184691561191,-4.551446977346088e-05,0.001680626506577847,False
M1e6,1000000.0,12,0.00025,0.00025,fti_dchi6v,0.0,psi,-0.11792482412727137,-0.0004681270168994557,0.003969707144902974,False
M1e6,1000000.0,12,0.00025,0.00025,fti_dchi6v,0.0,fti_dchi6v,-0.03968325194394401,-0.00024908305690750235,0.006276780372217315,True
M1e6,1000000.0,12,0.00025,0.00025,fti_dchi6lv,0.0,Mchirp,-0.12973310686470524,-0.5340174341897557,4.116277233279138,False
M1e6,1000000.0,12,0.00025,0.00025,fti_dchi6lv,0.0,q,-0.3431719138624583,-0.0017895364176962797,0.005214693701342696,False
M1e6,1000000.0,12,0.00025,0.00025,fti_dchi6lv,0.0,chiPN,-0.2281091508918952,-8.503241082145942e-05,0.0003727707130072906,False
M1e6,1000000.0,12,0.00025,0.00025,fti_dchi6lv,0.0,chim,-0.0921391663152413,-0.00024907552409903313,0.0027032535029333344,False
M1e6,1000000.0,12,0.00025,0.00025,fti_dchi6lv,0.0,Deltat,0.2517434942042678,0.02590084276108691,0.10288584752887654,False
M1e6,1000000.0,12,0.00025,0.00025,fti_dchi6lv,0.0,dist,-0.10969733189039084,-3.1300054425281774,28.533104575922295,False
M1e6,1000000.0,12,0.00025,0.00025,fti_dchi6lv,0.0,inc,0.11948356939994192,0.0003415574894752808,0.002858614713224719,False
M1e6,1000000.0,12,0.00025,0.00025,fti_dchi6lv,0.0,phi,-0.3545265777490953,-0.005621344899059259,0.015855919561093057,False
M1e6,1000000.0,12,0.00025,0.00025,fti_dchi6lv,0.0,lambda,-0.11024692019491396,-0.000373441205281584,0.0033873164404170995,False
M1e6,1000000.0,12,0.00025,0.00025,fti_dchi6lv,0.0,beta,-0.02594874620350564,-4.440306436078996e-05,0.001711183423374466,False
M1e6,1000000.0,12,0.00025,0.00025,fti_dchi6lv,0.0,psi,-0.11478583885903455,-0.00045725141092025,0.003983517613891278,False
M1e6,1000000.0,12,0.00025,0.00025,fti_dchi6lv,0.0,fti_dchi6lv,-0.023771904535974348,-0.00024021371512183975,0.010104941939267888,True
M1e6,1000000.0,12,0.00025,0.00025,fti_dchi7v,0.0,Mchirp,-0.1015998611860809,-0.45894455999636974,4.5171770378289136,False
M1e6,1000000.0,12,0.00025,0.00025,fti_dchi7v,0.0,q,-0.35878501209419045,-0.001829775743381704,0.005099922465271041,False
M1e6,1000000.0,12,0.00025,0.00025,fti_dchi7v,0.0,chiPN,-0.2388128323233863,-8.246259450972796e-05,0.00034530219212869584,False
M1e6,1000000.0,12,0.00025,0.00025,fti_dchi7v,0.0,chim,-0.10467983898817923,-0.00024838863745951583,0.0023728412257833587,False
M1e6,1000000.0,12,0.00025,0.00025,fti_dchi7v,0.0,Deltat,0.25081031841017654,0.02769563311913676,0.11042461607916454,False
M1e6,1000000.0,12,0.00025,0.00025,fti_dchi7v,0.0,dist,-0.113243456437144,-3.210389518346444,28.34944834210688,False
M1e6,1000000.0,12,0.00025,0.00025,fti_dchi7v,0.0,inc,0.1232445946832803,0.0003542193567871168,0.0028741167732135122,False
M1e6,1000000.0,12,0.00025,0.00025,fti_dchi7v,0.0,phi,-0.36845178235088183,-0.005691239479699628,0.015446361647071041,False
M1e6,1000000.0,12,0.00025,0.00025,fti_dchi7v,0.0,lambda,-0.11388334636108496,-0.00038784845028131635,0.003405664328229188,False
M1e6,1000000.0,12,0.00025,0.00025,fti_dchi7v,0.0,beta,-0.026044639583364466,-4.344389231629397e-05,0.0016680550397803532,False
M1e6,1000000.0,12,0.00025,0.00025,fti_dchi7v,0.0,psi,-0.11889799723745778,-0.0004705439479207631,0.003957543094531809,False
M1e6,1000000.0,12,0.00025,0.00025,fti_dchi7v,0.0,fti_dchi7v,0.0465770016149731,0.00012576662720641,0.0027001872779629467,True
M1e6,1000000.0,12,0.00025,0.00025,fti_dkappa_S,0.0,Mchirp,-0.1283394539339864,-0.5284091103523607,4.117277221891228,False
M1e6,1000000.0,12,0.00025,0.00025,fti_dkappa_S,0.0,q,-0.3465433125304051,-0.0018038278981972729,0.005205201869359427,False
M1e6,1000000.0,12,0.00025,0.00025,fti_dkappa_S,0.0,chiPN,-0.22749171240491306,-8.384928601508468e-05,0.0003685817172356641,False
M1e6,1000000.0,12,0.00025,0.00025,fti_dkappa_S,0.0,chim,-0.09697191464198844,-0.0002538771472257763,0.0026180482066696094,False
M1e6,1000000.0,12,0.00025,0.00025,fti_dkappa_S,0.0,Deltat,0.25003877408419456,0.026378937574365147,0.10549938772889149,False
M1e6,1000000.0,12,0.00025,0.00025,fti_dkappa_S,0.0,dist,-0.11092298608198871,-3.161955010219211,28.505859082102717,False
M1e6,1000000.0,12,0.00025,0.00025,fti_dkappa_S,0.0,inc,0.12040184974187874,0.000344713944378646,0.0028630286421483936,False
M1e6,1000000.0,12,0.00025,0.00025,fti_dkappa_S,0.0,phi,-0.3581219756174713,-0.005651394239949202,0.01578064074455389,False
M1e6,1000000.0,12,0.00025,0.00025,fti_dkappa_S,0.0,lambda,-0.1110958729761377,-0.0003768360854323639,0.003391989957298455,False
M1e6,1000000.0,12,0.00025,0.00025,fti_dkappa_S,0.0,beta,-0.02685883217881569,-4.563451891610181e-05,0.001699050748457151,False
M1e6,1000000.0,12,0.00025,0.00025,fti_dkappa_S,0.0,psi,-0.11614033343974947,-0.00046226004751904315,0.003980185296771611,False
M1e6,1000000.0,12,0.00025,0.00025,fti_dkappa_S,0.0,fti_dkappa_S,-0.03021574475411204,-0.00019842611488652719,0.006566977464936505,True
M1e6,1000000.0,12,0.00025,0.00025,fti_dxi0v,0.0,Mchirp,-0.014520311980456087,-1.3247247987541506,91.23253002670957,False
M1e6,1000000.0,12,0.00025,0.00025,fti_dxi0v,0.0,q,-0.371354224404101,-0.0017346224717757614,0.004671072409528258,False
M1e6,1000000.0,12,0.00025,0.00025,fti_dxi0v,0.0,chiPN,-0.29812878489293293,-9.023216045740875e-05,0.00030266168525060015,False
M1e6,1000000.0,12,0.00025,0.00025,fti_dxi0v,0.0,chim,-0.08529743230632428,-0.00022515748920976344,0.0026396748779162183,False
M1e6,1000000.0,12,0.00025,0.00025,fti_dxi0v,0.0,Deltat,0.2612571318386248,0.024990487770469645,0.09565475818629882,False
M1e6,1000000.0,12,0.00025,0.00025,fti_dxi0v,0.0,dist,-0.10739972237635385,-3.0245019970216602,28.16117146395495,False
M1e6,1000000.0,12,0.00025,0.00025,fti_dxi0v,0.0,inc,0.11629628198118397,0.0003319530027325458,0.0028543733047824674,False
M1e6,1000000.0,12,0.00025,0.00025,fti_dxi0v,0.0,phi,-0.3494314815113863,-0.005534273760832133,0.015837936916544816,False
M1e6,1000000.0,12,0.00025,0.00025,fti_dxi0v,0.0,lambda,-0.10707091371977687,-0.0003634146949066633,0.0033941495620162777,False
M1e6,1000000.0,12,0.00025,0.00025,fti_dxi0v,0.0,beta,-0.022102021082418728,-3.775479729851682e-05,0.001708205650412181,False
M1e6,1000000.0,12,0.00025,0.00025,fti_dxi0v,0.0,psi,-0.11258340996271764,-0.0004385586097292764,0.003895410610448791,False
M1e6,1000000.0,12,0.00025,0.00025,fti_dxi0v,0.0,fti_dxi0v,-0.12177991823739248,-2.6962377204512315e-06,2.214024906138714e-05,True
M1e6,1000000.0,13,0.0005,0.0005,fti_dchiMinus2v,0.0,Mchirp,-0.13565134870018092,-2.0137617265094656,14.845128675869772,False
M1e6,1000000.0,13,0.0005,0.0005,fti_dchiMinus2v,0.0,q,-0.6986731359283886,-0.0033879166534207692,0.00484907244776049,False
M1e6,1000000.0,13,0.0005,0.0005,fti_dchiMinus2v,0.0,chiPN,-0.5342952181638088,-0.00019292525574957916,0.000361083627910049,False
M1e6,1000000.0,13,0.0005,0.0005,fti_dchiMinus2v,0.0,chim,-0.12288644625180978,-0.0003325419562984029,0.002706091407485107,False
M1e6,1000000.0,13,0.0005,0.0005,fti_dchiMinus2v,0.0,Deltat,0.5513618284748197,0.049658731190396495,0.09006559508800739,False
M1e6,1000000.0,13,0.0005,0.0005,fti_dchiMinus2v,0.0,dist,-0.20601597911588404,-5.798821834645203,28.14743720138021,False
M1e6,1000000.0,13,0.0005,0.0005,fti_dchiMinus2v,0.0,inc,0.23540426506217732,0.0006689637004535466,0.0028417654211866264,False
M1e6,1000000.0,13,0.0005,0.0005,fti_dchiMinus2v,0.0,phi,-0.7164291291643097,-0.010791481244225503,0.01506287336029092,False
M1e6,1000000.0,13,0.0005,0.0005,fti_dchiMinus2v,0.0,lambda,-0.2184555621021178,-0.0007373087625939044,0.0033750972302973308,False
M1e6,1000000.0,13,0.0005,0.0005,fti_dchiMinus2v,0.0,beta,-0.023844185158777727,-4.081505393217376e-05,0.0017117403534818872,False
M1e6,1000000.0,13,0.0005,0.0005,fti_dchiMinus2v,0.0,psi,-0.21166883043698656,-0.0008303618491162506,0.0039229292636142185,False
M1e6,1000000.0,13,0.0005,0.0005,fti_dchiMinus2v,0.0,fti_dchiMinus2v,0.06337331627974963,6.992471641122866e-08,1.103377896503934e-06,True
M1e6,1000000.0,13,0.0005,0.0005,fti_dchi0v,0.0,Mchirp,-0.02826814644388855,-2.544602959815194,90.01661870070458,False
M1e6,1000000.0,13,0.0005,0.0005,fti_dchi0v,0.0,q,-0.7430066983186591,-0.003470611181759055,0.004671036196056724,False
M1e6,1000000.0,13,0.0005,0.0005,fti_dchi0v,0.0,chiPN,-0.5963314192905921,-0.00018048395711156584,0.00030265713204625914,False
M1e6,1000000.0,13,0.0005,0.0005,fti_dchi0v,0.0,chim,-0.17090329280945515,-0.00044935423197195977,0.0026292894922332324,False
M1e6,1000000.0,13,0.0005,0.0005,fti_dchi0v,0.0,Deltat,0.5231954687228512,0.04995872355046528,0.09548768392894776,False
M1e6,1000000.0,13,0.0005,0.0005,fti_dchi0v,0.0,dist,-0.21481606197711656,-6.045545662912469,28.142894005553806,False
M1e6,1000000.0,13,0.0005,0.0005,fti_dchi0v,0.0,inc,0.23284078911711503,0.0006646259169645873,0.0028544221976085624,False
M1e6,1000000.0,13,0.0005,0.0005,fti_dchi0v,0.0,phi,-0.6995432043296044,-0.011054269836102675,0.015802125969755294,False
M1e6,1000000.0,13,0.0005,0.0005,fti_dchi0v,0.0,lambda,-0.21442226083124385,-0.0007277680561995586,0.003394088157536646,False
M1e6,1000000.0,13,0.0005,0.0005,fti_dchi0v,0.0,beta,-0.04382158939456876,-7.470906850961991e-05,0.001704846162400475,False
M1e6,1000000.0,13,0.0005,0.0005,fti_dchi0v,0.0,psi,-0.22190168081598804,-0.0008642741465617883,0.00389485173516323,False
M1e6,1000000.0,13,0.0005,0.0005,fti_dchi0v,0.0,fti_dchi0v,0.01597229491805386,7.332639124885262e-06,0.0004590848818222739,True
M1e6,1000000.0,13,0.0005,0.0005,fti_dchi1v,0.0,Mchirp,-0.050732810700377544,-0.7915408955182599,15.602149468773064,False
M1e6,1000000.0,13,0.0005,0.0005,fti_dchi1v,0.0,q,-0.6932132505642912,-0.003435616054154188,0.004956073836380824,False
M1e6,1000000.0,13,0.0005,0.0005,fti_dchi1v,0.0,chiPN,-0.5091258173017887,-0.0001846433938049935,0.0003626675126858565,False
M1e6,1000000.0,13,0.0005,0.0005,fti_dchi1v,0.0,chim,-0.1318970242619134,-0.0003879114791652278,0.0029410176714444736,False
M1e6,1000000.0,13,0.0005,0.0005,fti_dchi1v,0.0,Deltat,0.5282507419929757,0.04898106114214658,0.09272312795501551,False
M1e6,1000000.0,13,0.0005,0.0005,fti_dchi1v,0.0,dist,-0.2076167274456831,-5.894519251491895,28.3913503695603,False
M1e6,1000000.0,13,0.0005,0.0005,fti_dchi1v,0.0,inc,0.23521304686154704,0.0006684412757617611,0.002841854585367555,False
M1e6,1000000.0,13,0.0005,0.0005,fti_dchi1v,0.0,phi,-0.689260356496026,-0.010853665910110673,0.01574683036361928,False
M1e6,1000000.0,13,0.0005,0.0005,fti_dchi1v,0.0,lambda,-0.21766713804961735,-0.0007346151319368166,0.00337494735548625,False
M1e6,1000000.0,13,0.0005,0.0005,fti_dchi1v,0.0,beta,-0.032405181220571726,-5.659440843298175e-05,0.0017464617169631509,False
M1e6,1000000.0,13,0.0005,0.0005,fti_dchi1v,0.0,psi,-0.21474259374266785,-0.0008477711718797936,0.003947848245214463,False
M1e6,1000000.0,13,0.0005,0.0005,fti_dchi1v,0.0,fti_dchi1v,-0.021012786892535325,-1.4390931156127548e-05,0.0006848654216942468,True
M1e6,1000000.0,13,0.0005,0.0005,fti_dchi2v,0.0,Mchirp,-0.1521865021898062,-1.0714484425730926,7.040364468307366,False
M1e6,1000000.0,13,0.0005,0.0005,fti_dchi2v,0.0,q,-0.6802081886047172,-0.003457638299806971,0.005083205932729921,False
M1e6,1000000.0,13,0.0005,0.0005,fti_dchi2v,0.0,chiPN,-0.4823957944021369,-0.0001818782713630127,0.00037703121269625856,False
M1e6,1000000.0,13,0.0005,0.0005,fti_dchi2v,0.0,chim,-0.141368518523646,-0.0004156135233783229,0.0029399298211419352,False
M1e6,1000000.0,13,0.0005,0.0005,fti_dchi2v,0.0,Deltat,0.5206644632225148,0.04926329164227598,0.09461619742083775,False
M1e6,1000000.0,13,0.0005,0.0005,fti_dchi2v,0.0,dist,-0.2093538887465583,-5.962340317831381,28.479720885669,False
M1e6,1000000.0,13,0.0005,0.0005,fti_dchi2v,0.0,inc,0.23491608812614428,0.0006681579723898691,0.002844241012693368,False
M1e6,1000000.0,13,0.0005,0.0005,fti_dchi2v,0.0,phi,-0.6902385850967097,-0.010930402112983535,0.015835686889993365,False
M1e6,1000000.0,13,0.0005,0.0005,fti_dchi2v,0.0,lambda,-0.21723322838479256,-0.0007331879358921692,0.003375118720757805,False
M1e6,1000000.0,13,0.0005,0.0005,fti_dchi2v,0.0,beta,-0.03706904270428378,-6.471990149730506e-05,0.0017459285909702188,False
M1e6,1000000.0,13,0.0005,0.0005,fti_dchi2v,0.0,psi,-0.21595221978703824,-0.000856799385949306,0.003967541462617243,False
M1e6,1000000.0,13,0.0005,0.0005,fti_dchi2v,0.0,fti_dchi2v,-0.006377102356089522,-2.9393078164970977e-06,0.00046091589132019186,True
M1e6,1000000.0,13,0.0005,0.0005,fti_dchi3v,0.0,Mchirp,-0.2519159358596109,-1.1397068627249682,4.524155483994908,False
M1e6,1000000.0,13,0.0005,0.0005,fti_dchi3v,0.0,q,-0.6776402441914995,-0.0035042908780882507,0.005171314584878679,False
M1e6,1000000.0,13,0.0005,0.0005,fti_dchi3v,0.0,chiPN,-0.46440382344102044,-0.00017691352411352532,0.0003809476046141843,False
M1e6,1000000.0,13,0.0005,0.0005,fti_dchi3v,0.0,chim,-0.15813264627651322,-0.0004550101481716651,0.0028773953948511505,False
M1e6,1000000.0,13,0.0005,0.0005,fti_dchi3v,0.0,Deltat,0.5113781197987548,0.050034980954256354,0.09784341374235345,False
M1e6,1000000.0,13,0.0005,0.0005,fti_dchi3v,0.0,dist,-0.21313992523252112,-6.0825286497040185,28.537725360785384,False
M1e6,1000000.0,13,0.0005,0.0005,fti_dchi3v,0.0,inc,0.2358747700324871,0.0006720487731779197,0.0028491761670201444,False
M1e6,1000000.0,13,0.0005,0.0005,fti_dchi3v,0.0,phi,-0.6950849332456539,-0.011054711184118798,0.015904115677633154,False
M1e6,1000000.0,13,0.0005,0.0005,fti_dchi3v,0.0,lambda,-0.21786449894710477,-0.0007360574662192486,0.003378510357476624,False
M1e6,1000000.0,13,0.0005,0.0005,fti_dchi3v,0.0,beta,-0.0438891210847492,-7.62040454324876e-05,0.001736285520171133,False
M1e6,1000000.0,13,0.0005,0.0005,fti_dchi3v,0.0,psi,-0.21969889155179265,-0.0008744865844952067,0.003980386875502519,False
M1e6,1000000.0,13,0.0005,0.0005,fti_dchi3v,0.0,fti_dchi3v,-0.01526154183549174,-6.633576879932308e-06,0.000434659679306155,True
M1e6,1000000.0,13,0.0005,0.0005,fti_dchi4v,0.0,Mchirp,-0.27568165413231915,-1.11058043036321,4.028488706869714,False
M1e6,1000000.0,13,0.0005,0.0005,fti_dchi4v,0.0,q,-0.683061926156126,-0.0035607063080430536,0.005212860169327005,False
M1e6,1000000.0,13,0.0005,0.0005,fti_dchi4v,0.0,chiPN,-0.45522754040460034,-0.00017166783347147155,0.00037710335653000127,False
M1e6,1000000.0,13,0.0005,0.0005,fti_dchi4v,0.0,chim,-0.177578165776301,-0.0004898305835790342,0.0027583942059413104,False
M1e6,1000000.0,13,0.0005,0.0005,fti_dchi4v,0.0,Deltat,0.504152841447611,0.051301388019726106,0.10175760960192286,False
M1e6,1000000.0,13,0.0005,0.0005,fti_dchi4v,0.0,dist,-0.21783070493611936,-6.218050126241541,28.545333533511883,False
M1e6,1000000.0,13,0.0005,0.0005,fti_dchi4v,0.0,inc,0.2381041347544691,0.0006800262746613031,0.0028560036362347938,False
M1e6,1000000.0,13,0.0005,0.0005,fti_dchi4v,0.0,phi,-0.7044467191948776,-0.01119048503618769,0.015885495284834968,False
M1e6,1000000.0,13,0.0005,0.0005,fti_dchi4v,0.0,lambda,-0.21974322168170696,-0.0007437578945282345,0.003384668199711529,False
M1e6,1000000.0,13,0.0005,0.0005,fti_dchi4v,0.0,beta,-0.05014197037371691,-8.618150079266749e-05,0.0017187497848676792,False
M1e6,1000000.0,13,0.0005,0.0005,fti_dchi4v,0.0,psi,-0.22464470064712877,-0.0008951119830790446,0.0039845675437725275,False
M1e6,1000000.0,13,0.0005,0.0005,fti_dchi4v,0.0,fti_dchi4v,0.039011993943893805,0.0001576304041737359,0.004040562612627196,True
M1e6,1000000.0,13,0.0005,0.0005,fti_dchi5lv,0.0,Mchirp,-0.2496798830199516,-1.0417634792162889,4.1723965367808304,False
M1e6,1000000.0,13,0.0005,0.0005,fti_dchi5lv,0.0,q,-0.6937488114254649,-0.0036107672205098894,0.005204718424080246,False
M1e6,1000000.0,13,0.0005,0.0005,fti_dchi5lv,0.0,chiPN,-0.4558585025595947,-0.00016766744850983401,0.0003678059037363567,False
M1e6,1000000.0,13,0.0005,0.0005,fti_dchi5lv,0.0,chim,-0.1947024405216998,-0.000508660249983103,0.0026125006374864224,False
M1e6,1000000.0,13,0.0005,0.0005,fti_dchi5lv,0.0,Deltat,0.5006399835502995,0.05281284328758795,0.10549066199839754,False
M1e6,1000000.0,13,0.0005,0.0005,fti_dchi5lv,0.0,dist,-0.22209646440931138,-6.330296310717526,28.502463231702524,False
M1e6,1000000.0,13,0.0005,0.0005,fti_dchi5lv,0.0,inc,0.2410958650130944,0.0006903190726671569,0.0028632555462104847,False
M1e6,1000000.0,13,0.0005,0.0005,fti_dchi5lv,0.0,phi,-0.7161738096485543,-0.011298834062607253,0.015776664701201367,False
M1e6,1000000.0,13,0.0005,0.0005,fti_dchi5lv,0.0,lambda,-0.2224819924868763,-0.0007547180149804284,0.003392265623587255,False
M1e6,1000000.0,13,0.0005,0.0005,fti_dchi5lv,0.0,beta,-0.05373645642745215,-9.126541502654524e-05,0.0016983891587596534,False
M1e6,1000000.0,13,0.0005,0.0005,fti_dchi5lv,0.0,psi,-0.22932761845571595,-0.0009127225515435258,0.003979994026405398,False
M1e6,1000000.0,13,0.0005,0.0005,fti_dchi5lv,0.0,fti_dchi5lv,-0.06113016959918445,-0.00044753125488474713,0.007320955557936448,True
M1e6,1000000.0,13,0.0005,0.0005,fti_dchi6v,0.0,Mchirp,-0.22179805436238953,-0.9716463178475343,4.380770249048213,False
M1e6,1000000.0,13,0.0005,0.0005,fti_dchi6v,0.0,q,-0.7062135664720894,-0.0036444708175710997,0.005160578882358718,False
M1e6,1000000.0,13,0.0005,0.0005,fti_dchi6v,0.0,chiPN,-0.4645343835151749,-0.00016552427183488296,0.0003563229713640256,False
M1e6,1000000.0,13,0.0005,0.0005,fti_dchi6v,0.0,chim,-0.2057226360644928,-0.0005094686224808046,0.0024764830561527966,False
M1e6,1000000.0,13,0.0005,0.0005,fti_dchi6v,0.0,Deltat,0.5002994304759454,0.05424580577084122,0.1084266790374637,False
M1e6,1000000.0,13,0.0005,0.0005,fti_dchi6v,0.0,dist,-0.22506031305201118,-6.398285642900925,28.42920440363152,False
M1e6,1000000.0,13,0.0005,0.0005,fti_dchi6v,0.0,inc,0.24411538364334065,0.0007004896087245162,0.002869502111132623,False
M1e6,1000000.0,13,0.0005,0.0005,fti_dchi6v,0.0,phi,-0.7274255568332555,-0.011359366063035984,0.015615846812541726,False
M1e6,1000000.0,13,0.0005,0.0005,fti_dchi6v,0.0,lambda,-0.22539057004070798,-0.0007662414493058269,0.0033996162712904778,False
M1e6,1000000.0,13,0.0005,0.0005,fti_dchi6v,0.0,beta,-0.0541041117759135,-9.092818527545898e-05,0.0016806150640095918,False
M1e6,1000000.0,13,0.0005,0.0005,fti_dchi6v,0.0,psi,-0.2327384748116653,-0.0009239124930728855,0.003969745414119975,False
M1e6,1000000.0,13,0.0005,0.0005,fti_dchi6v,0.0,fti_dchi6v,-0.07933215295729584,-0.0004979479392297845,0.0062767480859598985,True
M1e6,1000000.0,13,0.0005,0.0005,fti_dchi6lv,0.0,Mchirp,-0.2594509506818464,-1.0679696773176985,4.116268121242323,False
M1e6,1000000.0,13,0.0005,0.0005,fti_dchi6lv,0.0,q,-0.6866479814363234,-0.003580653604156949,0.005214685983153949,False
M1e6,1000000.0,13,0.0005,0.0005,fti_dchi6lv,0.0,chiPN,-0.45630575404340185,-0.00017009681314819906,0.0003727693802695729,False
M1e6,1000000.0,13,0.0005,0.0005,fti_dchi6lv,0.0,chim,-0.18451693495179702,-0.0004987950009601597,0.0027032478134891213,False
M1e6,1000000.0,13,0.0005,0.0005,fti_dchi6lv,0.0,Deltat,0.5036615868285376,0.051819318137392927,0.10288519016049931,False
M1e6,1000000.0,13,0.0005,0.0005,fti_dchi6lv,0.0,dist,-0.21951990427312673,-6.263378913935979,28.532168573393147,False
M1e6,1000000.0,13,0.0005,0.0005,fti_dchi6lv,0.0,inc,0.23915431700955894,0.0006836498627065336,0.0028586139328574543,False
M1e6,1000000.0,13,0.0005,0.0005,fti_dchi6lv,0.0,phi,-0.7086097759514964,-0.011235646682519076,0.015855901320910006,False
M1e6,1000000.0,13,0.0005,0.0005,fti_dchi6lv,0.0,lambda,-0.22068445146395171,-0.0007475307411315528,0.003387328541601673,False
M1e6,1000000.0,13,0.0005,0.0005,fti_dchi6lv,0.0,beta,-0.051846042755151256,-8.871742492773529e-05,0.0017111706161782349,False
M1e6,1000000.0,13,0.0005,0.0005,fti_dchi6lv,0.0,psi,-0.22647895202345786,-0.0009021918154237949,0.003983557003258957,False
M1e6,1000000.0,13,0.0005,0.0005,fti_dchi6lv,0.0,fti_dchi6lv,-0.04754711838327187,-0.0004804578855905489,0.010104879158346316,True
M1e6,1000000.0,13,0.0005,0.0005,fti_dchi7v,0.0,Mchirp,-0.20321076349139458,-0.9179364011980922,4.517164275291767,False
M1e6,1000000.0,13,0.0005,0.0005,fti_dchi7v,0.0,q,-0.7178576342943537,-0.0036610135245431384,0.005099915846324982,False
M1e6,1000000.0,13,0.0005,0.0005,fti_dchi7v,0.0,chiPN,-0.47774692925493195,-0.00016496671221994774,0.0003453014600789184,False
M1e6,1000000.0,13,0.0005,0.0005,fti_dchi7v,0.0,chim,-0.20961189398939897,-0.0004973759672964432,0.002372842293584723,False
M1e6,1000000.0,13,0.0005,0.0005,fti_dchi7v,0.0,Deltat,0.5017508608351406,0.05540529183074096,0.11042390986339608,False
M1e6,1000000.0,13,0.0005,0.0005,fti_dchi7v,0.0,dist,-0.2266032822586494,-6.423866186853568,28.348513414387536,False
M1e6,1000000.0,13,0.0005,0.0005,fti_dchi7v,0.0,inc,0.24666675784650582,0.0007089486129575096,0.002874114936065562,False
M1e6,1000000.0,13,0.0005,0.0005,fti_dchi7v,0.0,phi,-0.7364313444061532,-0.011375177203979972,0.015446351232038797,False
M1e6,1000000.0,13,0.0005,0.0005,fti_dchi7v,0.0,lambda,-0.2279485449412053,-0.0007763185482963878,0.003405674506484011,False
M1e6,1000000.0,13,0.0005,0.0005,fti_dchi7v,0.0,beta,-0.05202853466509834,-8.6785921673369e-05,0.0016680447033920894,False
M1e6,1000000.0,13,0.0005,0.0005,fti_dchi7v,0.0,psi,-0.23467224435252623,-0.0009287344498563864,0.003957581146499947,False
M1e6,1000000.0,13,0.0005,0.0005,fti_dchi7v,0.0,fti_dchi7v,0.09310073068506351,0.0002513883201826386,0.0027001755875904177,True
M1e6,1000000.0,13,0.0005,0.0005,fti_dkappa_S,0.0,Mchirp,-0.2566668885766355,-1.0567664404026194,4.117268285998996,False
M1e6,1000000.0,13,0.0005,0.0005,fti_dkappa_S,0.0,q,-0.693384451739241,-0.0036092001502561815,0.005205193368849123,False
M1e6,1000000.0,13,0.0005,0.0005,fti_dkappa_S,0.0,chiPN,-0.45508064190034814,-0.00016773386020808422,0.0003685805212624578,False
M1e6,1000000.0,13,0.0005,0.0005,fti_dkappa_S,0.0,chim,-0.1941819066839815,-0.0005083767467526415,0.0026180438509134213,False
M1e6,1000000.0,13,0.0005,0.0005,fti_dkappa_S,0.0,Deltat,0.5002399324698411,0.052774657319679036,0.10549868951707642,False
M1e6,1000000.0,13,0.0005,0.0005,fti_dkappa_S,0.0,dist,-0.22196824604017112,-6.327187206972381,28.50492050032826,False
M1e6,1000000.0,13,0.0005,0.0005,fti_dkappa_S,0.0,inc,0.2409886635329281,0.0006899571613865896,0.0028630274605938692,False
M1e6,1000000.0,13,0.0005,0.0005,fti_dkappa_S,0.0,phi,-0.7157929483961714,-0.011295658029762106,0.015780622112960906,False
M1e6,1000000.0,13,0.0005,0.0005,fti_dkappa_S,0.0,lambda,-0.22238052620089008,-0.0007543151151467241,0.0033920016650437483,False
M1e6,1000000.0,13,0.0005,0.0005,fti_dkappa_S,0.0,beta,-0.05366208290239194,-9.117393386694417e-05,0.0016990382954903932,False
M1e6,1000000.0,13,0.0005,0.0005,fti_dkappa_S,0.0,psi,-0.229182012274389,-0.0009121957656002568,0.003980224087168443,False
M1e6,1000000.0,13,0.0005,0.0005,fti_dkappa_S,0.0,fti_dkappa_S,-0.06041925369237169,-0.00039676951393944563,0.0065669383465016265,True
M1e6,1000000.0,13,0.0005,0.0005,fti_dxi0v,0.0,Mchirp,-0.02914685118861419,-2.659128940997448,91.23211710897263,False
M1e6,1000000.0,13,0.0005,0.0005,fti_dxi0v,0.0,q,-0.7430442525504359,-0.003470821705653425,0.004671083443200221,False
M1e6,1000000.0,13,0.0005,0.0005,fti_dxi0v,0.0,chiPN,-0.5963678866659176,-0.00018049725994114362,0.00030266093124202263,False
M1e6,1000000.0,13,0.0005,0.0005,fti_dxi0v,0.0,chim,-0.17089305623932366,-0.0004511021400511446,0.002639675069181324,False
M1e6,1000000.0,13,0.0005,0.0005,fti_dxi0v,0.0,Deltat,0.5227360805148931,0.05000193332803116,0.09565426070987762,False
M1e6,1000000.0,13,0.0005,0.0005,fti_dxi0v,0.0,dist,-0.21493796206613355,-6.052713811814937,28.16028287247181,False
M1e6,1000000.0,13,0.0005,0.0005,fti_dxi0v,0.0,inc,0.23276964238451311,0.0006644119794698238,0.002854375564886932,False
M1e6,1000000.0,13,0.0005,0.0005,fti_dxi0v,0.0,phi,-0.69845522565832,-0.011062090931463176,0.015837938532189726,False
M1e6,1000000.0,13,0.0005,0.0005,fti_dxi0v,0.0,lambda,-0.21432044551296453,-0.0007274378917559669,0.003394160039257492,False
M1e6,1000000.0,13,0.0005,0.0005,fti_dxi0v,0.0,beta,-0.04417831208764737,-7.546535234616498e-05,0.0017081990863853243,False
M1e6,1000000.0,13,0.0005,0.0005,fti_dxi0v,0.0,psi,-0.22200818487804153,-0.0008648223639018677,0.0038954526130509613,False
M1e6,1000000.0,13,0.0005,0.0005,fti_dxi0v,0.0,fti_dxi0v,-0.24350204007493448,-5.3911807685465445e-06,2.21401872727123e-05,True
M1e6,1000000.0,14,0.00075,0.00075,fti_dchiMinus2v,0.0,Mchirp,-0.2034325621012059,-3.01997075465086,14.845070638929727,False
M1e6,1000000.0,14,0.00075,0.00075,fti_dchiMinus2v,0.0,q,-1.0485107195836674,-0.005084313042100266,0.00484908065042873,False
M1e6,1000000.0,14,0.00075,0.00075,fti_dchiMinus2v,0.0,chiPN,-0.8015473512663893,-0.00028942432056086104,0.0003610819998389249,False
M1e6,1000000.0,14,0.00075,0.00075,fti_dchiMinus2v,0.0,chim,-0.18471982768765202,-0.0004998684284234604,0.002706089728866043,False
M1e6,1000000.0,14,0.00075,0.00075,fti_dchiMinus2v,0.0,Deltat,0.8283569085353057,0.07460614247343711,0.09006521428710616,False
M1e6,1000000.0,14,0.00075,0.00075,fti_dchiMinus2v,0.0,dist,-0.3092437113520733,-8.703981978863494,28.146027418982918,False
M1e6,1000000.0,14,0.00075,0.00075,fti_dchiMinus2v,0.0,inc,0.35338352561653313,0.0010042333559584357,0.0028417661921460334,False
M1e6,1000000.0,14,0.00075,0.00075,fti_dchiMinus2v,0.0,phi,-1.075521958113733,-0.016200470836593484,0.015062891756302326,False
M1e6,1000000.0,14,0.00075,0.00075,fti_dchiMinus2v,0.0,lambda,-0.3279622900635522,-0.0011069100473451955,0.003375113788633137,False
M1e6,1000000.0,14,0.00075,0.00075,fti_dchiMinus2v,0.0,beta,-0.03575330486945589,-6.119990437602151e-05,0.00171172719835208,False
M1e6,1000000.0,14,0.00075,0.00075,fti_dchiMinus2v,0.0,psi,-0.31778783197976423,-0.0012466805040049986,0.0039229963470860125,False
M1e6,1000000.0,14,0.00075,0.00075,fti_dchiMinus2v,0.0,fti_dchiMinus2v,0.09500711240054519,1.0482843894263911e-07,1.1033746452653745e-06,True
M1e6,1000000.0,14,0.00075,0.00075,fti_dchi0v,0.0,Mchirp,-0.04255728281957539,-3.830844457155024,90.01619002313095,False
M1e6,1000000.0,14,0.00075,0.00075,fti_dchi0v,0.0,q,-1.1150149666565836,-0.005208286852923574,0.004671046585626405,False
M1e6,1000000.0,14,0.00075,0.00075,fti_dchi0v,0.0,chiPN,-0.8946566493527114,-0.0002707733070692205,0.00030265611647230966,False
M1e6,1000000.0,14,0.00075,0.00075,fti_dchi0v,0.0,chim,-0.2568055236862827,-0.0006752154507637491,0.0026292871004932198,False
M1e6,1000000.0,14,0.00075,0.00075,fti_dchi0v,0.0,Deltat,0.786087001862277,0.07506120035945488,0.0954871409673883,False
M1e6,1000000.0,14,0.00075,0.00075,fti_dchi0v,0.0,dist,-0.32245506229539705,-9.0743651706517,28.141487703916976,False
M1e6,1000000.0,14,0.00075,0.00075,fti_dchi0v,0.0,inc,0.3495221203755134,0.000997684329536456,0.0028544240017329423,False
M1e6,1000000.0,14,0.00075,0.00075,fti_dchi0v,0.0,phi,-1.0501980390211654,-0.016595353980849485,0.01580211861404459,False
M1e6,1000000.0,14,0.00075,0.00075,fti_dchi0v,0.0,lambda,-0.32189640431854605,-0.001092549435991229,0.00339410264089204,False
M1e6,1000000.0,14,0.00075,0.00075,fti_dchi0v,0.0,beta,-0.06574231782988021,-0.00011207980834669748,0.0017048350597665821,False
M1e6,1000000.0,14,0.00075,0.00075,fti_dchi0v,0.0,psi,-0.3331391795028319,-0.0012975493720757706,0.0038949167552498596,False
M1e6,1000000.0,14,0.00075,0.00075,fti_dchi0v,0.0,fti_dchi0v,0.024112583464604268,1.1069668160986661e-05,0.0004590826270124156,True
M1e6,1000000.0,14,0.00075,0.00075,fti_dchi1v,0.0,Mchirp,-0.0761908717180831,-1.188735223439643,15.602068812627973,False
M1e6,1000000.0,14,0.00075,0.00075,fti_dchi1v,0.0,q,-1.0403272293346684,-0.005155939897593855,0.004956075119644123,False
M1e6,1000000.0,14,0.00075,0.00075,fti_dchi1v,0.0,chiPN,-0.7637735343988947,-0.00027699434658833076,0.00036266554693641085,False
M1e6,1000000.0,14,0.00075,0.00075,fti_dchi1v,0.0,chim,-0.19823491482925953,-0.000583010297780245,0.002941007129255681,False
M1e6,1000000.0,14,0.00075,0.00075,fti_dchi1v,0.0,Deltat,0.7936766125319593,0.0735917893676005,0.09272263816975852,False
M1e6,1000000.0,14,0.00075,0.00075,fti_dchi1v,0.0,dist,-0.3116523974569305,-8.847788686673887,28.389926594088294,False
M1e6,1000000.0,14,0.00075,0.00075,fti_dchi1v,0.0,inc,0.3530973257577483,0.001003451483831713,0.0028418552354603707,False
M1e6,1000000.0,14,0.00075,0.00075,fti_dchi1v,0.0,phi,-1.034753328374907,-0.016294076072163134,0.015746821609893425,False
M1e6,1000000.0,14,0.00075,0.00075,fti_dchi1v,0.0,lambda,-0.32677981303803993,-0.0011028700879252332,0.0033749639479622624,False
M1e6,1000000.0,14,0.00075,0.00075,fti_dchi1v,0.0,beta,-0.04861006367537603,-8.489485319451251e-05,0.0017464460396812223,False
M1e6,1000000.0,14,0.00075,0.00075,fti_dchi1v,0.0,psi,-0.3224052251710458,-0.0012728284632009268,0.003947915119941535,False
M1e6,1000000.0,14,0.00075,0.00075,fti_dchi1v,0.0,fti_dchi1v,-0.03143079018659516,-2.1525716219678503e-05,0.0006848608034315012,True
M1e6,1000000.0,14,0.00075,0.00075,fti_dchi2v,0.0,Mchirp,-0.22834723491055658,-1.6076419936932114,7.0403392198855546,False
M1e6,1000000.0,14,0.00075,0.00075,fti_dchi2v,0.0,q,-1.0208050398241029,-0.005188958350042011,0.00508320212734856,False
M1e6,1000000.0,14,0.00075,0.00075,fti_dchi2v,0.0,chiPN,-0.7236831760974124,-0.00027284956709392393,0.00037702903163413685,False
M1e6,1000000.0,14,0.00075,0.00075,fti_dchi2v,0.0,chim,-0.2124277728398152,-0.0006245200972290295,0.0029399173605230964,False
M1e6,1000000.0,14,0.00075,0.00075,fti_dchi2v,0.0,Deltat,0.7822709910644948,0.07401507625109142,0.09461564738630222,False
M1e6,1000000.0,14,0.00075,0.00075,fti_dchi2v,0.0,dist,-0.31425486901123123,-8.949439204125898,28.47828335097666,False
M1e6,1000000.0,14,0.00075,0.00075,fti_dchi2v,0.0,inc,0.3526536710975213,0.0010030320450401945,0.002844241042262737,False
M1e6,1000000.0,14,0.00075,0.00075,fti_dchi2v,0.0,phi,-1.0362096895426431,-0.016409074629478902,0.015835669937347772,False
M1e6,1000000.0,14,0.00075,0.00075,fti_dchi2v,0.0,lambda,-0.3261315338525714,-0.0011007383841289608,0.003375136317319602,False
M1e6,1000000.0,14,0.00075,0.00075,fti_dchi2v,0.0,beta,-0.055598616325300464,-9.707022458002091e-05,0.0017459107977089812,False
M1e6,1000000.0,14,0.00075,0.00075,fti_dchi2v,0.0,psi,-0.3242163483091895,-0.0012863633337466024,0.003967607865720145,False
M1e6,1000000.0,14,0.00075,0.00075,fti_dchi2v,0.0,fti_dchi2v,-0.00949982777627294,-4.378587359458574e-06,0.0004609122883674446,True
M1e6,1000000.0,14,0.00075,0.00075,fti_dchi3v,0.0,Mchirp,-0.37791259307710057,-1.7097331631700965,4.524149749149222,False
M1e6,1000000.0,14,0.00075,0.00075,fti_dchi3v,0.0,q,-1.0169373483913047,-0.005258894251420492,0.0051713060393932305,False
M1e6,1000000.0,14,0.00075,0.00075,fti_dchi3v,0.0,chiPN,-0.6967084533435279,-0.00026540790495365905,0.0003809454351816134,False
M1e6,1000000.0,14,0.00075,0.00075,fti_dchi3v,0.0,chim,-0.2375640340365956,-0.0006835626572425316,0.0028773827655125274,False
M1e6,1000000.0,14,0.00075,0.00075,fti_dchi3v,0.0,Deltat,0.7682962103069579,0.07517222844039528,0.09784276875498536,False
M1e6,1000000.0,14,0.00075,0.00075,fti_dchi3v,0.0,dist,-0.3199292385488923,-9.129588497300084,28.53627426711385,False
M1e6,1000000.0,14,0.00075,0.00075,fti_dchi3v,0.0,inc,0.35409127004495766,0.001008868151317814,0.0028491754433531266,False
M1e6,1000000.0,14,0.00075,0.00075,fti_dchi3v,0.0,phi,-1.0434674755487863,-0.016595401030114542,0.015904090370796268,False
M1e6,1000000.0,14,0.00075,0.00075,fti_dchi3v,0.0,lambda,-0.32707912744839146,-0.0011050461714390582,0.0033785285538081885,False
M1e6,1000000.0,14,0.00075,0.00075,fti_dchi3v,0.0,beta,-0.06581966815340144,-0.00011428047853774309,0.0017362664040085605,False
M1e6,1000000.0,14,0.00075,0.00075,fti_dchi3v,0.0,psi,-0.3298312729079248,-0.0013128776227243257,0.003980452220765696,False
M1e6,1000000.0,14,0.00075,0.00075,fti_dchi3v,0.0,fti_dchi3v,-0.022933008676235035,-9.967971935376956e-06,0.0004346560922774404,True
M1e6,1000000.0,14,0.00075,0.00075,fti_dchi4v,0.0,Mchirp,-0.41354572478790086,-1.6659612771336825,4.028481440566505,False
M1e6,1000000.0,14,0.00075,0.00075,fti_dchi4v,0.0,q,-1.0250537752207771,-0.00534345002538913,0.005212848491034777,False
M1e6,1000000.0,14,0.00075,0.00075,fti_dchi4v,0.0,chiPN,-0.6829633523591,-0.00025754643876763875,0.0003771014035790044,False
M1e6,1000000.0,14,0.00075,0.00075,fti_dchi4v,0.0,chim,-0.2667274306388899,-0.0007357365504860711,0.0027583835255480392,False
M1e6,1000000.0,14,0.00075,0.00075,fti_dchi4v,0.0,Deltat,0.7574009726268087,0.07707075188118459,0.10175686943454636,False
M1e6,1000000.0,14,0.00075,0.00075,fti_dchi4v,0.0,dist,-0.326959348217101,-9.332685567944662,28.54387133701942,False
M1e6,1000000.0,14,0.00075,0.00075,fti_dchi4v,0.0,inc,0.35743258529833566,0.0010208282125579737,0.0028560020953487674,False
M1e6,1000000.0,14,0.00075,0.00075,fti_dchi4v,0.0,phi,-1.057500134444518,-0.01679888187629268,0.015885465475724756,False
M1e6,1000000.0,14,0.00075,0.00075,fti_dchi4v,0.0,lambda,-0.3298956569094246,-0.001116593355259298,0.003384686436068685,False
M1e6,1000000.0,14,0.00075,0.00075,fti_dchi4v,0.0,beta,-0.07518874618871006,-0.00012922917530966893,0.0017187302869145766,False
M1e6,1000000.0,14,0.00075,0.00075,fti_dchi4v,0.0,psi,-0.33724342618917696,-0.001343790772463598,0.003984631480139801,False
M1e6,1000000.0,14,0.00075,0.00075,fti_dchi4v,0.0,fti_dchi4v,0.05852868370212883,0.00023648689813892277,0.00404052992789792,True
M1e6,1000000.0,14,0.00075,0.00075,fti_dchi5lv,0.0,Mchirp,-0.37454839961217945,-1.56275945930261,4.172383224493139,False
M1e6,1000000.0,14,0.00075,0.00075,fti_dchi5lv,0.0,q,-1.0410705698256921,-0.00541846608168393,0.005204705846781502,False
M1e6,1000000.0,14,0.00075,0.00075,fti_dchi5lv,0.0,chiPN,-0.6839308980054084,-0.0002515527210406135,0.00036780429393412823,False
M1e6,1000000.0,14,0.00075,0.00075,fti_dchi5lv,0.0,chim,-0.2924161526547998,-0.0007639352590666061,0.002612493366494837,False
M1e6,1000000.0,14,0.00075,0.00075,fti_dchi5lv,0.0,Deltat,0.7520744228676559,0.0793362247578159,0.1054898589095841,False
M1e6,1000000.0,14,0.00075,0.00075,fti_dchi5lv,0.0,dist,-0.33335189918481295,-9.50086104799096,28.50099570821286,False
M1e6,1000000.0,14,0.00075,0.00075,fti_dchi5lv,0.0,inc,0.36191559757985914,0.001036256036170953,0.002863253319559669,False
M1e6,1000000.0,14,0.00075,0.00075,fti_dchi5lv,0.0,phi,-1.075084927328596,-0.016961223138279597,0.015776635600710506,False
M1e6,1000000.0,14,0.00075,0.00075,fti_dchi5lv,0.0,lambda,-0.3340001434797256,-0.0011330231169350323,0.0033922833239854846,False
M1e6,1000000.0,14,0.00075,0.00075,fti_dchi5lv,0.0,beta,-0.08057188059720795,-0.0001368408945551893,0.0016983703686808476,False
M1e6,1000000.0,14,0.00075,0.00075,fti_dchi5lv,0.0,psi,-0.34426123667122666,-0.0013701792507729007,0.003980056726750904,False
M1e6,1000000.0,14,0.00075,0.00075,fti_dchi5lv,0.0,fti_dchi5lv,-0.09167400666093978,-0.0006711363879414473,0.007320901664347168,True
M1e6,1000000.0,14,0.00075,0.00075,fti_dchi6v,0.0,Mchirp,-0.33273955666045607,-1.457650103063381,4.380753877576508,False
M1e6,1000000.0,14,0.00075,0.00075,fti_dchi6v,0.0,q,-1.0597586894193078,-0.005468955786255872,0.005160567061971978,False
M1e6,1000000.0,14,0.00075,0.00075,fti_dchi6v,0.0,chiPN,-0.6969634328719604,-0.00024834318080377716,0.00035632167928873317,False
M1e6,1000000.0,14,0.00075,0.00075,fti_dchi6v,0.0,chim,-0.3089557567923367,-0.0007651225430067945,0.002476479321668922,False
M1e6,1000000.0,14,0.00075,0.00075,fti_dchi6v,0.0,Deltat,0.7515153746303573,0.08148369693072958,0.10842585485467733,False
M1e6,1000000.0,14,0.00075,0.00075,fti_dchi6v,0.0,dist,-0.33779282988368325,-9.602685463495588,28.427736215721957,False
M1e6,1000000.0,14,0.00075,0.00075,fti_dchi6v,0.0,inc,0.3664395395497816,0.0010514980468815916,0.0028694994218514003,False
M1e6,1000000.0,14,0.00075,0.00075,fti_dchi6v,0.0,phi,-1.0919615602998305,-0.017051877284823484,0.015615821934374122,False
M1e6,1000000.0,14,0.00075,0.00075,fti_dchi6v,0.0,lambda,-0.338358160217593,-0.0011502935850973839,0.003399633052613974,False
M1e6,1000000.0,14,0.00075,0.00075,fti_dchi6v,0.0,beta,-0.08111831474489548,-0.00013632724537028962,0.001680597603624011,False
M1e6,1000000.0,14,0.00075,0.00075,fti_dchi6v,0.0,psi,-0.34937230046268025,-0.0013869406478964393,0.003969807125692815,False
M1e6,1000000.0,14,0.00075,0.00075,fti_dchi6v,0.0,fti_dchi6v,-0.11894668496323384,-0.0007465935572888577,0.006276707564566664,True
M1e6,1000000.0,14,0.00075,0.00075,fti_dchi6lv,0.0,Mchirp,-0.3891993302579455,-1.6020440661375517,4.116255968569581,False
M1e6,1000000.0,14,0.00075,0.00075,fti_dchi6lv,0.0,q,-1.0304284751273405,-0.0053733486042307575,0.005214674025353112,False
M1e6,1000000.0,14,0.00075,0.00075,fti_dchi6lv,0.0,chiPN,-0.6845875701360697,-0.00025519203958197215,0.000372767562126858,False
M1e6,1000000.0,14,0.00075,0.00075,fti_dchi6lv,0.0,chim,-0.27713716302445957,-0.0007491678465229089,0.002703238491536369,False
M1e6,1000000.0,14,0.00075,0.00075,fti_dchi6lv,0.0,Deltat,0.756646960291223,0.0778471925200396,0.10288443171710793,False
M1e6,1000000.0,14,0.00075,0.00075,fti_dchi6lv,0.0,dist,-0.32949130818470745,-9.40061912515511,28.530704427217476,False
M1e6,1000000.0,14,0.00075,0.00075,fti_dchi6lv,0.0,inc,0.3590066013026644,0.0010262606341831838,0.002858612154927992,False
M1e6,1000000.0,14,0.00075,0.00075,fti_dchi6lv,0.0,phi,-1.063742728066046,-0.016866568387363993,0.01585587185919336,False
M1e6,1000000.0,14,0.00075,0.00075,fti_dchi6lv,0.0,lambda,-0.3313065720451575,-0.0011222502115789423,0.0033873466640015164,False
M1e6,1000000.0,14,0.00075,0.00075,fti_dchi6lv,0.0,beta,-0.07774195514344656,-0.00013302824783093035,0.0017111513028643488,False
M1e6,1000000.0,14,0.00075,0.00075,fti_dchi6lv,0.0,psi,-0.3399928170940684,-0.0013544023674677752,0.003983620533645104,False
M1e6,1000000.0,14,0.00075,0.00075,fti_dchi6lv,0.0,fti_dchi6lv,-0.07132198238774214,-0.0007206943677840385,0.010104800002136533,True
M1e6,1000000.0,14,0.00075,0.00075,fti_dchi7v,0.0,Mchirp,-0.3048729846713958,-1.377156318885672,4.51714775702421,False
M1e6,1000000.0,14,0.00075,0.00075,fti_dchi7v,0.0,q,-1.0772203309506165,-0.005493722127972407,0.0050999057204243,False
M1e6,1000000.0,14,0.00075,0.00075,fti_dchi7v,0.0,chiPN,-0.716796344037458,-0.00024751007961399063,0.0003453004213440246,False
M1e6,1000000.0,14,0.00075,0.00075,fti_dchi7v,0.0,chim,-0.31480321987901727,-0.0007469781826749031,0.002372841621384864,False
M1e6,1000000.0,14,0.00075,0.00075,fti_dchi7v,0.0,Deltat,0.7536560310637656,0.08322103245572468,0.1104230962475818,False
M1e6,1000000.0,14,0.00075,0.00075,fti_dchi7v,0.0,dist,-0.3401041394718328,-9.640948480247012,28.347048334133753,False
M1e6,1000000.0,14,0.00075,0.00075,fti_dchi7v,0.0,inc,0.370261493396348,0.0010641730087737693,0.00287411202016252,False
M1e6,1000000.0,14,0.00075,0.00075,fti_dchi7v,0.0,phi,-1.1054730268679156,-0.01707550368485892,0.015446332266684185,False
M1e6,1000000.0,14,0.00075,0.00075,fti_dchi7v,0.0,lambda,-0.3421901180489164,-0.0011653935517434192,0.003405690258936189,False
M1e6,1000000.0,14,0.00075,0.00075,fti_dchi7v,0.0,beta,-0.07800360624048744,-0.00013011226537591513,0.001668028846958372,False
M1e6,1000000.0,14,0.00075,0.00075,fti_dchi7v,0.0,psi,-0.35226954517498255,-0.00139415685126194,0.003957642295105078,False
M1e6,1000000.0,14,0.00075,0.00075,fti_dchi7v,0.0,fti_dchi7v,0.13957298233679352,0.0003768695104422173,0.0027001609060184773,True
M1e6,1000000.0,14,0.00075,0.00075,fti_dkappa_S,0.0,Mchirp,-0.38502789814514476,-1.5852585747980998,4.11725639216019,False
M1e6,1000000.0,14,0.00075,0.00075,fti_dkappa_S,0.0,q,-1.0405241115017918,-0.005416115961901171,0.0052051806412098155,False
M1e6,1000000.0,14,0.00075,0.00075,fti_dkappa_S,0.0,chiPN,-0.6827638241710597,-0.0002516523262541151,0.00036857888093242927,False
M1e6,1000000.0,14,0.00075,0.00075,fti_dkappa_S,0.0,chim,-0.2916346276273597,-0.0007635100463733854,0.002618036316829191,False
M1e6,1000000.0,14,0.00075,0.00075,fti_dkappa_S,0.0,Deltat,0.7514743878396736,0.0792789576056809,0.10549788374503458,False
M1e6,1000000.0,14,0.00075,0.00075,fti_dkappa_S,0.0,dist,-0.33315959087959024,-9.496198580669999,28.503452521353626,False
M1e6,1000000.0,14,0.00075,0.00075,fti_dkappa_S,0.0,inc,0.36175486124492345,0.0010357132957730523,0.0028630252326362804,False
M1e6,1000000.0,14,0.00075,0.00075,fti_dkappa_S,0.0,phi,-1.0745135188478125,-0.016956460065290394,0.01578059258246708,False
M1e6,1000000.0,14,0.00075,0.00075,fti_dkappa_S,0.0,lambda,-0.33384800406160087,-0.0011324188972686637,0.003392019372563666,False
M1e6,1000000.0,14,0.00075,0.00075,fti_dkappa_S,0.0,beta,-0.0804603602752696,-0.00013670371548252377,0.0016990194303733587,False
M1e6,1000000.0,14,0.00075,0.00075,fti_dkappa_S,0.0,psi,-0.3440428542296665,-0.0013693892108043665,0.003980286740355397,False
M1e6,1000000.0,14,0.00075,0.00075,fti_dkappa_S,0.0,fti_dkappa_S,-0.09060784372293201,-0.0005950116707053657,0.006566889203597433,True
M1e6,1000000.0,14,0.00075,0.00075,fti_dxi0v,0.0,Mchirp,-0.04387675169226632,-4.002945094422969,91.23157344230944,False
M1e6,1000000.0,14,0.00075,0.00075,fti_dxi0v,0.0,q,-1.1150715186323796,-0.005208603669962217,0.004671093811409065,False
M1e6,1000000.0,14,0.00075,0.00075,fti_dxi0v,0.0,chiPN,-0.8947114652416199,-0.00027079329477031354,0.0003026599136037503,False
M1e6,1000000.0,14,0.00075,0.00075,fti_dxi0v,0.0,chim,-0.25679031657128715,-0.000677842332394736,0.0026396724823794563,False
M1e6,1000000.0,14,0.00075,0.00075,fti_dxi0v,0.0,Deltat,0.7853972063010812,0.07512613218194661,0.09565367890186648,False
M1e6,1000000.0,14,0.00075,0.00075,fti_dxi0v,0.0,dist,-0.32263875884354704,-9.085146844000493,28.15888232574696,False
M1e6,1000000.0,14,0.00075,0.00075,fti_dxi0v,0.0,inc,0.3494152867649426,0.000997363092559718,0.002854377385127573,False
M1e6,1000000.0,14,0.00075,0.00075,fti_dxi0v,0.0,phi,-1.0485655486337035,-0.01660710899074056,0.015837931174049986,False
M1e6,1000000.0,14,0.00075,0.00075,fti_dxi0v,0.0,lambda,-0.32174351116313166,-0.0010920536145676235,0.003394174479602562,False
M1e6,1000000.0,14,0.00075,0.00075,fti_dxi0v,0.0,beta,-0.06627904615773375,-0.00011321717324934107,0.001708189538212453,False
M1e6,1000000.0,14,0.00075,0.00075,fti_dxi0v,0.0,psi,-0.33329953764642795,-0.0012983743484527035,0.0038955180004781455,False
M1e6,1000000.0,14,0.00075,0.00075,fti_dxi0v,0.0,fti_dxi0v,-0.3652103546176867,-8.085795319310895e-06,2.2140104236024063e-05,True
M1e6,1000000.0,15,2.5e-05,2.5e-05,fti_dchiMinus2v,0.0,Mchirp,-0.0067872429779516135,-0.10075822439388693,14.84523608793739,False
M1e6,1000000.0,15,2.5e-05,2.5e-05,fti_dchiMinus2v,0.0,q,-0.03490145337155444,-0.00016923922849593312,0.004849059627811011,False
M1e6,1000000.0,15,2.5e-05,2.5e-05,fti_dchiMinus2v,0.0,chiPN,-0.026708115911916283,-9.643943996301656e-06,0.0003610866460257814,False
M1e6,1000000.0,15,2.5e-05,2.5e-05,fti_dchiMinus2v,0.0,chim,-0.006119391136649256,-1.6559660040266043e-05,0.0027060960266274917,False
M1e6,1000000.0,15,2.5e-05,2.5e-05,fti_dchiMinus2v,0.0,Deltat,0.028923506214257672,0.0026050322620307757,0.09006626799439137,False
M1e6,1000000.0,15,2.5e-05,2.5e-05,fti_dchiMinus2v,0.0,dist,-0.010279693116461045,-0.2893748810106605,28.15014784315688,False
M1e6,1000000.0,15,2.5e-05,2.5e-05,fti_dchiMinus2v,0.0,inc,0.011751960758987049,3.339630551262501e-05,0.002841764552956487,False
M1e6,1000000.0,15,2.5e-05,2.5e-05,fti_dchiMinus2v,0.0,phi,-0.035878236545039306,-0.0005404283326545447,0.015062845465554713,False
M1e6,1000000.0,15,2.5e-05,2.5e-05,fti_dchiMinus2v,0.0,lambda,-0.010904887561183036,-3.680471650067941e-05,0.003375066115462687,False
M1e6,1000000.0,15,2.5e-05,2.5e-05,fti_dchiMinus2v,0.0,beta,-0.0011797892186221918,-2.0195224390411477e-06,0.0017117654638339824,False
M1e6,1000000.0,15,2.5e-05,2.5e-05,fti_dchiMinus2v,0.0,psi,-0.010409013198798394,-4.083248397462851e-05,0.0039228006723386775,False
M1e6,1000000.0,15,2.5e-05,2.5e-05,fti_dchiMinus2v,0.0,fti_dchiMinus2v,0.0031731503063620807,3.5012029651973166e-09,1.1033839015370621e-06,True
M1e6,1000000.0,15,2.5e-05,2.5e-05,fti_dchi0v,0.0,Mchirp,-0.0014038559153418558,-0.12637187955536433,90.01769923417764,False
M1e6,1000000.0,15,2.5e-05,2.5e-05,fti_dchi0v,0.0,q,-0.037118181591550684,-0.00017337974135664267,0.004671019266636423,False
M1e6,1000000.0,15,2.5e-05,2.5e-05,fti_dchi0v,0.0,chiPN,-0.02980569894709454,-9.02096339230581e-06,0.0003026590118996412,False
M1e6,1000000.0,15,2.5e-05,2.5e-05,fti_dchi0v,0.0,chim,-0.008517121339158613,-2.239403190697892e-05,0.0026292958636175983,False
M1e6,1000000.0,15,2.5e-05,2.5e-05,fti_dchi0v,0.0,Deltat,0.027434773834902476,0.002619711762014615,0.09548873184738348,False
M1e6,1000000.0,15,2.5e-05,2.5e-05,fti_dchi0v,0.0,dist,-0.01071912818143514,-0.30169605349329304,28.145577549470087,False
M1e6,1000000.0,15,2.5e-05,2.5e-05,fti_dchi0v,0.0,inc,0.01162479543265874,3.318205079912612e-05,0.0028544201909914343,False
M1e6,1000000.0,15,2.5e-05,2.5e-05,fti_dchi0v,0.0,phi,-0.03502862063698187,-0.0005535273416890244,0.015802144978116307,False
M1e6,1000000.0,15,2.5e-05,2.5e-05,fti_dchi0v,0.0,lambda,-0.010704191476346889,-3.633068947359188e-05,0.00339406199467489,False
M1e6,1000000.0,15,2.5e-05,2.5e-05,fti_dchi0v,0.0,beta,-0.002177474916726025,-3.7122980727437684e-06,0.0017048637594987545,False
M1e6,1000000.0,15,2.5e-05,2.5e-05,fti_dchi0v,0.0,psi,-0.010919543507424266,-4.252863038440708e-05,0.0038947260346086443,False
M1e6,1000000.0,15,2.5e-05,2.5e-05,fti_dchi0v,0.0,fti_dchi0v,0.0007889975261026618,3.6222127155182955e-07,0.00045909050354195726,True
M1e6,1000000.0,15,2.5e-05,2.5e-05,fti_dchi1v,0.0,Mchirp,-0.0025311304322386164,-0.039491488727221746,15.602312794403943,False
M1e6,1000000.0,15,2.5e-05,2.5e-05,fti_dchi1v,0.0,q,-0.0346282201476147,-0.00017162001603557384,0.004956073841045959,False
M1e6,1000000.0,15,2.5e-05,2.5e-05,fti_dchi1v,0.0,chiPN,-0.025450518714895332,-9.230171255610392e-06,0.00036267124293259625,False
M1e6,1000000.0,15,2.5e-05,2.5e-05,fti_dchi1v,0.0,chim,-0.006570279846211154,-1.932345081442487e-05,0.0029410392352721497,False
M1e6,1000000.0,15,2.5e-05,2.5e-05,fti_dchi1v,0.0,Deltat,0.027727435844963223,0.002570998739733557,0.09272399922261788,False
M1e6,1000000.0,15,2.5e-05,2.5e-05,fti_dchi1v,0.0,dist,-0.010359363400757014,-0.29414463423120984,28.39408396559533,False
M1e6,1000000.0,15,2.5e-05,2.5e-05,fti_dchi1v,0.0,inc,0.011742356641486972,3.337006240873695e-05,0.002841853933377993,False
M1e6,1000000.0,15,2.5e-05,2.5e-05,fti_dchi1v,0.0,phi,-0.03451594693488657,-0.0005435175266854967,0.015746852540677165,False
M1e6,1000000.0,15,2.5e-05,2.5e-05,fti_dchi1v,0.0,lambda,-0.010865442915781637,-3.666995930200068e-05,0.0033749161986520566,False
M1e6,1000000.0,15,2.5e-05,2.5e-05,fti_dchi1v,0.0,beta,-0.0016072761090871295,-2.8070936815436444e-06,0.0017464912628720431,False
M1e6,1000000.0,15,2.5e-05,2.5e-05,fti_dchi1v,0.0,psi,-0.010563330396115725,-4.1701065176670524e-05,0.003947719479834177,False
M1e6,1000000.0,15,2.5e-05,2.5e-05,fti_dchi1v,0.0,fti_dchi1v,-0.0010566833397663087,-7.236955739241556e-07,0.000684874594582143,True
M1e6,1000000.0,15,2.5e-05,2.5e-05,fti_dchi2v,0.0,Mchirp,-0.007606423722256034,-0.05355234950399673,7.040411034071782,False
M1e6,1000000.0,15,2.5e-05,2.5e-05,fti_dchi2v,0.0,q,-0.0339789347656301,-0.00017272221955532451,0.005083214666577308,False
M1e6,1000000.0,15,2.5e-05,2.5e-05,fti_dchi2v,0.0,chiPN,-0.02411368277547578,-9.091708406626394e-06,0.0003770352497078086,False
M1e6,1000000.0,15,2.5e-05,2.5e-05,fti_dchi2v,0.0,chim,-0.00704486567406684,-2.071157944692585e-05,0.0029399537769993463,False
M1e6,1000000.0,15,2.5e-05,2.5e-05,fti_dchi2v,0.0,Deltat,0.027321840230243883,0.002585115291619481,0.09461717328827252,False
M1e6,1000000.0,15,2.5e-05,2.5e-05,fti_dchi2v,0.0,dist,-0.010446471204440517,-0.29754139245898503,28.48247859358556,False
M1e6,1000000.0,15,2.5e-05,2.5e-05,fti_dchi2v,0.0,inc,0.011727387533024283,3.335552182916551e-05,0.002844241459168675,False
M1e6,1000000.0,15,2.5e-05,2.5e-05,fti_dchi2v,0.0,phi,-0.03456500147554248,-0.000547361764178697,0.015835722285908176,False
M1e6,1000000.0,15,2.5e-05,2.5e-05,fti_dchi2v,0.0,lambda,-0.0108435716090263,-3.65979819345126e-05,0.003375085557976863,False
M1e6,1000000.0,15,2.5e-05,2.5e-05,fti_dchi2v,0.0,beta,-0.0018409713799332568,-3.214266279511963e-06,0.0017459621124737386,False
M1e6,1000000.0,15,2.5e-05,2.5e-05,fti_dchi2v,0.0,psi,-0.010624810084241033,-4.215301261649154e-05,0.003967413279133702,False
M1e6,1000000.0,15,2.5e-05,2.5e-05,fti_dchi2v,0.0,fti_dchi2v,-0.00032331953931889854,-1.490252572445327e-07,0.0004609225212879732,True
M1e6,1000000.0,15,2.5e-05,2.5e-05,fti_dchi3v,0.0,Mchirp,-0.012595808445218107,-0.056985526847126794,4.524165883831051,False
M1e6,1000000.0,15,2.5e-05,2.5e-05,fti_dchi3v,0.0,q,-0.03385161330671799,-0.0001750579155821031,0.00517133154027144,False
M1e6,1000000.0,15,2.5e-05,2.5e-05,fti_dchi3v,0.0,chiPN,-0.023213142982591306,-8.843084286941423e-06,0.0003809516140736863,False
M1e6,1000000.0,15,2.5e-05,2.5e-05,fti_dchi3v,0.0,chim,-0.007883830748134972,-2.26850888172476e-05,0.0028774195618816484,False
M1e6,1000000.0,15,2.5e-05,2.5e-05,fti_dchi3v,0.0,Deltat,0.02681527219318163,0.002623728265140842,0.09784455090513615,False
M1e6,1000000.0,15,2.5e-05,2.5e-05,fti_dchi3v,0.0,dist,-0.010636116167086675,-0.3035601800351368,28.540510019484355,False
M1e6,1000000.0,15,2.5e-05,2.5e-05,fti_dchi3v,0.0,inc,0.011775353594904213,3.355007820303642e-05,0.0028491779828637353,False
M1e6,1000000.0,15,2.5e-05,2.5e-05,fti_dchi3v,0.0,phi,-0.034807668118941405,-0.000553586918584426,0.015904165619275677,False
M1e6,1000000.0,15,2.5e-05,2.5e-05,fti_dchi3v,0.0,lambda,-0.010875091025710453,-3.674123356219548e-05,0.003378475957151378,False
M1e6,1000000.0,15,2.5e-05,2.5e-05,fti_dchi3v,0.0,beta,-0.0021825388106873614,-3.7895898125101324e-06,0.0017363218440622607,False
M1e6,1000000.0,15,2.5e-05,2.5e-05,fti_dchi3v,0.0,psi,-0.010812997313680694,-4.3038549784496436e-05,0.003980260841278829,False
M1e6,1000000.0,15,2.5e-05,2.5e-05,fti_dchi3v,0.0,fti_dchi3v,-0.0007603904058140352,-3.3051599511839673e-07,0.00043466618278088765,True
M1e6,1000000.0,15,2.5e-05,2.5e-05,fti_dchi4v,0.0,Mchirp,-0.013785432570972514,-0.05553464522815138,4.028502184624128,False
M1e6,1000000.0,15,2.5e-05,2.5e-05,fti_dchi4v,0.0,q,-0.034123796094279006,-0.00017788334546162197,0.005212882674898085,False
M1e6,1000000.0,15,2.5e-05,2.5e-05,fti_dchi4v,0.0,chiPN,-0.02275299104472758,-8.580311679647771e-06,0.0003771069773982985,False
M1e6,1000000.0,15,2.5e-05,2.5e-05,fti_dchi4v,0.0,chim,-0.008856538186717828,-2.4430005922497445e-05,0.0027584147900062334,False
M1e6,1000000.0,15,2.5e-05,2.5e-05,fti_dchi4v,0.0,Deltat,0.026406773969480945,0.0026871247089872864,0.10175891656030654,False
M1e6,1000000.0,15,2.5e-05,2.5e-05,fti_dchi4v,0.0,dist,-0.010871074636648418,-0.31034894457125706,28.548138518432477,False
M1e6,1000000.0,15,2.5e-05,2.5e-05,fti_dchi4v,0.0,inc,0.011887010316151877,3.3949383255538304e-05,0.0028560068808393675,False
M1e6,1000000.0,15,2.5e-05,2.5e-05,fti_dchi4v,0.0,phi,-0.035276581480426374,-0.0005603880078780745,0.015885553088215546,False
M1e6,1000000.0,15,2.5e-05,2.5e-05,fti_dchi4v,0.0,lambda,-0.010969135423159826,-3.712650409120095e-05,0.0033846335794900867,False
M1e6,1000000.0,15,2.5e-05,2.5e-05,fti_dchi4v,0.0,beta,-0.0024957471784001557,-4.289657546399619e-06,0.0017187868961748803,False
M1e6,1000000.0,15,2.5e-05,2.5e-05,fti_dchi4v,0.0,psi,-0.011060901258136645,-4.407154204388162e-05,0.0039844440353774616,False
M1e6,1000000.0,15,2.5e-05,2.5e-05,fti_dchi4v,0.0,fti_dchi4v,0.0019499895892797021,7.879170993566281e-06,0.004040622081719284,True
M1e6,1000000.0,15,2.5e-05,2.5e-05,fti_dchi5lv,0.0,Mchirp,-0.012484855769473006,-0.05209207680020439,4.172421192688174,False
M1e6,1000000.0,15,2.5e-05,2.5e-05,fti_dchi5lv,0.0,q,-0.03465905814546274,-0.0001803914687676335,0.005204742379626631,False
M1e6,1000000.0,15,2.5e-05,2.5e-05,fti_dchi5lv,0.0,chiPN,-0.022783106842656754,-8.379830061695589e-06,0.0003678089261296907,False
M1e6,1000000.0,15,2.5e-05,2.5e-05,fti_dchi5lv,0.0,chim,-0.009712691324811406,-2.5374552665459043e-05,0.002612515091531723,False
M1e6,1000000.0,15,2.5e-05,2.5e-05,fti_dchi5lv,0.0,Deltat,0.026189774540457032,0.0027628136935435796,0.10549207627868973,False
M1e6,1000000.0,15,2.5e-05,2.5e-05,fti_dchi5lv,0.0,dist,-0.011084762444847816,-0.3159742497872036,28.505279329108948,False
M1e6,1000000.0,15,2.5e-05,2.5e-05,fti_dchi5lv,0.0,inc,0.012036906392110466,3.446479276424912e-05,0.00286326001395499,False
M1e6,1000000.0,15,2.5e-05,2.5e-05,fti_dchi5lv,0.0,phi,-0.03586408838625743,-0.0005658177112907247,0.015776720857835533,False
M1e6,1000000.0,15,2.5e-05,2.5e-05,fti_dchi5lv,0.0,lambda,-0.011106321635715793,-3.767521872566232e-05,0.00339223191632647,False
M1e6,1000000.0,15,2.5e-05,2.5e-05,fti_dchi5lv,0.0,beta,-0.0026758891706401347,-4.544797278627842e-06,0.0016984250799672025,False
M1e6,1000000.0,15,2.5e-05,2.5e-05,fti_dchi5lv,0.0,psi,-0.011295313616611857,-4.495391374400602e-05,0.003979873004844499,False
M1e6,1000000.0,15,2.5e-05,2.5e-05,fti_dchi5lv,0.0,fti_dchi5lv,-0.003058059024541589,-2.238821586936072e-05,0.007321054201272905,True
M1e6,1000000.0,15,2.5e-05,2.5e-05,fti_dchi6v,0.0,Mchirp,-0.011089691300974116,-0.04858172210320183,4.380800221096725,False
M1e6,1000000.0,15,2.5e-05,2.5e-05,fti_dchi6v,0.0,q,-0.03528290275352206,-0.00018208099391073452,0.005160601302639663,False
M1e6,1000000.0,15,2.5e-05,2.5e-05,fti_dchi6v,0.0,chiPN,-0.02321565330496668,-8.272326458673914e-06,0.00035632537882981566,False
M1e6,1000000.0,15,2.5e-05,2.5e-05,fti_dchi6v,0.0,chim,-0.010263154669945651,-2.5416609148305394e-05,0.002476490900281832,False
M1e6,1000000.0,15,2.5e-05,2.5e-05,fti_dchi6v,0.0,Deltat,0.02614260258612128,0.0028345935508866547,0.10842813149718683,False
M1e6,1000000.0,15,2.5e-05,2.5e-05,fti_dchi6v,0.0,dist,-0.011233256730735696,-0.3193841940110093,28.432021244304988,False
M1e6,1000000.0,15,2.5e-05,2.5e-05,fti_dchi6v,0.0,inc,0.012188237549417572,3.497423717280444e-05,0.0028695073451760647,False
M1e6,1000000.0,15,2.5e-05,2.5e-05,fti_dchi6v,0.0,phi,-0.03642786923342059,-0.000568853782835202,0.015615895049752443,False
M1e6,1000000.0,15,2.5e-05,2.5e-05,fti_dchi6v,0.0,lambda,-0.011252072793019971,-3.825236877246397e-05,0.003399584190051913,False
M1e6,1000000.0,15,2.5e-05,2.5e-05,fti_dchi6v,0.0,beta,-0.002694459280245918,-4.52843874619867e-06,0.0016806484252326014,False
M1e6,1000000.0,15,2.5e-05,2.5e-05,fti_dchi6v,0.0,psi,-0.011465804793097504,-4.551495894880304e-05,0.003969626185874311,False
M1e6,1000000.0,15,2.5e-05,2.5e-05,fti_dchi6v,0.0,fti_dchi6v,-0.003970173842212085,-2.4920071813187177e-05,0.006276821319064032,True
M1e6,1000000.0,15,2.5e-05,2.5e-05,fti_dchi6lv,0.0,Mchirp,-0.012973827221854315,-0.05340404204165489,4.116290523099936,False
M1e6,1000000.0,15,2.5e-05,2.5e-05,fti_dchi6lv,0.0,q,-0.03430341627431693,-0.00017888232924142934,0.005214708873627817,False
M1e6,1000000.0,15,2.5e-05,2.5e-05,fti_dchi6lv,0.0,chiPN,-0.02280640664204618,-8.501606938015307e-06,0.0003727727507209153,False
M1e6,1000000.0,15,2.5e-05,2.5e-05,fti_dchi6lv,0.0,chim,-0.009203431622106512,-2.4879322572265614e-05,0.0027032658679731845,False
M1e6,1000000.0,15,2.5e-05,2.5e-05,fti_dchi6lv,0.0,Deltat,0.026369385437671904,0.0027130545099363626,0.10288652787715072,False
M1e6,1000000.0,15,2.5e-05,2.5e-05,fti_dchi6lv,0.0,dist,-0.01095566461183071,-0.31261964093082556,28.534977293229343,False
M1e6,1000000.0,15,2.5e-05,2.5e-05,fti_dchi6lv,0.0,inc,0.011939609523546509,3.41307777922232e-05,0.0028586175892027907,False
M1e6,1000000.0,15,2.5e-05,2.5e-05,fti_dchi6lv,0.0,phi,-0.035485091026699965,-0.0005626501217803739,0.015855958248973363,False
M1e6,1000000.0,15,2.5e-05,2.5e-05,fti_dchi6lv,0.0,lambda,-0.011016263858301047,-3.731532547144921e-05,0.0033872940909391094,False
M1e6,1000000.0,15,2.5e-05,2.5e-05,fti_dchi6lv,0.0,beta,-0.0025810984683461466,-4.416794829276479e-06,0.001711207411667082,False
M1e6,1000000.0,15,2.5e-05,2.5e-05,fti_dchi6lv,0.0,psi,-0.011152718939138467,-4.442612277549873e-05,0.00398343426548599,False
M1e6,1000000.0,15,2.5e-05,2.5e-05,fti_dchi6lv,0.0,fti_dchi6lv,-0.002377428819043393,-2.4023972131899146e-05,0.010105022678056743,True
M1e6,1000000.0,15,2.5e-05,2.5e-05,fti_dchi7v,0.0,Mchirp,-0.010159294396380303,-0.04589150840057249,4.517194463517404,False
M1e6,1000000.0,15,2.5e-05,2.5e-05,fti_dchi7v,0.0,q,-0.03586540130205382,-0.000182911221980991,0.005099935183787186,False
M1e6,1000000.0,15,2.5e-05,2.5e-05,fti_dchi7v,0.0,chiPN,-0.02387535117054403,-8.244240093762435e-06,0.000345303406633603,False
M1e6,1000000.0,15,2.5e-05,2.5e-05,fti_dchi7v,0.0,chim,-0.0104567633077599,-2.4812274370322014e-05,0.0023728446021063685,False
M1e6,1000000.0,15,2.5e-05,2.5e-05,fti_dchi7v,0.0,Deltat,0.026195911191846725,0.0028926925144398038,0.11042534436977829,False
M1e6,1000000.0,15,2.5e-05,2.5e-05,fti_dchi7v,0.0,dist,-0.01131058807288122,-0.32067015842498453,28.351325002617493,False
M1e6,1000000.0,15,2.5e-05,2.5e-05,fti_dchi7v,0.0,inc,0.012316142155811456,3.539807725272053e-05,0.0028741205488617802,False
M1e6,1000000.0,15,2.5e-05,2.5e-05,fti_dchi7v,0.0,phi,-0.03687917866043078,-0.0005696501317804326,0.015446388788252332,False
M1e6,1000000.0,15,2.5e-05,2.5e-05,fti_dchi7v,0.0,lambda,-0.0113803003064522,-3.8757255124823064e-05,0.0034056443223074847,False
M1e6,1000000.0,15,2.5e-05,2.5e-05,fti_dchi7v,0.0,beta,-0.0025906581282857622,-4.321412167098128e-06,0.001668075042366785,False
M1e6,1000000.0,15,2.5e-05,2.5e-05,fti_dchi7v,0.0,psi,-0.011562239544514128,-4.575713626378424e-05,0.003957463092476265,False
M1e6,1000000.0,15,2.5e-05,2.5e-05,fti_dchi7v,0.0,fti_dchi7v,0.004660343683261645,1.2583870340862393e-05,0.0027002022159995057,True
M1e6,1000000.0,15,2.5e-05,2.5e-05,fti_dkappa_S,0.0,Mchirp,-0.012834321497755697,-0.05284262607279899,4.1172901958268255,False
M1e6,1000000.0,15,2.5e-05,2.5e-05,fti_dkappa_S,0.0,q,-0.034640828188304676,-0.00018031304652872,0.0052052175412364045,False
M1e6,1000000.0,15,2.5e-05,2.5e-05,fti_dkappa_S,0.0,chiPN,-0.022744244711889277,-8.383154814249952e-06,0.0003685835656643177,False
M1e6,1000000.0,15,2.5e-05,2.5e-05,fti_dkappa_S,0.0,chim,-0.009686702141540184,-2.5360353992914965e-05,0.0026180586150326983,False
M1e6,1000000.0,15,2.5e-05,2.5e-05,fti_dkappa_S,0.0,Deltat,0.026169666983961736,0.002760902755461709,0.1055001103817541,False
M1e6,1000000.0,15,2.5e-05,2.5e-05,fti_dkappa_S,0.0,dist,-0.01107834770536006,-0.31581861682611934,28.507736462660052,False
M1e6,1000000.0,15,2.5e-05,2.5e-05,fti_dkappa_S,0.0,inc,0.012031539841658834,3.4446682401636414e-05,0.0028630319023975506,False
M1e6,1000000.0,15,2.5e-05,2.5e-05,fti_dkappa_S,0.0,phi,-0.03584502045127917,-0.000565658759604651,0.01578067894740076,False
M1e6,1000000.0,15,2.5e-05,2.5e-05,fti_dkappa_S,0.0,lambda,-0.011101242567858313,-3.7655058687152744e-05,0.0033919679222374904,False
M1e6,1000000.0,15,2.5e-05,2.5e-05,fti_dkappa_S,0.0,beta,-0.002672169060200203,-4.540213709828145e-06,0.0016990742754457253,False
M1e6,1000000.0,15,2.5e-05,2.5e-05,fti_dkappa_S,0.0,psi,-0.011288037024208731,-4.492755003906042e-05,0.003980103001319643,False
M1e6,1000000.0,15,2.5e-05,2.5e-05,fti_dkappa_S,0.0,fti_dkappa_S,-0.003022483358835718,-1.9848730724607712e-05,0.006567027297795804,True
M1e6,1000000.0,15,2.5e-05,2.5e-05,fti_dxi0v,0.0,Mchirp,-0.0014475802634403032,-0.13206725758030258,91.23311564529969,False
M1e6,1000000.0,15,2.5e-05,2.5e-05,fti_dxi0v,0.0,q,-0.03712004493097118,-0.00017339020032473043,0.004671066553048862,False
M1e6,1000000.0,15,2.5e-05,2.5e-05,fti_dxi0v,0.0,chiPN,-0.029807511417506014,-9.021625259396227e-06,0.00030266281317593683,False
M1e6,1000000.0,15,2.5e-05,2.5e-05,fti_dxi0v,0.0,chim,-0.008516538824907351,-2.2480948168249524e-05,0.0026396812872504093,False
M1e6,1000000.0,15,2.5e-05,2.5e-05,fti_dxi0v,0.0,Deltat,0.027409467716011347,0.0026218606228201585,0.09565529144838476,False
M1e6,1000000.0,15,2.5e-05,2.5e-05,fti_dxi0v,0.0,dist,-0.010725159034076755,-0.3020523763613568,28.16297412482687,False
M1e6,1000000.0,15,2.5e-05,2.5e-05,fti_dxi0v,0.0,inc,0.01162126160804562,3.31714132449667e-05,0.0028543728180081157,False
M1e6,1000000.0,15,2.5e-05,2.5e-05,fti_dxi0v,0.0,phi,-0.034973970685349694,-0.0005539162429516617,0.01583795697477646,False
M1e6,1000000.0,15,2.5e-05,2.5e-05,fti_dxi0v,0.0,lambda,-0.010699128710072519,-3.631426739202918e-05,0.0033941331463600123,False
M1e6,1000000.0,15,2.5e-05,2.5e-05,fti_dxi0v,0.0,beta,-0.002195207266178597,-3.749890683828708e-06,0.001708217142683066,False
M1e6,1000000.0,15,2.5e-05,2.5e-05,fti_dxi0v,0.0,psi,-0.010924852725805411,-4.255587679362444e-05,0.003895327274582285,False
M1e6,1000000.0,15,2.5e-05,2.5e-05,fti_dxi0v,0.0,fti_dxi0v,-0.012180364331724019,-2.696774152647296e-07,2.2140340626950628e-05,True
M1e6,1000000.0,16,5e-05,5e-05,fti_dchiMinus2v,0.0,Mchirp,-0.01360785009570334,-0.2020117329654622,14.84523503306721,False
M1e6,1000000.0,16,5e-05,5e-05,fti_dchiMinus2v,0.0,q,-0.06980392371797861,-0.00033848346239193956,0.004849060688328616,False
M1e6,1000000.0,16,5e-05,5e-05,fti_dchiMinus2v,0.0,chiPN,-0.05342537220434894,-1.9291186770258312e-05,0.00036108661436125603,False
M1e6,1000000.0,16,5e-05,5e-05,fti_dchiMinus2v,0.0,chim,-0.012234903379852457,-3.310882993238041e-05,0.002706096558711008,False
M1e6,1000000.0,16,5e-05,5e-05,fti_dchiMinus2v,0.0,Deltat,0.05430131184382495,0.004890715425662148,0.0900662481180611,False
M1e6,1000000.0,16,5e-05,5e-05,fti_dchiMinus2v,0.0,dist,-0.020593340417222276,-0.5797057587737948,28.150156653992134,False
M1e6,1000000.0,16,5e-05,5e-05,fti_dchiMinus2v,0.0,inc,0.023507624939409815,6.68031405272235e-05,0.002841764776297331,False
M1e6,1000000.0,16,5e-05,5e-05,fti_dchiMinus2v,0.0,phi,-0.07143275534067343,-0.0010759807478137864,0.015062848166534725,False
M1e6,1000000.0,16,5e-05,5e-05,fti_dchiMinus2v,0.0,lambda,-0.02181151074147376,-7.36152947071547e-05,0.003375066293192521,False
M1e6,1000000.0,16,5e-05,5e-05,fti_dchiMinus2v,0.0,beta,-0.0024207417203346323,-4.143742071213618e-06,0.0017117654627941082,False
M1e6,1000000.0,16,5e-05,5e-05,fti_dchiMinus2v,0.0,psi,-0.02052288619462775,-8.050718651822492e-05,0.003922800416800011,False
M1e6,1000000.0,16,5e-05,5e-05,fti_dchiMinus2v,0.0,fti_dchiMinus2v,0.0063678757680372825,7.0262112349126275e-09,1.1033838427218969e-06,True
M1e6,1000000.0,16,5e-05,5e-05,fti_dchi0v,0.0,Mchirp,-0.002805249872052793,-0.2525222688905693,90.01774544446606,False
M1e6,1000000.0,16,5e-05,5e-05,fti_dchi0v,0.0,q,-0.07424341700258476,-0.0003467925094648679,0.004671020320263472,False
M1e6,1000000.0,16,5e-05,5e-05,fti_dchi0v,0.0,chiPN,-0.05960822406417976,-1.8040964700165187e-05,0.00030265898679921426,False
M1e6,1000000.0,16,5e-05,5e-05,fti_dchi0v,0.0,chim,-0.01704022151451332,-4.480378990845765e-05,0.0026292962136846543,False
M1e6,1000000.0,16,5e-05,5e-05,fti_dchi0v,0.0,Deltat,0.051522965911773605,0.004919857847308822,0.09548863812951762,False
M1e6,1000000.0,16,5e-05,5e-05,fti_dchi0v,0.0,dist,-0.021474109228051735,-0.6044013485808701,28.145584161942217,False
M1e6,1000000.0,16,5e-05,5e-05,fti_dchi0v,0.0,inc,0.023253697431673298,6.63758317048045e-05,0.0028544205453708013,False
M1e6,1000000.0,16,5e-05,5e-05,fti_dchi0v,0.0,phi,-0.06975089404515976,-0.0011022131348525856,0.015802136301492638,False
M1e6,1000000.0,16,5e-05,5e-05,fti_dchi0v,0.0,lambda,-0.02141021802720083,-7.266761429302868e-05,0.0033940623211172988,False
M1e6,1000000.0,16,5e-05,5e-05,fti_dchi0v,0.0,beta,-0.004420758910720536,-7.536790337946445e-06,0.0017048634612643987,False
M1e6,1000000.0,16,5e-05,5e-05,fti_dchi0v,0.0,psi,-0.02154437323371762,-8.390942420439249e-05,0.00389472570374299,False
M1e6,1000000.0,16,5e-05,5e-05,fti_dchi0v,0.0,fti_dchi0v,0.0015734515996685067,7.223570545597849e-07,0.0004590907370216983,True
M1e6,1000000.0,16,5e-05,5e-05,fti_dchi1v,0.0,Mchirp,-0.005061081346980627,-0.07896454916427742,15.602307837115998,False
M1e6,1000000.0,16,5e-05,5e-05,fti_dchi1v,0.0,q,-0.06925856012103546,-0.0003432505525429911,0.004956074049808867,False
M1e6,1000000.0,16,5e-05,5e-05,fti_dchi1v,0.0,chiPN,-0.050905938351165095,-1.8462115952031143e-05,0.0003626711647013299,False
M1e6,1000000.0,16,5e-05,5e-05,fti_dchi1v,0.0,chim,-0.013139238780794494,-3.8643010442241977e-05,0.0029410387532286964,False
M1e6,1000000.0,16,5e-05,5e-05,fti_dchi1v,0.0,Deltat,0.05200676175501468,0.0048222733614649215,0.09272396893659583,False
M1e6,1000000.0,16,5e-05,5e-05,fti_dchi1v,0.0,dist,-0.020752435092096108,-0.5892464798838675,28.394088562083553,False
M1e6,1000000.0,16,5e-05,5e-05,fti_dchi1v,0.0,inc,0.023488303751706623,6.675033334390835e-05,0.0028418541436419555,False
M1e6,1000000.0,16,5e-05,5e-05,fti_dchi1v,0.0,phi,-0.0687213948579852,-0.001082145644007566,0.015746852144719298,False
M1e6,1000000.0,16,5e-05,5e-05,fti_dchi1v,0.0,lambda,-0.021732445549437436,-7.334518690062074e-05,0.0033749164001710494,False
M1e6,1000000.0,16,5e-05,5e-05,fti_dchi1v,0.0,beta,-0.0032755211443089923,-5.720667672991933e-06,0.0017464908394596156,False
M1e6,1000000.0,16,5e-05,5e-05,fti_dchi1v,0.0,psi,-0.02083379963738443,-8.224597927915245e-05,0.003947718645213869,False
M1e6,1000000.0,16,5e-05,5e-05,fti_dchi1v,0.0,fti_dchi1v,-0.0021269971693748052,-1.4567256045013233e-06,0.0006848742562875639,True
M1e6,1000000.0,16,5e-05,5e-05,fti_dchi2v,0.0,Mchirp,-0.015229941715888644,-0.10722502061147121,7.040409123799119,False
M1e6,1000000.0,16,5e-05,5e-05,fti_dchi2v,0.0,q,-0.06795982040778924,-0.00034545437425494195,0.005083214937621401,False
M1e6,1000000.0,16,5e-05,5e-05,fti_dchi2v,0.0,chiPN,-0.04823173800735806,-1.818506390133302e-05,0.0003770352189788137,False
M1e6,1000000.0,16,5e-05,5e-05,fti_dchi2v,0.0,chim,-0.014089750519228795,-4.142321881645092e-05,0.002939954029698336,False
M1e6,1000000.0,16,5e-05,5e-05,fti_dchi2v,0.0,Deltat,0.05126421536720676,0.004850473157324214,0.09461713443929966,False
M1e6,1000000.0,16,5e-05,5e-05,fti_dchi2v,0.0,dist,-0.02092669657504677,-0.5960443345286999,28.48248563222491,False
M1e6,1000000.0,16,5e-05,5e-05,fti_dchi2v,0.0,inc,0.02345798772289424,6.672018573397548e-05,0.0028442416511651053,False
M1e6,1000000.0,16,5e-05,5e-05,fti_dchi2v,0.0,phi,-0.06882175817899734,-0.0010898422830916367,0.015835722770364054,False
M1e6,1000000.0,16,5e-05,5e-05,fti_dchi2v,0.0,lambda,-0.02168829556836853,-7.31998564985537e-05,0.003375085712374403,False
M1e6,1000000.0,16,5e-05,5e-05,fti_dchi2v,0.0,beta,-0.00374359946000146,-6.536182430193503e-06,0.0017459620079630406,False
M1e6,1000000.0,16,5e-05,5e-05,fti_dchi2v,0.0,psi,-0.020958241539414415,-8.314999495498046e-05,0.003967412762115906,False
M1e6,1000000.0,16,5e-05,5e-05,fti_dchi2v,0.0,fti_dchi2v,-0.0006581900545012849,-3.0337449105664134e-07,0.0004609223262823536,True
M1e6,1000000.0,16,5e-05,5e-05,fti_dchi3v,0.0,Mchirp,-0.025229025055023422,-0.11414029044477098,4.524165725621022,False
M1e6,1000000.0,16,5e-05,5e-05,fti_dchi3v,0.0,q,-0.06770591763809955,-0.00035012976780101913,0.005171331842403,False
M1e6,1000000.0,16,5e-05,5e-05,fti_dchi3v,0.0,chiPN,-0.04642904064237429,-1.768721574503157e-05,0.0003809515660956608,False
M1e6,1000000.0,16,5e-05,5e-05,fti_dchi3v,0.0,chim,-0.01576989523444484,-4.537660574358941e-05,0.002877419606724917,False
M1e6,1000000.0,16,5e-05,5e-05,fti_dchi3v,0.0,Deltat,0.050362604865875474,0.004927704777822609,0.09784451759288382,False
M1e6,1000000.0,16,5e-05,5e-05,fti_dchi3v,0.0,dist,-0.021306372283191648,-0.6080948779203088,28.54051688564683,False
M1e6,1000000.0,16,5e-05,5e-05,fti_dchi3v,0.0,inc,0.02355377269529736,6.710889424336586e-05,0.0028491781385308404,False
M1e6,1000000.0,16,5e-05,5e-05,fti_dchi3v,0.0,phi,-0.06930934222360326,-0.0011023073109900274,0.01590416638833195,False
M1e6,1000000.0,16,5e-05,5e-05,fti_dchi3v,0.0,lambda,-0.021751122267211282,-7.348564607382257e-05,0.003378476069926675,False
M1e6,1000000.0,16,5e-05,5e-05,fti_dchi3v,0.0,beta,-0.004428160611379704,-7.68871171085137e-06,0.0017363217790909713,False
M1e6,1000000.0,16,5e-05,5e-05,fti_dchi3v,0.0,psi,-0.021335984672266266,-8.492277227084208e-05,0.003980260277428375,False
M1e6,1000000.0,16,5e-05,5e-05,fti_dchi3v,0.0,fti_dchi3v,-0.0015121480897279346,-6.572794617277228e-07,0.0004346660662356029,True
M1e6,1000000.0,16,5e-05,5e-05,fti_dchi4v,0.0,Mchirp,-0.027617208868246437,-0.11125598235318507,4.028502043199027,False
M1e6,1000000.0,16,5e-05,5e-05,fti_dchi4v,0.0,q,-0.06825147366384857,-0.00035578692710879053,0.005212882711677531,False
M1e6,1000000.0,16,5e-05,5e-05,fti_dchi4v,0.0,chiPN,-0.0455067801648453,-1.716092262409838e-05,0.0003771069401512054,False
M1e6,1000000.0,16,5e-05,5e-05,fti_dchi4v,0.0,chim,-0.01771780455686603,-4.887305569368349e-05,0.0027584148779169217,False
M1e6,1000000.0,16,5e-05,5e-05,fti_dchi4v,0.0,Deltat,0.04967198331459335,0.005054565162628873,0.10175887543318347,False
M1e6,1000000.0,16,5e-05,5e-05,fti_dchi4v,0.0,dist,-0.02177688048273716,-0.621689542920846,28.548145057491958,False
M1e6,1000000.0,16,5e-05,5e-05,fti_dchi4v,0.0,inc,0.0237771450651044,6.790769236012976e-05,0.002856006983773331,False
M1e6,1000000.0,16,5e-05,5e-05,fti_dchi4v,0.0,phi,-0.07024795410717147,-0.0011159276216674758,0.015885553335332696,False
M1e6,1000000.0,16,5e-05,5e-05,fti_dchi4v,0.0,lambda,-0.02193919548461523,-7.425613893969731e-05,0.003384633633980294,False
M1e6,1000000.0,16,5e-05,5e-05,fti_dchi4v,0.0,beta,-0.005056354506907685,-8.690795682742052e-06,0.0017187868593606746,False
M1e6,1000000.0,16,5e-05,5e-05,fti_dchi4v,0.0,psi,-0.02183271491297178,-8.699121707475083e-05,0.0039844434107947566,False
M1e6,1000000.0,16,5e-05,5e-05,fti_dchi4v,0.0,fti_dchi4v,0.003894426033178957,1.5735899354336186e-05,0.004040620933681266,True
M1e6,1000000.0,16,5e-05,5e-05,fti_dchi5lv,0.0,Mchirp,-0.025015250007081966,-0.10437415017685253,4.17242082918634,False
M1e6,1000000.0,16,5e-05,5e-05,fti_dchi5lv,0.0,q,-0.0693232671563125,-0.0003608097465275305,0.005204742380562708,False
M1e6,1000000.0,16,5e-05,5e-05,fti_dchi5lv,0.0,chiPN,-0.04556518926687346,-1.6759281349064536e-05,0.0003678088825859168,False
M1e6,1000000.0,16,5e-05,5e-05,fti_dchi5lv,0.0,chim,-0.019432374983376844,-5.076737501168106e-05,0.002612515199768907,False
M1e6,1000000.0,16,5e-05,5e-05,fti_dchi5lv,0.0,Deltat,0.04935023130566239,0.005206056328894522,0.10549203501498453,False
M1e6,1000000.0,16,5e-05,5e-05,fti_dchi5lv,0.0,dist,-0.02220489047611437,-0.6329567508249716,28.5052858741113,False
M1e6,1000000.0,16,5e-05,5e-05,fti_dchi5lv,0.0,inc,0.024077146775155277,6.893913312127088e-05,0.00286326007666356,False
M1e6,1000000.0,16,5e-05,5e-05,fti_dchi5lv,0.0,phi,-0.07142194247060567,-0.0011268040736814795,0.015776721196643813,False
M1e6,1000000.0,16,5e-05,5e-05,fti_dchi5lv,0.0,lambda,-0.02221371372655471,-7.535406883413839e-05,0.0033922319231141735,False
M1e6,1000000.0,16,5e-05,5e-05,fti_dchi5lv,0.0,beta,-0.005418313322838124,-9.202599152491507e-06,0.0016984250640697841,False
M1e6,1000000.0,16,5e-05,5e-05,fti_dchi5lv,0.0,psi,-0.022301827785303333,-8.875842832194622e-05,0.003979872375323295,False
M1e6,1000000.0,16,5e-05,5e-05,fti_dchi5lv,0.0,fti_dchi5lv,-0.006113385570094038,-4.4756412895452654e-05,0.007321051875804424,True
M1e6,1000000.0,16,5e-05,5e-05,fti_dchi6v,0.0,Mchirp,-0.022222243343745174,-0.09735119825418556,4.380799757626032,False
M1e6,1000000.0,16,5e-05,5e-05,fti_dchi6v,0.0,q,-0.07057203552868732,-0.0003641941361180236,0.005160601269180904,False
M1e6,1000000.0,16,5e-05,5e-05,fti_dchi6v,0.0,chiPN,-0.04642886617274468,-1.6543782377934297e-05,0.00035632535837470134,False
M1e6,1000000.0,16,5e-05,5e-05,fti_dchi6v,0.0,chim,-0.020534969729181,-5.0854671215695016e-05,0.0024764911702513264,False
M1e6,1000000.0,16,5e-05,5e-05,fti_dchi6v,0.0,Deltat,0.049339067199316446,0.005349740694434075,0.10842808747929047,False
M1e6,1000000.0,16,5e-05,5e-05,fti_dchi6v,0.0,dist,-0.022502418831448344,-0.6397894049096495,28.432028116706693,False
M1e6,1000000.0,16,5e-05,5e-05,fti_dchi6v,0.0,inc,0.024380075898366577,6.995880779188703e-05,0.0028695073831404337,False
M1e6,1000000.0,16,5e-05,5e-05,fti_dchi6v,0.0,phi,-0.07254716714012392,-0.0011328889717389457,0.0156158953739818,False
M1e6,1000000.0,16,5e-05,5e-05,fti_dchi6v,0.0,lambda,-0.022505439815244024,-7.650913683072684e-05,0.0033995841653760303,False
M1e6,1000000.0,16,5e-05,5e-05,fti_dchi6v,0.0,beta,-0.0054566977814891685,-9.17079059974345e-06,0.0016806484373852717,False
M1e6,1000000.0,16,5e-05,5e-05,fti_dchi6v,0.0,psi,-0.02264255436247183,-8.988246345915805e-05,0.003969625600551978,False
M1e6,1000000.0,16,5e-05,5e-05,fti_dchi6v,0.0,fti_dchi6v,-0.007939924398523358,-4.9837475300466524e-05,0.0062768198787554125,True
M1e6,1000000.0,16,5e-05,5e-05,fti_dchi6lv,0.0,Mchirp,-0.02599390595755368,-0.10699846112681359,4.116290229776739,False
M1e6,1000000.0,16,5e-05,5e-05,fti_dchi6lv,0.0,q,-0.06861141698316923,-0.00035778856782157963,0.005214708915126285,False
M1e6,1000000.0,16,5e-05,5e-05,fti_dchi6lv,0.0,chiPN,-0.04561258004961083,-1.7003125275349372e-05,0.00037277271438835094,False
M1e6,1000000.0,16,5e-05,5e-05,fti_dchi6lv,0.0,chim,-0.018412770382804915,-4.9774615599875385e-05,0.0027032659705765014,False
M1e6,1000000.0,16,5e-05,5e-05,fti_dchi6lv,0.0,Deltat,0.049632281073152096,0.005106491071627459,0.10288648760876205,False
M1e6,1000000.0,16,5e-05,5e-05,fti_dchi6lv,0.0,dist,-0.021946402869488735,-0.6262402549822819,28.534984011111924,False
M1e6,1000000.0,16,5e-05,5e-05,fti_dchi6lv,0.0,inc,0.023882464606225097,6.827083574746644e-05,0.0028586176876263963,False
M1e6,1000000.0,16,5e-05,5e-05,fti_dchi6lv,0.0,phi,-0.07066500186687455,-0.0011204613408166055,0.015855958553959104,False
M1e6,1000000.0,16,5e-05,5e-05,fti_dchi6lv,0.0,lambda,-0.022033536363254745,-7.46340685368647e-05,0.0033872941368291516,False
M1e6,1000000.0,16,5e-05,5e-05,fti_dchi6lv,0.0,beta,-0.005227840416485196,-8.945919135475714e-06,0.0017112073863743285,False
M1e6,1000000.0,16,5e-05,5e-05,fti_dchi6lv,0.0,psi,-0.02201662391308078,-8.770176085864503e-05,0.003983433663802496,False
M1e6,1000000.0,16,5e-05,5e-05,fti_dchi6lv,0.0,fti_dchi6lv,-0.004750899442575588,-4.800793367922701e-05,0.01010501995664228,True
M1e6,1000000.0,16,5e-05,5e-05,fti_dchi7v,0.0,Mchirp,-0.020359392625549377,-0.0919673257137032,4.5171939755359745,False
M1e6,1000000.0,16,5e-05,5e-05,fti_dchi7v,0.0,q,-0.07173782090052037,-0.00036585823766696396,0.005099935195610466,False
M1e6,1000000.0,16,5e-05,5e-05,fti_dchi7v,0.0,chiPN,-0.0477473121933363,-1.6487308957583336e-05,0.0003453033940596207,False
M1e6,1000000.0,16,5e-05,5e-05,fti_dchi7v,0.0,chim,-0.020923167204881434,-4.9647432418171014e-05,0.0023728449871866495,False
M1e6,1000000.0,16,5e-05,5e-05,fti_dchi7v,0.0,Deltat,0.04949997103381084,0.00546604917778962,0.11042530053312653,False
M1e6,1000000.0,16,5e-05,5e-05,fti_dchi7v,0.0,dist,-0.022657473865086552,-0.6423695665327624,28.351332119270594,False
M1e6,1000000.0,16,5e-05,5e-05,fti_dchi7v,0.0,inc,0.024636136211126675,7.080722576104755e-05,0.002874120566400674,False
M1e6,1000000.0,16,5e-05,5e-05,fti_dchi7v,0.0,phi,-0.07344691182393347,-0.0011344895942810558,0.015446389318595833,False
M1e6,1000000.0,16,5e-05,5e-05,fti_dchi7v,0.0,lambda,-0.022762122355181755,-7.751969164201294e-05,0.0034056442730774497,False
M1e6,1000000.0,16,5e-05,5e-05,fti_dchi7v,0.0,beta,-0.005249837830124279,-8.757123590183827e-06,0.0016680750669924068,False
M1e6,1000000.0,16,5e-05,5e-05,fti_dchi7v,0.0,psi,-0.02283486022359981,-9.03681040284856e-05,0.003957462543829816,False
M1e6,1000000.0,16,5e-05,5e-05,fti_dchi7v,0.0,fti_dchi7v,0.009322016271169159,2.5171324163730357e-05,0.0027002016979502004,True
M1e6,1000000.0,16,5e-05,5e-05,fti_dkappa_S,0.0,Mchirp,-0.025714696097583464,-0.10587485869358797,4.117289906589156,False
M1e6,1000000.0,16,5e-05,5e-05,fti_dkappa_S,0.0,q,-0.06928667485713488,-0.00036065221317052994,0.005205217509920543,False
M1e6,1000000.0,16,5e-05,5e-05,fti_dkappa_S,0.0,chiPN,-0.0454876456926075,-1.676599723244813e-05,0.0003685835346535177,False
M1e6,1000000.0,16,5e-05,5e-05,fti_dkappa_S,0.0,chim,-0.019380218057728608,-5.07385497051064e-05,0.0026180587624953194,False
M1e6,1000000.0,16,5e-05,5e-05,fti_dkappa_S,0.0,Deltat,0.04931009138208922,0.005202217964751102,0.10550006740893388,False
M1e6,1000000.0,16,5e-05,5e-05,fti_dkappa_S,0.0,dist,-0.022191999466461942,-0.6326438203152907,28.507743129292383,False
M1e6,1000000.0,16,5e-05,5e-05,fti_dkappa_S,0.0,inc,0.024066379488077834,6.890281392638189e-05,0.0028630319720718868,False
M1e6,1000000.0,16,5e-05,5e-05,fti_dkappa_S,0.0,phi,-0.07138377874239424,-0.0011264845093818428,0.01578067915747409,False
M1e6,1000000.0,16,5e-05,5e-05,fti_dkappa_S,0.0,lambda,-0.02220352764070826,-7.531365381562233e-05,0.0033919679356509643,False
M1e6,1000000.0,16,5e-05,5e-05,fti_dkappa_S,0.0,beta,-0.005410776376756873,-9.19331089032144e-06,0.001699074264058156,False
M1e6,1000000.0,16,5e-05,5e-05,fti_dkappa_S,0.0,psi,-0.022287227952992775,-8.87054492053444e-05,0.003980102388347172,False
M1e6,1000000.0,16,5e-05,5e-05,fti_dkappa_S,0.0,fti_dkappa_S,-0.006041935731528636,-3.967754628158844e-05,0.006567025543575229,True
M1e6,1000000.0,16,5e-05,5e-05,fti_dxi0v,0.0,Mchirp,-0.0028930994234066566,-0.2639464332995338,91.23310148419786,False
M1e6,1000000.0,16,5e-05,5e-05,fti_dxi0v,0.0,q,-0.07424714601073477,-0.0003468134403933821,0.00467106763057585,False
M1e6,1000000.0,16,5e-05,5e-05,fti_dxi0v,0.0,chiPN,-0.05961186435822625,-1.8042293264876367e-05,0.00030266279136070313,False
M1e6,1000000.0,16,5e-05,5e-05,fti_dxi0v,0.0,chim,-0.017039213501950423,-4.497810123808119e-05,0.0026396817689345047,False
M1e6,1000000.0,16,5e-05,5e-05,fti_dxi0v,0.0,Deltat,0.05147827866730635,0.0049241682356289,0.09565526204659634,False
M1e6,1000000.0,16,5e-05,5e-05,fti_dxi0v,0.0,dist,-0.02148617976808952,-0.605114899345665,28.162982246120794,False
M1e6,1000000.0,16,5e-05,5e-05,fti_dxi0v,0.0,inc,0.023246594201294424,6.635445285855003e-05,0.002854373087256595,False
M1e6,1000000.0,16,5e-05,5e-05,fti_dxi0v,0.0,phi,-0.06964237198182609,-0.0011029930063923689,0.01583795863070555,False
M1e6,1000000.0,16,5e-05,5e-05,fti_dxi0v,0.0,lambda,-0.02140005215101503,-7.263463163954402e-05,0.003394133394020672,False
M1e6,1000000.0,16,5e-05,5e-05,fti_dxi0v,0.0,beta,-0.004456168569963633,-7.612103226139843e-06,0.001708217071824544,False
M1e6,1000000.0,16,5e-05,5e-05,fti_dxi0v,0.0,psi,-0.021555045530336724,-8.396395135076303e-05,0.003895327023670238,False
M1e6,1000000.0,16,5e-05,5e-05,fti_dxi0v,0.0,fti_dxi0v,-0.024404722032742056,-5.403288135700764e-07,2.214033877727254e-05,True
M1e6,1000000.0,17,7.5e-05,7.5e-05,fti_dchiMinus2v,0.0,Mchirp,-0.020394093786423307,-0.30275495269286634,14.845227047764947,False
M1e6,1000000.0,17,7.5e-05,7.5e-05,fti_dchiMinus2v,0.0,q,-0.10471223316492102,-0.0005077559534891722,0.004849060497921577,False
M1e6,1000000.0,17,7.5e-05,7.5e-05,fti_dchiMinus2v,0.0,chiPN,-0.08013484982686078,-2.8935603757292608e-05,0.00036108639149896486,False
M1e6,1000000.0,17,7.5e-05,7.5e-05,fti_dchiMinus2v,0.0,chim,-0.018359662139716487,-4.968299906325395e-05,0.0027060954981179826,False
M1e6,1000000.0,17,7.5e-05,7.5e-05,fti_dchiMinus2v,0.0,Deltat,0.08165052570699327,0.007353953745404278,0.09006621429229109,False
M1e6,1000000.0,17,7.5e-05,7.5e-05,fti_dchiMinus2v,0.0,dist,-0.03087666046239802,-0.8691752594548392,28.149911500737964,False
M1e6,1000000.0,17,7.5e-05,7.5e-05,fti_dchiMinus2v,0.0,inc,0.035263769836443186,0.00010021133194003821,0.002841764576074202,False
M1e6,1000000.0,17,7.5e-05,7.5e-05,fti_dchiMinus2v,0.0,phi,-0.10718436788830402,-0.001614501763584104,0.015062847273275556,False
M1e6,1000000.0,17,7.5e-05,7.5e-05,fti_dchiMinus2v,0.0,lambda,-0.03272056107219362,-0.00011043414366483272,0.003375068765513351,False
M1e6,1000000.0,17,7.5e-05,7.5e-05,fti_dchiMinus2v,0.0,beta,-0.003600791432621402,-6.1637025999017154e-06,0.0017117632929421007,False
M1e6,1000000.0,17,7.5e-05,7.5e-05,fti_dchiMinus2v,0.0,psi,-0.031424380179671245,-0.00012327193096567274,0.003922811850571316,False
M1e6,1000000.0,17,7.5e-05,7.5e-05,fti_dchiMinus2v,0.0,fti_dchiMinus2v,0.009540074232642184,1.0526359537318225e-08,1.1033833993976044e-06,True
M1e6,1000000.0,17,7.5e-05,7.5e-05,fti_dchi0v,0.0,Mchirp,-0.004211306187559484,-0.37909113583117104,90.01747176470684,False
M1e6,1000000.0,17,7.5e-05,7.5e-05,fti_dchi0v,0.0,q,-0.11136844800259704,-0.0005202043027796519,0.004671020491975618,False
M1e6,1000000.0,17,7.5e-05,7.5e-05,fti_dchi0v,0.0,chiPN,-0.08941617159300998,-2.706259573775622e-05,0.0003026588508053706,False
M1e6,1000000.0,17,7.5e-05,7.5e-05,fti_dchi0v,0.0,chim,-0.025563454132466214,-6.721388813237385e-05,0.0026292960170437437,False
M1e6,1000000.0,17,7.5e-05,7.5e-05,fti_dchi0v,0.0,Deltat,0.07747362188557377,0.007397849235699549,0.09548861994119691,False
M1e6,1000000.0,17,7.5e-05,7.5e-05,fti_dchi0v,0.0,dist,-0.0321970057770303,-0.9061957075803921,28.14534102506147,False
M1e6,1000000.0,17,7.5e-05,7.5e-05,fti_dchi0v,0.0,inc,0.034882443502570665,9.956916029961352e-05,0.0028544204563042083,False
M1e6,1000000.0,17,7.5e-05,7.5e-05,fti_dchi0v,0.0,phi,-0.1046594069649831,-0.0016538427059468606,0.015802141001049267,False
M1e6,1000000.0,17,7.5e-05,7.5e-05,fti_dchi0v,0.0,lambda,-0.032118349867482625,-0.00010901174724215837,0.0033940643803909874,False
M1e6,1000000.0,17,7.5e-05,7.5e-05,fti_dchi0v,0.0,beta,-0.006598777169401324,-1.125000537968349e-05,0.0017048621420117072,False
M1e6,1000000.0,17,7.5e-05,7.5e-05,fti_dchi0v,0.0,psi,-0.032959926479161086,-0.00012837024079367687,0.0038947368670509313,False
M1e6,1000000.0,17,7.5e-05,7.5e-05,fti_dchi0v,0.0,fti_dchi0v,0.0023646611647512986,1.0855908482178256e-06,0.0004590893885348693,True
M1e6,1000000.0,17,7.5e-05,7.5e-05,fti_dchi1v,0.0,Mchirp,-0.007593384599020376,-0.11847426008103978,15.602299414193267,False
M1e6,1000000.0,17,7.5e-05,7.5e-05,fti_dchi1v,0.0,q,-0.10389368824174677,-0.0005149047359418935,0.004956073315481676,False
M1e6,1000000.0,17,7.5e-05,7.5e-05,fti_dchi1v,0.0,chiPN,-0.07635762521493161,-2.769269003970889e-05,0.000362670918087872,False
M1e6,1000000.0,17,7.5e-05,7.5e-05,fti_dchi1v,0.0,chim,-0.01971481042190932,-5.798198487273797e-05,0.0029410368972304117,False
M1e6,1000000.0,17,7.5e-05,7.5e-05,fti_dchi1v,0.0,Deltat,0.07820538040204043,0.0072515102385428045,0.09272393026239416,False
M1e6,1000000.0,17,7.5e-05,7.5e-05,fti_dchi1v,0.0,dist,-0.031115513865737878,-0.8834890079183638,28.393842754150917,False
M1e6,1000000.0,17,7.5e-05,7.5e-05,fti_dchi1v,0.0,inc,0.03523485362811705,0.00010013230728015553,0.0028418539306844454,False
M1e6,1000000.0,17,7.5e-05,7.5e-05,fti_dchi1v,0.0,phi,-0.1031165144994322,-0.0016237601639893975,0.01574684881342007,False
M1e6,1000000.0,17,7.5e-05,7.5e-05,fti_dchi1v,0.0,lambda,-0.032602057935642414,-0.0001100293004026501,0.0033749188661602817,False
M1e6,1000000.0,17,7.5e-05,7.5e-05,fti_dchi1v,0.0,beta,-0.004883229543579362,-8.528503469815979e-06,0.0017464883421320111,False
M1e6,1000000.0,17,7.5e-05,7.5e-05,fti_dchi1v,0.0,psi,-0.031886606130741506,-0.00012587972026050436,0.0039477302709599186,False
M1e6,1000000.0,17,7.5e-05,7.5e-05,fti_dchi1v,0.0,fti_dchi1v,-0.003182385865035778,-2.1795327014214336e-06,0.0006848738003042036,True
M1e6,1000000.0,17,7.5e-05,7.5e-05,fti_dchi2v,0.0,Mchirp,-0.02283696887772503,-0.16078153001479378,7.040405882044118,False
M1e6,1000000.0,17,7.5e-05,7.5e-05,fti_dchi2v,0.0,q,-0.1019454536213875,-0.0005182105131580795,0.005083213569117537,False
M1e6,1000000.0,17,7.5e-05,7.5e-05,fti_dchi2v,0.0,chiPN,-0.07234667510263461,-2.727722095242243e-05,0.0003770348936385204,False
M1e6,1000000.0,17,7.5e-05,7.5e-05,fti_dchi2v,0.0,chim,-0.02113968912030675,-6.21496601487376e-05,0.00293995147208843,False
M1e6,1000000.0,17,7.5e-05,7.5e-05,fti_dchi2v,0.0,Deltat,0.07708781794062253,0.007293825349584614,0.09461709443122049,False
M1e6,1000000.0,17,7.5e-05,7.5e-05,fti_dchi2v,0.0,dist,-0.0313768316856487,-0.8936823513009822,28.482236838136192,False
M1e6,1000000.0,17,7.5e-05,7.5e-05,fti_dchi2v,0.0,inc,0.03518959373543112,0.00010008769809082728,0.0028442413641750182,False
M1e6,1000000.0,17,7.5e-05,7.5e-05,fti_dchi2v,0.0,phi,-0.1032665136975334,-0.001635299408858427,0.015835718184969455,False
M1e6,1000000.0,17,7.5e-05,7.5e-05,fti_dchi2v,0.0,lambda,-0.03253607458940295,-0.00010981212747150285,0.0033750883859624795,False
M1e6,1000000.0,17,7.5e-05,7.5e-05,fti_dchi2v,0.0,beta,-0.005584892771582613,-9.750993738518062e-06,0.001745958989245712,False
M1e6,1000000.0,17,7.5e-05,7.5e-05,fti_dchi2v,0.0,psi,-0.03207006792368444,-0.00012723556467683972,0.003967424234323916,False
M1e6,1000000.0,17,7.5e-05,7.5e-05,fti_dchi2v,0.0,fti_dchi2v,-0.0009805604277517896,-4.51961727703686e-07,0.0004609218513334617,True
M1e6,1000000.0,17,7.5e-05,7.5e-05,fti_dchi3v,0.0,Mchirp,-0.03782479638819166,-0.1711256240034837,4.524165107122865,False
M1e6,1000000.0,17,7.5e-05,7.5e-05,fti_dchi3v,0.0,q,-0.10156398785984323,-0.0005252209010831009,0.0051713300368620594,False
M1e6,1000000.0,17,7.5e-05,7.5e-05,fti_dchi3v,0.0,chiPN,-0.06964364678794609,-2.6530836248861192e-05,0.00038095127800592354,False
M1e6,1000000.0,17,7.5e-05,7.5e-05,fti_dchi3v,0.0,chim,-0.023658622362996477,-6.807573307011493e-05,0.0028774174601387406,False
M1e6,1000000.0,17,7.5e-05,7.5e-05,fti_dchi3v,0.0,Deltat,0.0757289989552145,0.007409663078740918,0.09784446091942839,False
M1e6,1000000.0,17,7.5e-05,7.5e-05,fti_dchi3v,0.0,dist,-0.031946075586391516,-0.9117495522248193,28.540267794683647,False
M1e6,1000000.0,17,7.5e-05,7.5e-05,fti_dchi3v,0.0,inc,0.0353333357051037,0.00010067095541908881,0.002849177792306416,False
M1e6,1000000.0,17,7.5e-05,7.5e-05,fti_dchi3v,0.0,phi,-0.10399714754167223,-0.001653987399042746,0.015904161201921275,False
M1e6,1000000.0,17,7.5e-05,7.5e-05,fti_dchi3v,0.0,lambda,-0.03263042977507562,-0.00011024121876253576,0.0033784789082595005,False
M1e6,1000000.0,17,7.5e-05,7.5e-05,fti_dchi3v,0.0,beta,-0.006610880388288072,-1.147859536962315e-05,0.0017363187193582855,False
M1e6,1000000.0,17,7.5e-05,7.5e-05,fti_dchi3v,0.0,psi,-0.03263435740885168,-0.0001298936150796893,0.00398027187887748,False
M1e6,1000000.0,17,7.5e-05,7.5e-05,fti_dchi3v,0.0,fti_dchi3v,-0.0022730870989317413,-9.880328992936118e-07,0.0004346656578878773,True
M1e6,1000000.0,17,7.5e-05,7.5e-05,fti_dchi4v,0.0,Mchirp,-0.041402327987227476,-0.16678932172843902,4.028501049020556,False
M1e6,1000000.0,17,7.5e-05,7.5e-05,fti_dchi4v,0.0,q,-0.10238148687569422,-0.0005337024757047634,0.005212880687626217,False
M1e6,1000000.0,17,7.5e-05,7.5e-05,fti_dchi4v,0.0,chiPN,-0.0682615245774493,-2.5741876564711044e-05,0.00037710667501286753,False
M1e6,1000000.0,17,7.5e-05,7.5e-05,fti_dchi4v,0.0,chim,-0.026579145307183676,-7.331625991565679e-05,0.002758412998925185,False
M1e6,1000000.0,17,7.5e-05,7.5e-05,fti_dchi4v,0.0,Deltat,0.07468545450463122,0.007599903104318219,0.10175881173551606,False
M1e6,1000000.0,17,7.5e-05,7.5e-05,fti_dchi4v,0.0,dist,-0.032651452356970215,-0.932130210480955,28.54789429548821,False
M1e6,1000000.0,17,7.5e-05,7.5e-05,fti_dchi4v,0.0,inc,0.03566832262896852,0.00010186896358006998,0.0028560065646971496,False
M1e6,1000000.0,17,7.5e-05,7.5e-05,fti_dchi4v,0.0,phi,-0.10540436602001156,-0.0016744061110774292,0.015885547955001546,False
M1e6,1000000.0,17,7.5e-05,7.5e-05,fti_dchi4v,0.0,lambda,-0.03291252358282901,-0.00011139693031476949,0.003384636551324403,False
M1e6,1000000.0,17,7.5e-05,7.5e-05,fti_dchi4v,0.0,beta,-0.007552135123192562,-1.298048665975255e-05,0.0017187836880579047,False
M1e6,1000000.0,17,7.5e-05,7.5e-05,fti_dchi4v,0.0,psi,-0.03337838887698919,-0.00013299468256974172,0.003984454823744571,False
M1e6,1000000.0,17,7.5e-05,7.5e-05,fti_dchi4v,0.0,fti_dchi4v,0.005844512348274321,2.3615436825885194e-05,0.00404061714966827,True
M1e6,1000000.0,17,7.5e-05,7.5e-05,fti_dchi5lv,0.0,Mchirp,-0.037499909028274075,-0.15646533777616234,4.172419129288849,False
M1e6,1000000.0,17,7.5e-05,7.5e-05,fti_dchi5lv,0.0,q,-0.10398834114529357,-0.0005412323143780001,0.005204740343167748,False
M1e6,1000000.0,17,7.5e-05,7.5e-05,fti_dchi5lv,0.0,chiPN,-0.06835035757769586,-2.5139853999647242e-05,0.0003678086683170608,False
M1e6,1000000.0,17,7.5e-05,7.5e-05,fti_dchi5lv,0.0,chim,-0.029149881817099398,-7.615446816114206e-05,0.0026125137878421738,False
M1e6,1000000.0,17,7.5e-05,7.5e-05,fti_dchi5lv,0.0,Deltat,0.0741957713135685,0.007827057681041553,0.10549196460216845,False
M1e6,1000000.0,17,7.5e-05,7.5e-05,fti_dchi5lv,0.0,dist,-0.033293062791547264,-0.9490199047506991,28.505034538055316,False
M1e6,1000000.0,17,7.5e-05,7.5e-05,fti_dchi5lv,0.0,inc,0.036118152297674566,0.00010341564714294001,0.0028632596233223793,False
M1e6,1000000.0,17,7.5e-05,7.5e-05,fti_dchi5lv,0.0,phi,-0.10716486314565721,-0.0016907096136179898,0.015776716024169204,False
M1e6,1000000.0,17,7.5e-05,7.5e-05,fti_dchi5lv,0.0,lambda,-0.03332417383102222,-0.00011304342347163792,0.0033922348396347416,False
M1e6,1000000.0,17,7.5e-05,7.5e-05,fti_dchi5lv,0.0,beta,-0.008094115830769022,-1.3747224238170203e-05,0.0016984219803120953,False
M1e6,1000000.0,17,7.5e-05,7.5e-05,fti_dchi5lv,0.0,psi,-0.03408237115577947,-0.00013564387132794438,0.003979883638610712,False
M1e6,1000000.0,17,7.5e-05,7.5e-05,fti_dchi5lv,0.0,fti_dchi5lv,-0.009171069639195914,-6.71418243361569e-05,0.007321046178648759,True
M1e6,1000000.0,17,7.5e-05,7.5e-05,fti_dchi6v,0.0,Mchirp,-0.03331197605683808,-0.14593302918699086,4.3807977328632415,False
M1e6,1000000.0,17,7.5e-05,7.5e-05,fti_dchi6v,0.0,q,-0.10586082263426372,-0.0005463052953593174,0.0051605993772288715,False
M1e6,1000000.0,17,7.5e-05,7.5e-05,fti_dchi6v,0.0,chiPN,-0.06964684814871157,-2.481692540151416e-05,0.0003563251756709002,False
M1e6,1000000.0,17,7.5e-05,7.5e-05,fti_dchi6v,0.0,chim,-0.03080306140600251,-7.628347852579816e-05,0.002476490161816611,False
M1e6,1000000.0,17,7.5e-05,7.5e-05,fti_dchi6v,0.0,Deltat,0.07417357182237914,0.008042493222911624,0.10842801587296755,False
M1e6,1000000.0,17,7.5e-05,7.5e-05,fti_dchi6v,0.0,dist,-0.03373901867655364,-0.9592602270922486,28.431776166592247,False
M1e6,1000000.0,17,7.5e-05,7.5e-05,fti_dchi6v,0.0,inc,0.03657233481050481,0.00010494456647916402,0.0028695068833565532,False
M1e6,1000000.0,17,7.5e-05,7.5e-05,fti_dchi6v,0.0,phi,-0.10885248759867547,-0.0016998285618592488,0.015615890820302509,False
M1e6,1000000.0,17,7.5e-05,7.5e-05,fti_dchi6v,0.0,lambda,-0.03376158022085175,-0.00011477542821456054,0.003399586970270817,False
M1e6,1000000.0,17,7.5e-05,7.5e-05,fti_dchi6v,0.0,beta,-0.00815100384982184,-1.3698948243080787e-05,0.0016806455370991158,False
M1e6,1000000.0,17,7.5e-05,7.5e-05,fti_dchi6v,0.0,psi,-0.03459475820397591,-0.00013732861938627126,0.003969636630398196,False
M1e6,1000000.0,17,7.5e-05,7.5e-05,fti_dchi6v,0.0,fti_dchi6v,-0.011909286814285977,-7.475239416928985e-05,0.006276815340413114,True
M1e6,1000000.0,17,7.5e-05,7.5e-05,fti_dchi6lv,0.0,Mchirp,-0.038967443210020145,-0.16040124418445573,4.116288649474696,False
M1e6,1000000.0,17,7.5e-05,7.5e-05,fti_dchi6lv,0.0,q,-0.10292098101367236,-0.0005367027488129676,0.0052147068899554136,False
M1e6,1000000.0,17,7.5e-05,7.5e-05,fti_dchi6lv,0.0,chiPN,-0.06842084623185148,-2.5505407690598587e-05,0.0003727724676799632,False
M1e6,1000000.0,17,7.5e-05,7.5e-05,fti_dchi6lv,0.0,chim,-0.027621014439120215,-7.466690177179724e-05,0.002703264282214232,False
M1e6,1000000.0,17,7.5e-05,7.5e-05,fti_dchi6lv,0.0,Deltat,0.07462356449662168,0.007677751502925047,0.10288642139672423,False
M1e6,1000000.0,17,7.5e-05,7.5e-05,fti_dchi6lv,0.0,dist,-0.03290553643429469,-0.9389506953349709,28.53473296841261,False
M1e6,1000000.0,17,7.5e-05,7.5e-05,fti_dchi6lv,0.0,inc,0.03582622146468921,0.00010241345470000121,0.0028586172505225328,False
M1e6,1000000.0,17,7.5e-05,7.5e-05,fti_dchi6lv,0.0,phi,-0.10602964351367461,-0.0016812010731104595,0.01585595327304515,False
M1e6,1000000.0,17,7.5e-05,7.5e-05,fti_dchi6lv,0.0,lambda,-0.033053978236051385,-0.00011196364331173346,0.003387297060346482,False
M1e6,1000000.0,17,7.5e-05,7.5e-05,fti_dchi6lv,0.0,beta,-0.007808929515453329,-1.336267327002877e-05,0.0017112042365838964,False
M1e6,1000000.0,17,7.5e-05,7.5e-05,fti_dchi6lv,0.0,psi,-0.03365420656305556,-0.00013405968151809612,0.003983445019478256,False
M1e6,1000000.0,17,7.5e-05,7.5e-05,fti_dchi6lv,0.0,fti_dchi6lv,-0.007128276299138805,-7.203130996564773e-05,0.010105010937125167,True
M1e6,1000000.0,17,7.5e-05,7.5e-05,fti_dchi7v,0.0,Mchirp,-0.030518954835873833,-0.1378599774778555,4.517191962150896,False
M1e6,1000000.0,17,7.5e-05,7.5e-05,fti_dchi7v,0.0,q,-0.1076090427304373,-0.0005487989628339233,0.005099933508456861,False
M1e6,1000000.0,17,7.5e-05,7.5e-05,fti_dchi7v,0.0,chiPN,-0.07162518932938026,-2.4732410028462267e-05,0.00034530324122043424,False
M1e6,1000000.0,17,7.5e-05,7.5e-05,fti_dchi7v,0.0,chim,-0.03138505616538094,-7.447185210833279e-05,0.002372844315329868,False
M1e6,1000000.0,17,7.5e-05,7.5e-05,fti_dchi7v,0.0,Deltat,0.07441119698371439,0.0082168735436185,0.11042523002844375,False
M1e6,1000000.0,17,7.5e-05,7.5e-05,fti_dchi7v,0.0,dist,-0.033971363595185884,-0.9631248568153267,28.35108028904121,False
M1e6,1000000.0,17,7.5e-05,7.5e-05,fti_dchi7v,0.0,inc,0.036956226548522264,0.00010621663194605774,0.0028741200567812012,False
M1e6,1000000.0,17,7.5e-05,7.5e-05,fti_dchi7v,0.0,phi,-0.11020211273778006,-0.0017022243078976314,0.015446385424097826,False
M1e6,1000000.0,17,7.5e-05,7.5e-05,fti_dchi7v,0.0,lambda,-0.03414641806252744,-0.000116290644256305,0.0034056469420411426,False
M1e6,1000000.0,17,7.5e-05,7.5e-05,fti_dchi7v,0.0,beta,-0.007840328993130764,-1.3078236487820489e-05,0.0016680724111550512,False
M1e6,1000000.0,17,7.5e-05,7.5e-05,fti_dchi7v,0.0,psi,-0.03488493577849621,-0.00013805620616831767,0.003957473421906608,False
M1e6,1000000.0,17,7.5e-05,7.5e-05,fti_dchi7v,0.0,fti_dchi7v,0.013981171135380853,3.7751958608755944e-05,0.002700200022101193,True
M1e6,1000000.0,17,7.5e-05,7.5e-05,fti_dkappa_S,0.0,Mchirp,-0.03854879344163378,-0.15871649883332517,4.1172883678872,False
M1e6,1000000.0,17,7.5e-05,7.5e-05,fti_dkappa_S,0.0,q,-0.10393352201353129,-0.0005409963758827526,0.0052052154627485765,False
M1e6,1000000.0,17,7.5e-05,7.5e-05,fti_dkappa_S,0.0,chiPN,-0.06823394596683235,-2.5149893639403158e-05,0.0003685833097154926,False
M1e6,1000000.0,17,7.5e-05,7.5e-05,fti_dkappa_S,0.0,chim,-0.029071728063076858,-7.61114500910679e-05,0.002618057307289373,False
M1e6,1000000.0,17,7.5e-05,7.5e-05,fti_dkappa_S,0.0,Deltat,0.07413563034438693,0.007821308790853278,0.1054999971608855,False
M1e6,1000000.0,17,7.5e-05,7.5e-05,fti_dkappa_S,0.0,dist,-0.03327375796169267,-0.9485513715909464,28.507491479711796,False
M1e6,1000000.0,17,7.5e-05,7.5e-05,fti_dkappa_S,0.0,inc,0.03610201977745426,0.00010336121983610097,0.002863031499989653,False
M1e6,1000000.0,17,7.5e-05,7.5e-05,fti_dkappa_S,0.0,phi,-0.1071076644638549,-0.0016902311357257812,0.01578067399925591,False
M1e6,1000000.0,17,7.5e-05,7.5e-05,fti_dkappa_S,0.0,lambda,-0.033308909785248295,-0.00011298285056078067,0.0033919708357076886,False
M1e6,1000000.0,17,7.5e-05,7.5e-05,fti_dkappa_S,0.0,beta,-0.008082860092486198,-1.3733354521518837e-05,0.00169907116594599,False
M1e6,1000000.0,17,7.5e-05,7.5e-05,fti_dkappa_S,0.0,psi,-0.03406046809823071,-0.00013556453258860187,0.0039801136084692814,False
M1e6,1000000.0,17,7.5e-05,7.5e-05,fti_dkappa_S,0.0,fti_dkappa_S,-0.009064051667284863,-5.95238086178268e-05,0.006567020004163013,True
M1e6,1000000.0,17,7.5e-05,7.5e-05,fti_dxi0v,0.0,Mchirp,-0.004342771719318528,-0.3962042335040832,91.233032521971,False
M1e6,1000000.0,17,7.5e-05,7.5e-05,fti_dxi0v,0.0,q,-0.11137403955415463,-0.0005202356868249752,0.004671067772234438,False
M1e6,1000000.0,17,7.5e-05,7.5e-05,fti_dxi0v,0.0,chiPN,-0.08942162585229013,-2.706458672748187e-05,0.0003026626553646892,False
M1e6,1000000.0,17,7.5e-05,7.5e-05,fti_dxi0v,0.0,chim,-0.025561808649158566,-6.747501143399156e-05,0.00263968064075985,False
M1e6,1000000.0,17,7.5e-05,7.5e-05,fti_dxi0v,0.0,Deltat,0.0774061982323265,0.007404306064132262,0.09565520892666789,False
M1e6,1000000.0,17,7.5e-05,7.5e-05,fti_dxi0v,0.0,dist,-0.03221510449255976,-0.9072655990207297,28.162739600309767,False
M1e6,1000000.0,17,7.5e-05,7.5e-05,fti_dxi0v,0.0,inc,0.03487181725403009,9.953717340156244e-05,0.002854372993425201,False
M1e6,1000000.0,17,7.5e-05,7.5e-05,fti_dxi0v,0.0,phi,-0.10449651341178554,-0.0016550110782203031,0.01583795501098168,False
M1e6,1000000.0,17,7.5e-05,7.5e-05,fti_dxi0v,0.0,lambda,-0.032103133107692694,-0.0001089623810451898,0.003394135415994016,False
M1e6,1000000.0,17,7.5e-05,7.5e-05,fti_dxi0v,0.0,beta,-0.006651910586874034,-1.1362897403205668e-05,0.0017082155953249954,False
M1e6,1000000.0,17,7.5e-05,7.5e-05,fti_dxi0v,0.0,psi,-0.0329758347071589,-0.00012845202756979577,0.0038953381684045563,False
M1e6,1000000.0,17,7.5e-05,7.5e-05,fti_dxi0v,0.0,fti_dxi0v,-0.0365839365056259,-8.099803457444217e-07,2.214032778074231e-05,True
